solid OpenSCAD_Model
  facet normal 0 0 -1
    outer loop
      vertex -1.9906092503876354 -4.390569620907523 0
      vertex -2.3232447687858944 -4.271550729312203 0
      vertex -1.8039809150843682 -3.0179368912558604 0
    endloop
  endfacet
  facet normal 0 0 -1
    outer loop
      vertex -1.9906092503876354 -4.390569620907523 0
      vertex -1.5967214375547782 -3.092095518112607 0
      vertex -1.6479095715296326 -4.476411421723201 0
    endloop
  endfacet
  facet normal 0 0 -1
    outer loop
      vertex -2.6426126648451627 -4.1205009639256485 0
      vertex -2.191782979435939 -2.8106523693152403 0
      vertex -2.3232447687858944 -4.271550729312203 0
    endloop
  endfacet
  facet normal 0 0 -1
    outer loop
      vertex -2.9456372511421387 -3.9388750165607336 0
      vertex -2.5316943317275924 -2.5316943317275924 0
      vertex -2.6426126648451627 -4.1205009639256485 0
    endloop
  endfacet
  facet normal 0 0 -1
    outer loop
      vertex -3.2294002352606945 -3.728422044377424 0
      vertex -2.9238203771633953 -2.0029735650446097 0
      vertex -2.9456372511421387 -3.9388750165607336 0
    endloop
  endfacet
  facet normal 0 0 -1
    outer loop
      vertex -2.9456372511421387 -3.9388750165607336 0
      vertex -2.6795227374909003 -2.3685908203840422 0
      vertex -2.5316943317275924 -2.5316943317275924 0
    endloop
  endfacet
  facet normal 0 0 -1
    outer loop
      vertex -2.6426126648451627 -4.1205009639256485 0
      vertex -2.3685908203840422 -2.6795227374909003 0
      vertex -2.191782979435939 -2.8106523693152403 0
    endloop
  endfacet
  facet normal 0 0 -1
    outer loop
      vertex -2.6426126648451627 -4.1205009639256485 0
      vertex -2.5316943317275924 -2.5316943317275924 0
      vertex -2.3685908203840422 -2.6795227374909003 0
    endloop
  endfacet
  facet normal 0 0 -1
    outer loop
      vertex -2.3232447687858944 -4.271550729312203 0
      vertex -2.0029735650446097 -2.9238203771633953 0
      vertex -1.8039809150843682 -3.0179368912558604 0
    endloop
  endfacet
  facet normal 0 0 -1
    outer loop
      vertex -1.9906092503876354 -4.390569620907523 0
      vertex -1.8039809150843682 -3.0179368912558604 0
      vertex -1.5967214375547782 -3.092095518112607 0
    endloop
  endfacet
  facet normal 0 0 -1
    outer loop
      vertex -2.3232447687858944 -4.271550729312203 0
      vertex -2.191782979435939 -2.8106523693152403 0
      vertex -2.0029735650446097 -2.9238203771633953 0
    endloop
  endfacet
  facet normal 0 0 -1
    outer loop
      vertex -3.2294002352606945 -3.728422044377424 0
      vertex -3.092095518112607 -1.5967214375547782 0
      vertex -3.0179368912558604 -1.8039809150843682 0
    endloop
  endfacet
  facet normal 0 0 -1
    outer loop
      vertex -3.2294002352606945 -3.728422044377424 0
      vertex -3.1455820696177743 -1.3831911545240059 0
      vertex -3.092095518112607 -1.5967214375547782 0
    endloop
  endfacet
  facet normal 0 0 -1
    outer loop
      vertex -3.9388750165607336 -2.9456372511421387 0
      vertex -4.1205009639256485 -2.6426126648451627 0
      vertex -3.9388750165607336 1.054468426598997 0
    endloop
  endfacet
  facet normal 0 0 -1
    outer loop
      vertex -4.1205009639256485 -2.6426126648451627 0
      vertex -4.271550729312203 -2.3232447687858944 0
      vertex -4.1205009639256485 0.7514438403020207 0
    endloop
  endfacet
  facet normal 0 0 -1
    outer loop
      vertex -3.2294002352606945 -3.728422044377424 0
      vertex -3.1778814410416443 -1.1654464793451633 0
      vertex -3.1455820696177743 -1.3831911545240059 0
    endloop
  endfacet
  facet normal 0 0 -1
    outer loop
      vertex -3.2294002352606945 -3.728422044377424 0
      vertex -3.1886825717807734 -0.9455844122715709 0
      vertex -3.1778814410416443 -1.1654464793451633 0
    endloop
  endfacet
  facet normal 0 0 -1
    outer loop
      vertex -3.4911688245431423 -3.4911688245431423 0
      vertex -3.2294002352606945 1.8372532198342824 0
      vertex -3.2294002352606945 -3.728422044377424 0
    endloop
  endfacet
  facet normal 0 0 -1
    outer loop
      vertex -3.9388750165607336 -2.9456372511421387 0
      vertex -3.728422044377424 1.3382314107175528 0
      vertex -3.728422044377424 -3.2294002352606945 0
    endloop
  endfacet
  facet normal 0 0 -1
    outer loop
      vertex -3.4911688245431423 -3.4911688245431423 0
      vertex -3.728422044377424 -3.2294002352606945 0
      vertex -3.4911688245431423 1.6000000000000005 0
    endloop
  endfacet
  facet normal 0 0 -1
    outer loop
      vertex -2.9456372511421387 -3.9388750165607336 0
      vertex -2.8106523693152403 -2.191782979435939 0
      vertex -2.6795227374909003 -2.3685908203840422 0
    endloop
  endfacet
  facet normal 0 0 -1
    outer loop
      vertex -2.9456372511421387 -3.9388750165607336 0
      vertex -2.9238203771633953 -2.0029735650446097 0
      vertex -2.8106523693152403 -2.191782979435939 0
    endloop
  endfacet
  facet normal 0 0 -1
    outer loop
      vertex -3.2294002352606945 -3.728422044377424 0
      vertex -3.0179368912558604 -1.8039809150843682 0
      vertex -2.9238203771633953 -2.0029735650446097 0
    endloop
  endfacet
  facet normal 0 0 -1
    outer loop
      vertex -1.6479095715296326 -4.476411421723201 0
      vertex -1.1654464793451633 -3.1778814410416443 0
      vertex -1.298446117457989 -4.528249428291479 0
    endloop
  endfacet
  facet normal 0 0 -1
    outer loop
      vertex -1.298446117457989 -4.528249428291479 0
      vertex -0.9455844122715709 -3.1886825717807734 0
      vertex -0.9455844122715709 -4.545584412271571 0
    endloop
  endfacet
  facet normal 0 0 -1
    outer loop
      vertex -0.9455844122715709 -4.545584412271571 0
      vertex -0.7257223451979783 -3.1778814410416443 0
      vertex -0.5927227070851526 -4.528249428291479 0
    endloop
  endfacet
  facet normal 0 0 -1
    outer loop
      vertex -0.5927227070851526 -4.528249428291479 0
      vertex -0.507977670019136 -3.145582069617774 0
      vertex -0.24325925301350915 -4.476411421723201 0
    endloop
  endfacet
  facet normal 0 0 -1
    outer loop
      vertex -1.6479095715296326 -4.476411421723201 0
      vertex -1.5967214375547782 -3.092095518112607 0
      vertex -1.3831911545240059 -3.145582069617774 0
    endloop
  endfacet
  facet normal 0 0 -1
    outer loop
      vertex -1.6479095715296326 -4.476411421723201 0
      vertex -1.3831911545240059 -3.145582069617774 0
      vertex -1.1654464793451633 -3.1778814410416443 0
    endloop
  endfacet
  facet normal 0 0 -1
    outer loop
      vertex -1.298446117457989 -4.528249428291479 0
      vertex -1.1654464793451633 -3.1778814410416443 0
      vertex -0.9455844122715709 -3.1886825717807734 0
    endloop
  endfacet
  facet normal 0 0 -1
    outer loop
      vertex -0.9455844122715709 -4.545584412271571 0
      vertex -0.9455844122715709 -3.1886825717807734 0
      vertex -0.7257223451979783 -3.1778814410416443 0
    endloop
  endfacet
  facet normal 0 0 -1
    outer loop
      vertex -0.5927227070851526 -4.528249428291479 0
      vertex -0.7257223451979783 -3.1778814410416443 0
      vertex -0.507977670019136 -3.145582069617774 0
    endloop
  endfacet
  facet normal 0 0 -1
    outer loop
      vertex -0.24325925301350915 -4.476411421723201 0
      vertex -0.507977670019136 -3.145582069617774 0
      vertex -0.29444738698836354 -3.092095518112607 0
    endloop
  endfacet
  facet normal 0 0 -1
    outer loop
      vertex -0.24325925301350915 -4.476411421723201 0
      vertex -0.29444738698836354 -3.092095518112607 0
      vertex -0.08718790945877365 -3.0179368912558604 0
    endloop
  endfacet
  facet normal 0 0 -1
    outer loop
      vertex -0.24325925301350915 -4.476411421723201 0
      vertex -0.08718790945877365 -3.0179368912558604 0
      vertex 0.09944042584449364 -4.390569620907523 0
    endloop
  endfacet
  facet normal 0 0 -1
    outer loop
      vertex 0.09944042584449364 -4.390569620907523 0
      vertex 0.11180474050146828 -2.9238203771633953 0
      vertex 0.4320759442427524 -4.271550729312203 0
    endloop
  endfacet
  facet normal 0 0 -1
    outer loop
      vertex 0.09944042584449364 -4.390569620907523 0
      vertex -0.08718790945877365 -3.0179368912558604 0
      vertex 0.11180474050146828 -2.9238203771633953 0
    endloop
  endfacet
  facet normal 0 0 -1
    outer loop
      vertex 0.4320759442427524 -4.271550729312203 0
      vertex 0.47742199584090084 -2.6795227374909003 0
      vertex 0.7514438403020207 -4.1205009639256485 0
    endloop
  endfacet
  facet normal 0 0 -1
    outer loop
      vertex 0.4320759442427524 -4.271550729312203 0
      vertex 0.11180474050146828 -2.9238203771633953 0
      vertex 0.3006141548927975 -2.8106523693152403 0
    endloop
  endfacet
  facet normal 0 0 -1
    outer loop
      vertex 0.4320759442427524 -4.271550729312203 0
      vertex 0.3006141548927975 -2.8106523693152403 0
      vertex 0.47742199584090084 -2.6795227374909003 0
    endloop
  endfacet
  facet normal 0 0 -1
    outer loop
      vertex 0.7514438403020207 -4.1205009639256485 0
      vertex 0.6405255071844504 -2.5316943317275924 0
      vertex 1.054468426598997 -3.9388750165607336 0
    endloop
  endfacet
  facet normal 0 0 -1
    outer loop
      vertex 1.054468426598997 -3.9388750165607336 0
      vertex 0.7883539129477586 -2.3685908203840422 0
      vertex 1.3382314107175528 -3.728422044377424 0
    endloop
  endfacet
  facet normal 0 0 -1
    outer loop
      vertex 0.7514438403020207 -4.1205009639256485 0
      vertex 0.47742199584090084 -2.6795227374909003 0
      vertex 0.6405255071844504 -2.5316943317275924 0
    endloop
  endfacet
  facet normal 0 0 -1
    outer loop
      vertex 1.054468426598997 -3.9388750165607336 0
      vertex 0.6405255071844504 -2.5316943317275924 0
      vertex 0.7883539129477586 -2.3685908203840422 0
    endloop
  endfacet
  facet normal 0 0 -1
    outer loop
      vertex 1.3382314107175528 -3.728422044377424 0
      vertex 0.9194835447720984 -2.191782979435939 0
      vertex 1.6000000000000005 -3.4911688245431423 0
    endloop
  endfacet
  facet normal 0 0 -1
    outer loop
      vertex 1.3382314107175528 -3.728422044377424 0
      vertex 0.7883539129477586 -2.3685908203840422 0
      vertex 0.9194835447720984 -2.191782979435939 0
    endloop
  endfacet
  facet normal 0 0 -1
    outer loop
      vertex 1.6000000000000005 -3.4911688245431423 0
      vertex 0.9194835447720984 -2.191782979435939 0
      vertex 1.032651552620253 -2.0029735650446097 0
    endloop
  endfacet
  facet normal 0 0 -1
    outer loop
      vertex -4.390569620907523 -1.9906092503876354 0
      vertex -4.476411421723201 -1.6479095715296326 0
      vertex -4.390569620907523 0.09944042584449364 0
    endloop
  endfacet
  facet normal 0 0 -1
    outer loop
      vertex -4.271550729312203 -2.3232447687858944 0
      vertex -4.390569620907523 -1.9906092503876354 0
      vertex -4.271550729312203 0.4320759442427524 0
    endloop
  endfacet
  facet normal 0 0 -1
    outer loop
      vertex -4.476411421723201 -1.6479095715296326 0
      vertex -4.528249428291479 -1.298446117457989 0
      vertex -4.476411421723201 -0.24325925301350915 0
    endloop
  endfacet
  facet normal 0 0 -1
    outer loop
      vertex -4.528249428291479 -1.298446117457989 0
      vertex -4.545584412271571 -0.9455844122715709 0
      vertex -4.528249428291479 -0.5927227070851526 0
    endloop
  endfacet
  facet normal 0 0 -1
    outer loop
      vertex -4.528249428291479 -1.298446117457989 0
      vertex -4.528249428291479 -0.5927227070851526 0
      vertex -4.476411421723201 -0.24325925301350915 0
    endloop
  endfacet
  facet normal 0 0 -1
    outer loop
      vertex -4.476411421723201 -1.6479095715296326 0
      vertex -4.476411421723201 -0.24325925301350915 0
      vertex -4.390569620907523 0.09944042584449364 0
    endloop
  endfacet
  facet normal 0 0 -1
    outer loop
      vertex -3.2294002352606945 -3.728422044377424 0
      vertex -3.2294002352606945 1.8372532198342824 0
      vertex -3.1886825717807734 -0.9455844122715709 0
    endloop
  endfacet
  facet normal 0 0 -1
    outer loop
      vertex -4.390569620907523 -1.9906092503876354 0
      vertex -4.390569620907523 0.09944042584449364 0
      vertex -4.271550729312203 0.4320759442427524 0
    endloop
  endfacet
  facet normal 0 0 -1
    outer loop
      vertex -4.271550729312203 -2.3232447687858944 0
      vertex -4.271550729312203 0.4320759442427524 0
      vertex -4.1205009639256485 0.7514438403020207 0
    endloop
  endfacet
  facet normal 0 0 -1
    outer loop
      vertex -4.1205009639256485 -2.6426126648451627 0
      vertex -4.1205009639256485 0.7514438403020207 0
      vertex -3.9388750165607336 1.054468426598997 0
    endloop
  endfacet
  facet normal 0 0 -1
    outer loop
      vertex -3.9388750165607336 -2.9456372511421387 0
      vertex -3.9388750165607336 1.054468426598997 0
      vertex -3.728422044377424 1.3382314107175528 0
    endloop
  endfacet
  facet normal 0 0 -1
    outer loop
      vertex -3.728422044377424 -3.2294002352606945 0
      vertex -3.728422044377424 1.3382314107175528 0
      vertex -3.4911688245431423 1.6000000000000005 0
    endloop
  endfacet
  facet normal 0 0 -1
    outer loop
      vertex -3.4911688245431423 -3.4911688245431423 0
      vertex -3.4911688245431423 1.6000000000000005 0
      vertex -3.2294002352606945 1.8372532198342824 0
    endloop
  endfacet
  facet normal 0 0 -1
    outer loop
      vertex -3.2294002352606945 1.8372532198342824 0
      vertex -3.1778814410416443 -0.7257223451979783 0
      vertex -3.1886825717807734 -0.9455844122715709 0
    endloop
  endfacet
  facet normal 0 0 -1
    outer loop
      vertex -3.2294002352606945 1.8372532198342824 0
      vertex -3.1455820696177743 -0.507977670019136 0
      vertex -3.1778814410416443 -0.7257223451979783 0
    endloop
  endfacet
  facet normal 0 0 -1
    outer loop
      vertex -3.2294002352606945 1.8372532198342824 0
      vertex -3.092095518112607 -0.29444738698836354 0
      vertex -3.1455820696177743 -0.507977670019136 0
    endloop
  endfacet
  facet normal 0 0 -1
    outer loop
      vertex -3.2294002352606945 1.8372532198342824 0
      vertex -2.9456372511421387 2.047706192017592 0
      vertex -3.092095518112607 -0.29444738698836354 0
    endloop
  endfacet
  facet normal 0 0 -1
    outer loop
      vertex -2.9456372511421387 2.047706192017592 0
      vertex -3.0179368912558604 -0.08718790945877365 0
      vertex -3.092095518112607 -0.29444738698836354 0
    endloop
  endfacet
  facet normal 0 0 -1
    outer loop
      vertex -2.9456372511421387 2.047706192017592 0
      vertex -2.9238203771633953 0.11180474050146828 0
      vertex -3.0179368912558604 -0.08718790945877365 0
    endloop
  endfacet
  facet normal 0 0 -1
    outer loop
      vertex -2.9456372511421387 2.047706192017592 0
      vertex -2.8106523693152403 0.3006141548927975 0
      vertex -2.9238203771633953 0.11180474050146828 0
    endloop
  endfacet
  facet normal 0 0 -1
    outer loop
      vertex -2.6426126648451627 2.229332139382507 0
      vertex -2.6795227374909003 0.47742199584090084 0
      vertex -2.8106523693152403 0.3006141548927975 0
    endloop
  endfacet
  facet normal 0 0 -1
    outer loop
      vertex -2.6426126648451627 2.229332139382507 0
      vertex -2.5316943317275924 0.6405255071844504 0
      vertex -2.6795227374909003 0.47742199584090084 0
    endloop
  endfacet
  facet normal 0 0 -1
    outer loop
      vertex -2.3232447687858944 2.3803819047690613 0
      vertex -2.3685908203840422 0.7883539129477587 0
      vertex -2.5316943317275924 0.6405255071844504 0
    endloop
  endfacet
  facet normal 0 0 -1
    outer loop
      vertex -2.9456372511421387 2.047706192017592 0
      vertex -2.6426126648451627 2.229332139382507 0
      vertex -2.8106523693152403 0.3006141548927975 0
    endloop
  endfacet
  facet normal 0 0 -1
    outer loop
      vertex -2.6426126648451627 2.229332139382507 0
      vertex -2.3232447687858944 2.3803819047690613 0
      vertex -2.5316943317275924 0.6405255071844504 0
    endloop
  endfacet
  facet normal 0 0 -1
    outer loop
      vertex -2.3232447687858944 2.3803819047690613 0
      vertex -2.191782979435939 0.9194835447720984 0
      vertex -2.3685908203840422 0.7883539129477587 0
    endloop
  endfacet
  facet normal 0 0 -1
    outer loop
      vertex -1.9906092503876354 2.499400796364381 0
      vertex -2.0029735650446097 1.032651552620253 0
      vertex -2.191782979435939 0.9194835447720984 0
    endloop
  endfacet
  facet normal 0 0 -1
    outer loop
      vertex -1.9906092503876354 2.499400796364381 0
      vertex -1.8039809150843682 1.1267680667127187 0
      vertex -2.0029735650446097 1.032651552620253 0
    endloop
  endfacet
  facet normal 0 0 -1
    outer loop
      vertex -1.6479095715296326 2.5852425971800588 0
      vertex -1.5967214375547782 1.2009266935694651 0
      vertex -1.8039809150843682 1.1267680667127187 0
    endloop
  endfacet
  facet normal 0 0 -1
    outer loop
      vertex -1.6479095715296326 2.5852425971800588 0
      vertex -1.3831911545240059 1.2544132450746324 0
      vertex -1.5967214375547782 1.2009266935694651 0
    endloop
  endfacet
  facet normal 0 0 -1
    outer loop
      vertex -1.298446117457989 2.637080603748338 0
      vertex -1.1654464793451633 1.2867126164985025 0
      vertex -1.3831911545240059 1.2544132450746324 0
    endloop
  endfacet
  facet normal 0 0 -1
    outer loop
      vertex -0.9455844122715709 2.6544155877284292 0
      vertex -0.9455844122715709 1.2975137472376317 0
      vertex -1.1654464793451633 1.2867126164985025 0
    endloop
  endfacet
  facet normal 0 0 -1
    outer loop
      vertex -0.5927227070851526 2.637080603748338 0
      vertex -0.7257223451979783 1.2867126164985025 0
      vertex -0.9455844122715709 1.2975137472376317 0
    endloop
  endfacet
  facet normal 0 0 -1
    outer loop
      vertex -0.24325925301350915 2.5852425971800588 0
      vertex -0.29444738698836354 1.2009266935694651 0
      vertex -0.507977670019136 1.2544132450746324 0
    endloop
  endfacet
  facet normal 0 0 -1
    outer loop
      vertex -0.24325925301350915 2.5852425971800588 0
      vertex -0.08718790945877365 1.1267680667127187 0
      vertex -0.29444738698836354 1.2009266935694651 0
    endloop
  endfacet
  facet normal 0 0 -1
    outer loop
      vertex -0.24325925301350915 2.5852425971800588 0
      vertex -0.507977670019136 1.2544132450746324 0
      vertex -0.7257223451979783 1.2867126164985025 0
    endloop
  endfacet
  facet normal 0 0 -1
    outer loop
      vertex 2.0611531357191457 1.0320335564097987 0
      vertex 0.9194835447720984 0.3006141548927975 0
      vertex 0.8330729481376234 0.41712535692564806 0
    endloop
  endfacet
  facet normal 0 0 -1
    outer loop
      vertex 0 2.5243093263542975 0
      vertex 0 1.0855312566551172 0
      vertex -0.08718790945877365 1.1267680667127187 0
    endloop
  endfacet
  facet normal 0 0 -1
    outer loop
      vertex 1.6000000000000005 -3.4911688245431423 0
      vertex 1.032651552620253 -2.0029735650446097 0
      vertex 1.8372532198342824 -3.2294002352606945 0
    endloop
  endfacet
  facet normal 0 0 -1
    outer loop
      vertex 1.8372532198342824 -3.2294002352606945 0
      vertex 1.1267680667127187 -1.8039809150843682 0
      vertex 2.047706192017592 -2.9456372511421387 0
    endloop
  endfacet
  facet normal 0 0 -1
    outer loop
      vertex 1.8372532198342824 -3.2294002352606945 0
      vertex 1.032651552620253 -2.0029735650446097 0
      vertex 1.1267680667127187 -1.8039809150843682 0
    endloop
  endfacet
  facet normal 0 0 -1
    outer loop
      vertex 2.047706192017592 -2.9456372511421387 0
      vertex 1.1267680667127187 -1.8039809150843682 0
      vertex 1.2009266935694651 -1.5967214375547782 0
    endloop
  endfacet
  facet normal 0 0 -1
    outer loop
      vertex 2.047706192017592 -2.9456372511421387 0
      vertex 1.2009266935694651 -1.5967214375547782 0
      vertex 1.2544132450746324 -1.3831911545240059 0
    endloop
  endfacet
  facet normal 0 0 -1
    outer loop
      vertex 2.047706192017592 -2.9456372511421387 0
      vertex 1.2544132450746324 -1.3831911545240059 0
      vertex 2.192416070729798 0 0
    endloop
  endfacet
  facet normal 0 0 -1
    outer loop
      vertex 2.047706192017592 -2.9456372511421387 0
      vertex 2.192416070729798 0 0
      vertex 2.229332139382507 -2.6426126648451627 0
    endloop
  endfacet
  facet normal 0 0 -1
    outer loop
      vertex 2.229332139382507 -2.6426126648451627 0
      vertex 2.192416070729798 0 0
      vertex 2.3803819047690613 -2.3232447687858944 0
    endloop
  endfacet
  facet normal 0 0 -1
    outer loop
      vertex 2.3803819047690613 -2.3232447687858944 0
      vertex 2.192416070729798 0 0
      vertex 2.499400796364381 -1.9906092503876354 0
    endloop
  endfacet
  facet normal 0 0 -1
    outer loop
      vertex 2.192416070729798 0 0
      vertex 1.2544132450746324 -1.3831911545240059 0
      vertex 1.2867126164985025 -1.1654464793451635 0
    endloop
  endfacet
  facet normal 0 0 -1
    outer loop
      vertex 2.192416070729798 0 0
      vertex 1.2867126164985025 -1.1654464793451635 0
      vertex 1.2975137472376317 -0.9455844122715709 0
    endloop
  endfacet
  facet normal 0 0 -1
    outer loop
      vertex 2.192416070729798 0 0
      vertex 1.2975137472376317 -0.9455844122715709 0
      vertex 1.2867126164985025 -0.7257223451979783 0
    endloop
  endfacet
  facet normal 0 0 -1
    outer loop
      vertex 2.499400796364381 -1.9906092503876354 0
      vertex 2.5852425971800588 -0.24325925301350915 0
      vertex 2.5852425971800588 -1.6479095715296326 0
    endloop
  endfacet
  facet normal 0 0 -1
    outer loop
      vertex 2.5852425971800588 -1.6479095715296326 0
      vertex 2.637080603748338 -0.5927227070851526 0
      vertex 2.637080603748338 -1.298446117457989 0
    endloop
  endfacet
  facet normal 0 0 -1
    outer loop
      vertex 2.637080603748338 -1.298446117457989 0
      vertex 2.637080603748338 -0.5927227070851526 0
      vertex 2.6544155877284292 -0.9455844122715709 0
    endloop
  endfacet
  facet normal 0 0 -1
    outer loop
      vertex 2.499400796364381 -1.9906092503876354 0
      vertex 2.192416070729798 0 0
      vertex 2.5852425971800588 -0.24325925301350915 0
    endloop
  endfacet
  facet normal 0 0 -1
    outer loop
      vertex 2.5852425971800588 -1.6479095715296326 0
      vertex 2.5852425971800588 -0.24325925301350915 0
      vertex 2.637080603748338 -0.5927227070851526 0
    endloop
  endfacet
  facet normal 0 0 -1
    outer loop
      vertex 2.192416070729798 0 0
      vertex 1.2867126164985025 -0.7257223451979783 0
      vertex 1.2544132450746324 -0.507977670019136 0
    endloop
  endfacet
  facet normal 0 0 -1
    outer loop
      vertex 2.192416070729798 0 0
      vertex 1.2009266935694651 -0.29444738698836354 0
      vertex 1.1267680667127187 -0.08718790945877365 0
    endloop
  endfacet
  facet normal 0 0 -1
    outer loop
      vertex 2.192416070729798 0 0
      vertex 1.2544132450746324 -0.507977670019136 0
      vertex 1.2009266935694651 -0.29444738698836354 0
    endloop
  endfacet
  facet normal 0 0 -1
    outer loop
      vertex 2.192416070729798 0 0
      vertex 1.1267680667127187 -0.08718790945877365 0
      vertex 1.032651552620253 0.11180474050146828 0
    endloop
  endfacet
  facet normal 0 0 -1
    outer loop
      vertex 2.5852425971800588 -0.24325925301350915 0
      vertex 2.192416070729798 0 0
      vertex 2.5243093263542975 0 0
    endloop
  endfacet
  facet normal 0 0 -1
    outer loop
      vertex 2.0611531357191457 1.0320335564097987 0
      vertex 1.032651552620253 0.11180474050146828 0
      vertex 0.9194835447720984 0.3006141548927975 0
    endloop
  endfacet
  facet normal 0 0 -1
    outer loop
      vertex 2.192416070729798 0 0
      vertex 1.032651552620253 0.11180474050146828 0
      vertex 2.0611531357191457 1.0320335564097987 0
    endloop
  endfacet
  facet normal 0 0 -1
    outer loop
      vertex -2.3232447687858944 2.3803819047690613 0
      vertex -1.9906092503876354 2.499400796364381 0
      vertex -2.191782979435939 0.9194835447720984 0
    endloop
  endfacet
  facet normal 0 0 -1
    outer loop
      vertex -1.9906092503876354 2.499400796364381 0
      vertex -1.6479095715296326 2.5852425971800588 0
      vertex -1.8039809150843682 1.1267680667127187 0
    endloop
  endfacet
  facet normal 0 0 -1
    outer loop
      vertex -1.6479095715296326 2.5852425971800588 0
      vertex -1.298446117457989 2.637080603748338 0
      vertex -1.3831911545240059 1.2544132450746324 0
    endloop
  endfacet
  facet normal 0 0 -1
    outer loop
      vertex -1.298446117457989 2.637080603748338 0
      vertex -0.9455844122715709 2.6544155877284292 0
      vertex -1.1654464793451633 1.2867126164985025 0
    endloop
  endfacet
  facet normal 0 0 -1
    outer loop
      vertex -0.9455844122715709 2.6544155877284292 0
      vertex -0.5927227070851526 2.637080603748338 0
      vertex -0.9455844122715709 1.2975137472376317 0
    endloop
  endfacet
  facet normal 0 0 -1
    outer loop
      vertex -0.5927227070851526 2.637080603748338 0
      vertex -0.24325925301350915 2.5852425971800588 0
      vertex -0.7257223451979783 1.2867126164985025 0
    endloop
  endfacet
  facet normal 0 0 -1
    outer loop
      vertex -0.24325925301350915 2.5852425971800588 0
      vertex 0 2.5243093263542975 0
      vertex -0.08718790945877365 1.1267680667127187 0
    endloop
  endfacet
  facet normal -0.8032075314806454 -0.5956993044924327 0
    outer loop
      vertex -3.9388750165607336 -2.9456372511421387 0
      vertex -3.728422044377424 -3.2294002352606945 0
      vertex -3.9388750165607336 -2.9456372511421387 11.309999999999999
    endloop
  endfacet
  facet normal -0.6715589548470176 -0.7409511253549599 0
    outer loop
      vertex -3.4911688245431423 -3.4911688245431423 0
      vertex -3.2294002352606945 -3.728422044377424 0
      vertex -3.2294002352606945 -3.728422044377424 11.309999999999999
    endloop
  endfacet
  facet normal -0.7409511253549599 -0.6715589548470176 0
    outer loop
      vertex -3.4911688245431423 -3.4911688245431423 0
      vertex -3.728422044377424 -3.2294002352606945 11.309999999999999
      vertex -3.728422044377424 -3.2294002352606945 0
    endloop
  endfacet
  facet normal -0.427555093430283 -0.9039892931234429 0
    outer loop
      vertex -2.6426126648451627 -4.1205009639256485 0
      vertex -2.3232447687858944 -4.271550729312203 0
      vertex -2.3232447687858944 -4.271550729312203 11.309999999999999
    endloop
  endfacet
  facet normal -0.5141027441932216 -0.8577286100002722 0
    outer loop
      vertex -2.9456372511421387 -3.9388750165607336 0
      vertex -2.6426126648451627 -4.1205009639256485 0
      vertex -2.6426126648451627 -4.1205009639256485 11.309999999999999
    endloop
  endfacet
  facet normal -0.5956993044924327 -0.8032075314806454 0
    outer loop
      vertex -3.2294002352606945 -3.728422044377424 0
      vertex -2.9456372511421387 -3.9388750165607336 0
      vertex -2.9456372511421387 -3.9388750165607336 11.309999999999999
    endloop
  endfacet
  facet normal -0.33688985339222044 -0.9415440651830207 0
    outer loop
      vertex -1.9906092503876354 -4.390569620907523 0
      vertex -1.9906092503876354 -4.390569620907523 11.309999999999999
      vertex -2.3232447687858944 -4.271550729312203 0
    endloop
  endfacet
  facet normal -0.2429801799032648 -0.9700312531945438 0
    outer loop
      vertex -1.9906092503876354 -4.390569620907523 0
      vertex -1.6479095715296326 -4.476411421723201 0
      vertex -1.6479095715296326 -4.476411421723201 11.309999999999999
    endloop
  endfacet
  facet normal -0.8577286100002722 -0.5141027441932216 0
    outer loop
      vertex -3.9388750165607336 -2.9456372511421387 0
      vertex -4.1205009639256485 -2.6426126648451627 11.309999999999999
      vertex -4.1205009639256485 -2.6426126648451627 0
    endloop
  endfacet
  facet normal -0.9039892931234429 -0.427555093430283 0
    outer loop
      vertex -4.1205009639256485 -2.6426126648451627 0
      vertex -4.271550729312203 -2.3232447687858944 11.309999999999999
      vertex -4.271550729312203 -2.3232447687858944 0
    endloop
  endfacet
  facet normal -0.9415440651830207 -0.33688985339222044 0
    outer loop
      vertex -4.271550729312203 -2.3232447687858944 0
      vertex -4.390569620907523 -1.9906092503876354 11.309999999999999
      vertex -4.390569620907523 -1.9906092503876354 0
    endloop
  endfacet
  facet normal -0.9700312531945438 -0.2429801799032648 0
    outer loop
      vertex -4.390569620907523 -1.9906092503876354 0
      vertex -4.476411421723201 -1.6479095715296326 11.309999999999999
      vertex -4.476411421723201 -1.6479095715296326 0
    endloop
  endfacet
  facet normal -0.9891765099647812 -0.14673047445535972 0
    outer loop
      vertex -4.476411421723201 -1.6479095715296326 0
      vertex -4.528249428291479 -1.298446117457989 11.309999999999999
      vertex -4.528249428291479 -1.298446117457989 0
    endloop
  endfacet
  facet normal -0.14673047445535972 -0.9891765099647812 0
    outer loop
      vertex -1.6479095715296326 -4.476411421723201 0
      vertex -1.298446117457989 -4.528249428291479 0
      vertex -1.298446117457989 -4.528249428291479 11.309999999999999
    endloop
  endfacet
  facet normal -0.04906767432742033 -0.9987954562051723 0
    outer loop
      vertex -1.298446117457989 -4.528249428291479 0
      vertex -0.9455844122715709 -4.545584412271571 0
      vertex -0.9455844122715709 -4.545584412271571 11.309999999999999
    endloop
  endfacet
  facet normal 0.04906767432742033 -0.9987954562051723 0
    outer loop
      vertex -0.9455844122715709 -4.545584412271571 0
      vertex -0.5927227070851526 -4.528249428291479 0
      vertex -0.5927227070851526 -4.528249428291479 11.309999999999999
    endloop
  endfacet
  facet normal 0.14673047445535972 -0.9891765099647812 0
    outer loop
      vertex -0.5927227070851526 -4.528249428291479 0
      vertex -0.24325925301350915 -4.476411421723201 0
      vertex -0.24325925301350915 -4.476411421723201 11.309999999999999
    endloop
  endfacet
  facet normal 0.2429801799032648 -0.9700312531945438 0
    outer loop
      vertex -0.24325925301350915 -4.476411421723201 0
      vertex 0.09944042584449364 -4.390569620907523 0
      vertex 0.09944042584449364 -4.390569620907523 11.309999999999999
    endloop
  endfacet
  facet normal 0.3368898533922206 -0.9415440651830206 0
    outer loop
      vertex 0.09944042584449364 -4.390569620907523 0
      vertex 0.4320759442427524 -4.271550729312203 0
      vertex 0.4320759442427524 -4.271550729312203 11.309999999999999
    endloop
  endfacet
  facet normal 0.427555093430283 -0.9039892931234429 0
    outer loop
      vertex 0.4320759442427524 -4.271550729312203 0
      vertex 0.7514438403020207 -4.1205009639256485 0
      vertex 0.7514438403020207 -4.1205009639256485 11.309999999999999
    endloop
  endfacet
  facet normal 0.5141027441932211 -0.8577286100002723 0
    outer loop
      vertex 0.7514438403020207 -4.1205009639256485 0
      vertex 1.054468426598997 -3.9388750165607336 0
      vertex 1.054468426598997 -3.9388750165607336 11.309999999999999
    endloop
  endfacet
  facet normal 0.5956993044924327 -0.8032075314806454 0
    outer loop
      vertex 1.054468426598997 -3.9388750165607336 0
      vertex 1.3382314107175528 -3.728422044377424 0
      vertex 1.3382314107175528 -3.728422044377424 11.309999999999999
    endloop
  endfacet
  facet normal -0.9987954562051723 -0.04906767432742033 0
    outer loop
      vertex -4.528249428291479 -1.298446117457989 0
      vertex -4.545584412271571 -0.9455844122715709 11.309999999999999
      vertex -4.545584412271571 -0.9455844122715709 0
    endloop
  endfacet
  facet normal -0.9987954562051723 0.04906767432742033 0
    outer loop
      vertex -4.545584412271571 -0.9455844122715709 0
      vertex -4.528249428291479 -0.5927227070851526 11.309999999999999
      vertex -4.528249428291479 -0.5927227070851526 0
    endloop
  endfacet
  facet normal -0.9891765099647812 0.14673047445535972 0
    outer loop
      vertex -4.528249428291479 -0.5927227070851526 0
      vertex -4.476411421723201 -0.24325925301350915 11.309999999999999
      vertex -4.476411421723201 -0.24325925301350915 0
    endloop
  endfacet
  facet normal -0.9700312531945438 0.2429801799032648 0
    outer loop
      vertex -4.476411421723201 -0.24325925301350915 0
      vertex -4.390569620907523 0.09944042584449364 11.309999999999999
      vertex -4.390569620907523 0.09944042584449364 0
    endloop
  endfacet
  facet normal -0.9415440651830206 0.3368898533922206 0
    outer loop
      vertex -4.390569620907523 0.09944042584449364 0
      vertex -4.271550729312203 0.4320759442427524 11.309999999999999
      vertex -4.271550729312203 0.4320759442427524 0
    endloop
  endfacet
  facet normal -0.9039892931234429 0.427555093430283 0
    outer loop
      vertex -4.271550729312203 0.4320759442427524 0
      vertex -4.1205009639256485 0.7514438403020207 11.309999999999999
      vertex -4.1205009639256485 0.7514438403020207 0
    endloop
  endfacet
  facet normal -0.8577286100002723 0.5141027441932211 0
    outer loop
      vertex -4.1205009639256485 0.7514438403020207 0
      vertex -3.9388750165607336 1.054468426598997 11.309999999999999
      vertex -3.9388750165607336 1.054468426598997 0
    endloop
  endfacet
  facet normal -0.8032075314806454 0.5956993044924327 0
    outer loop
      vertex -3.9388750165607336 1.054468426598997 0
      vertex -3.728422044377424 1.3382314107175528 11.309999999999999
      vertex -3.728422044377424 1.3382314107175528 0
    endloop
  endfacet
  facet normal -0.7409511253549599 0.6715589548470176 0
    outer loop
      vertex -3.728422044377424 1.3382314107175528 0
      vertex -3.4911688245431423 1.6000000000000005 11.309999999999999
      vertex -3.4911688245431423 1.6000000000000005 0
    endloop
  endfacet
  facet normal -0.6715589548470176 0.7409511253549599 0
    outer loop
      vertex -3.4911688245431423 1.6000000000000005 0
      vertex -3.4911688245431423 1.6000000000000005 11.309999999999999
      vertex -3.2294002352606945 1.8372532198342824 0
    endloop
  endfacet
  facet normal 0.6715589548470176 -0.7409511253549599 0
    outer loop
      vertex 1.3382314107175528 -3.728422044377424 0
      vertex 1.6000000000000005 -3.4911688245431423 0
      vertex 1.6000000000000005 -3.4911688245431423 11.309999999999999
    endloop
  endfacet
  facet normal 0.7409511253549599 -0.6715589548470176 0
    outer loop
      vertex 1.6000000000000005 -3.4911688245431423 0
      vertex 1.8372532198342824 -3.2294002352606945 0
      vertex 1.6000000000000005 -3.4911688245431423 11.309999999999999
    endloop
  endfacet
  facet normal 0.8032075314806454 -0.5956993044924327 0
    outer loop
      vertex 1.8372532198342824 -3.2294002352606945 0
      vertex 2.047706192017592 -2.9456372511421387 0
      vertex 1.8372532198342824 -3.2294002352606945 11.309999999999999
    endloop
  endfacet
  facet normal 0.8577286100002716 -0.5141027441932224 0
    outer loop
      vertex 2.047706192017592 -2.9456372511421387 0
      vertex 2.229332139382507 -2.6426126648451627 0
      vertex 2.047706192017592 -2.9456372511421387 11.309999999999999
    endloop
  endfacet
  facet normal 0.9039892931234433 -0.4275550934302819 0
    outer loop
      vertex 2.229332139382507 -2.6426126648451627 0
      vertex 2.3803819047690613 -2.3232447687858944 0
      vertex 2.229332139382507 -2.6426126648451627 11.309999999999999
    endloop
  endfacet
  facet normal 0.9415440651830207 -0.33688985339222044 0
    outer loop
      vertex 2.3803819047690613 -2.3232447687858944 0
      vertex 2.499400796364381 -1.9906092503876354 0
      vertex 2.3803819047690613 -2.3232447687858944 11.309999999999999
    endloop
  endfacet
  facet normal 0.9700312531945441 -0.24298017990326362 0
    outer loop
      vertex 2.499400796364381 -1.9906092503876354 0
      vertex 2.5852425971800588 -1.6479095715296326 0
      vertex 2.499400796364381 -1.9906092503876354 11.309999999999999
    endloop
  endfacet
  facet normal 0.9891765099647809 -0.14673047445536216 0
    outer loop
      vertex 2.5852425971800588 -1.6479095715296326 0
      vertex 2.637080603748338 -1.298446117457989 0
      vertex 2.5852425971800588 -1.6479095715296326 11.309999999999999
    endloop
  endfacet
  facet normal 0.9987954562051724 -0.04906767432741783 0
    outer loop
      vertex 2.637080603748338 -1.298446117457989 0
      vertex 2.6544155877284292 -0.9455844122715709 0
      vertex 2.637080603748338 -1.298446117457989 11.309999999999999
    endloop
  endfacet
  facet normal 0.9987954562051724 0.04906767432741783 0
    outer loop
      vertex 2.6544155877284292 -0.9455844122715709 0
      vertex 2.637080603748338 -0.5927227070851526 0
      vertex 2.6544155877284292 -0.9455844122715709 11.309999999999999
    endloop
  endfacet
  facet normal 0.9891765099647809 0.14673047445536216 0
    outer loop
      vertex 2.637080603748338 -0.5927227070851526 0
      vertex 2.5852425971800588 -0.24325925301350915 0
      vertex 2.637080603748338 -0.5927227070851526 11.309999999999999
    endloop
  endfacet
  facet normal 0.9700312531945443 0.24298017990326282 0
    outer loop
      vertex 2.5852425971800588 -0.24325925301350915 0
      vertex 2.5243093263542975 0 0
      vertex 2.5852425971800588 -0.24325925301350915 11.309999999999999
    endloop
  endfacet
  facet normal -0.5956993044924327 0.8032075314806454 0
    outer loop
      vertex -3.2294002352606945 1.8372532198342824 0
      vertex -3.2294002352606945 1.8372532198342824 11.309999999999999
      vertex -2.9456372511421387 2.047706192017592 0
    endloop
  endfacet
  facet normal -0.5141027441932224 0.8577286100002716 0
    outer loop
      vertex -2.9456372511421387 2.047706192017592 0
      vertex -2.9456372511421387 2.047706192017592 11.309999999999999
      vertex -2.6426126648451627 2.229332139382507 0
    endloop
  endfacet
  facet normal -0.4275550934302819 0.9039892931234433 0
    outer loop
      vertex -2.6426126648451627 2.229332139382507 0
      vertex -2.6426126648451627 2.229332139382507 11.309999999999999
      vertex -2.3232447687858944 2.3803819047690613 0
    endloop
  endfacet
  facet normal -0.33688985339222044 0.9415440651830207 0
    outer loop
      vertex -2.3232447687858944 2.3803819047690613 0
      vertex -2.3232447687858944 2.3803819047690613 11.309999999999999
      vertex -1.9906092503876354 2.499400796364381 0
    endloop
  endfacet
  facet normal -0.24298017990326362 0.9700312531945441 0
    outer loop
      vertex -1.9906092503876354 2.499400796364381 0
      vertex -1.9906092503876354 2.499400796364381 11.309999999999999
      vertex -1.6479095715296326 2.5852425971800588 0
    endloop
  endfacet
  facet normal -0.14673047445536216 0.9891765099647809 0
    outer loop
      vertex -1.6479095715296326 2.5852425971800588 0
      vertex -1.6479095715296326 2.5852425971800588 11.309999999999999
      vertex -1.298446117457989 2.637080603748338 0
    endloop
  endfacet
  facet normal -0.04906767432741783 0.9987954562051724 0
    outer loop
      vertex -1.298446117457989 2.637080603748338 0
      vertex -1.298446117457989 2.637080603748338 11.309999999999999
      vertex -0.9455844122715709 2.6544155877284292 0
    endloop
  endfacet
  facet normal 0.04906767432741783 0.9987954562051724 0
    outer loop
      vertex -0.9455844122715709 2.6544155877284292 0
      vertex -0.9455844122715709 2.6544155877284292 11.309999999999999
      vertex -0.5927227070851526 2.637080603748338 0
    endloop
  endfacet
  facet normal 0.14673047445536216 0.9891765099647809 0
    outer loop
      vertex -0.5927227070851526 2.637080603748338 0
      vertex -0.5927227070851526 2.637080603748338 11.309999999999999
      vertex -0.24325925301350915 2.5852425971800588 0
    endloop
  endfacet
  facet normal 0.24298017990326282 0.9700312531945443 0
    outer loop
      vertex -0.24325925301350915 2.5852425971800588 0
      vertex 0 2.5243093263542975 11.309999999999999
      vertex 0 2.5243093263542975 0
    endloop
  endfacet
  facet normal -0.5956993044924327 -0.8032075314806454 0
    outer loop
      vertex -3.2294002352606945 -3.728422044377424 0
      vertex -2.9456372511421387 -3.9388750165607336 11.309999999999999
      vertex -3.2294002352606945 -3.728422044377424 11.309999999999999
    endloop
  endfacet
  facet normal -0.7409511253549599 -0.6715589548470176 0
    outer loop
      vertex -3.4911688245431423 -3.4911688245431423 0
      vertex -3.4911688245431423 -3.4911688245431423 11.309999999999999
      vertex -3.728422044377424 -3.2294002352606945 11.309999999999999
    endloop
  endfacet
  facet normal -0.6715589548470176 -0.7409511253549599 0
    outer loop
      vertex -3.4911688245431423 -3.4911688245431423 0
      vertex -3.2294002352606945 -3.728422044377424 11.309999999999999
      vertex -3.4911688245431423 -3.4911688245431423 11.309999999999999
    endloop
  endfacet
  facet normal -0.8032075314806454 -0.5956993044924327 0
    outer loop
      vertex -3.728422044377424 -3.2294002352606945 0
      vertex -3.728422044377424 -3.2294002352606945 11.309999999999999
      vertex -3.9388750165607336 -2.9456372511421387 11.309999999999999
    endloop
  endfacet
  facet normal -0.427555093430283 -0.9039892931234429 0
    outer loop
      vertex -2.6426126648451627 -4.1205009639256485 0
      vertex -2.3232447687858944 -4.271550729312203 11.309999999999999
      vertex -2.6426126648451627 -4.1205009639256485 11.309999999999999
    endloop
  endfacet
  facet normal -0.5141027441932216 -0.8577286100002722 0
    outer loop
      vertex -2.9456372511421387 -3.9388750165607336 0
      vertex -2.6426126648451627 -4.1205009639256485 11.309999999999999
      vertex -2.9456372511421387 -3.9388750165607336 11.309999999999999
    endloop
  endfacet
  facet normal -0.33688985339222044 -0.9415440651830207 0
    outer loop
      vertex -2.3232447687858944 -4.271550729312203 0
      vertex -1.9906092503876354 -4.390569620907523 11.309999999999999
      vertex -2.3232447687858944 -4.271550729312203 11.309999999999999
    endloop
  endfacet
  facet normal -0.2429801799032648 -0.9700312531945438 0
    outer loop
      vertex -1.9906092503876354 -4.390569620907523 0
      vertex -1.6479095715296326 -4.476411421723201 11.309999999999999
      vertex -1.9906092503876354 -4.390569620907523 11.309999999999999
    endloop
  endfacet
  facet normal -0.8577286100002722 -0.5141027441932216 0
    outer loop
      vertex -3.9388750165607336 -2.9456372511421387 0
      vertex -3.9388750165607336 -2.9456372511421387 11.309999999999999
      vertex -4.1205009639256485 -2.6426126648451627 11.309999999999999
    endloop
  endfacet
  facet normal -0.9039892931234429 -0.427555093430283 0
    outer loop
      vertex -4.1205009639256485 -2.6426126648451627 0
      vertex -4.1205009639256485 -2.6426126648451627 11.309999999999999
      vertex -4.271550729312203 -2.3232447687858944 11.309999999999999
    endloop
  endfacet
  facet normal -0.9415440651830207 -0.33688985339222044 0
    outer loop
      vertex -4.271550729312203 -2.3232447687858944 0
      vertex -4.271550729312203 -2.3232447687858944 11.309999999999999
      vertex -4.390569620907523 -1.9906092503876354 11.309999999999999
    endloop
  endfacet
  facet normal -0.9700312531945438 -0.2429801799032648 0
    outer loop
      vertex -4.390569620907523 -1.9906092503876354 0
      vertex -4.390569620907523 -1.9906092503876354 11.309999999999999
      vertex -4.476411421723201 -1.6479095715296326 11.309999999999999
    endloop
  endfacet
  facet normal -0.9891765099647812 -0.14673047445535972 0
    outer loop
      vertex -4.476411421723201 -1.6479095715296326 0
      vertex -4.476411421723201 -1.6479095715296326 11.309999999999999
      vertex -4.528249428291479 -1.298446117457989 11.309999999999999
    endloop
  endfacet
  facet normal -0.14673047445535972 -0.9891765099647812 0
    outer loop
      vertex -1.6479095715296326 -4.476411421723201 0
      vertex -1.298446117457989 -4.528249428291479 11.309999999999999
      vertex -1.6479095715296326 -4.476411421723201 11.309999999999999
    endloop
  endfacet
  facet normal -0.04906767432742033 -0.9987954562051723 0
    outer loop
      vertex -1.298446117457989 -4.528249428291479 0
      vertex -0.9455844122715709 -4.545584412271571 11.309999999999999
      vertex -1.298446117457989 -4.528249428291479 11.309999999999999
    endloop
  endfacet
  facet normal 0.04906767432742033 -0.9987954562051723 0
    outer loop
      vertex -0.9455844122715709 -4.545584412271571 0
      vertex -0.5927227070851526 -4.528249428291479 11.309999999999999
      vertex -0.9455844122715709 -4.545584412271571 11.309999999999999
    endloop
  endfacet
  facet normal 0.14673047445535972 -0.9891765099647812 0
    outer loop
      vertex -0.5927227070851526 -4.528249428291479 0
      vertex -0.24325925301350915 -4.476411421723201 11.309999999999999
      vertex -0.5927227070851526 -4.528249428291479 11.309999999999999
    endloop
  endfacet
  facet normal 0.2429801799032648 -0.9700312531945438 0
    outer loop
      vertex -0.24325925301350915 -4.476411421723201 0
      vertex 0.09944042584449364 -4.390569620907523 11.309999999999999
      vertex -0.24325925301350915 -4.476411421723201 11.309999999999999
    endloop
  endfacet
  facet normal 0.3368898533922206 -0.9415440651830206 0
    outer loop
      vertex 0.09944042584449364 -4.390569620907523 0
      vertex 0.4320759442427524 -4.271550729312203 11.309999999999999
      vertex 0.09944042584449364 -4.390569620907523 11.309999999999999
    endloop
  endfacet
  facet normal 0.427555093430283 -0.9039892931234429 0
    outer loop
      vertex 0.4320759442427524 -4.271550729312203 0
      vertex 0.7514438403020207 -4.1205009639256485 11.309999999999999
      vertex 0.4320759442427524 -4.271550729312203 11.309999999999999
    endloop
  endfacet
  facet normal 0.5141027441932211 -0.8577286100002723 0
    outer loop
      vertex 0.7514438403020207 -4.1205009639256485 0
      vertex 1.054468426598997 -3.9388750165607336 11.309999999999999
      vertex 0.7514438403020207 -4.1205009639256485 11.309999999999999
    endloop
  endfacet
  facet normal 0.5956993044924327 -0.8032075314806454 0
    outer loop
      vertex 1.054468426598997 -3.9388750165607336 0
      vertex 1.3382314107175528 -3.728422044377424 11.309999999999999
      vertex 1.054468426598997 -3.9388750165607336 11.309999999999999
    endloop
  endfacet
  facet normal -0.9987954562051723 -0.04906767432742033 0
    outer loop
      vertex -4.528249428291479 -1.298446117457989 0
      vertex -4.528249428291479 -1.298446117457989 11.309999999999999
      vertex -4.545584412271571 -0.9455844122715709 11.309999999999999
    endloop
  endfacet
  facet normal -0.9987954562051723 0.04906767432742033 0
    outer loop
      vertex -4.545584412271571 -0.9455844122715709 0
      vertex -4.545584412271571 -0.9455844122715709 11.309999999999999
      vertex -4.528249428291479 -0.5927227070851526 11.309999999999999
    endloop
  endfacet
  facet normal -0.9891765099647812 0.14673047445535972 0
    outer loop
      vertex -4.528249428291479 -0.5927227070851526 0
      vertex -4.528249428291479 -0.5927227070851526 11.309999999999999
      vertex -4.476411421723201 -0.24325925301350915 11.309999999999999
    endloop
  endfacet
  facet normal -0.9700312531945438 0.2429801799032648 0
    outer loop
      vertex -4.476411421723201 -0.24325925301350915 0
      vertex -4.476411421723201 -0.24325925301350915 11.309999999999999
      vertex -4.390569620907523 0.09944042584449364 11.309999999999999
    endloop
  endfacet
  facet normal -0.9415440651830206 0.3368898533922206 0
    outer loop
      vertex -4.390569620907523 0.09944042584449364 0
      vertex -4.390569620907523 0.09944042584449364 11.309999999999999
      vertex -4.271550729312203 0.4320759442427524 11.309999999999999
    endloop
  endfacet
  facet normal -0.9039892931234429 0.427555093430283 0
    outer loop
      vertex -4.271550729312203 0.4320759442427524 0
      vertex -4.271550729312203 0.4320759442427524 11.309999999999999
      vertex -4.1205009639256485 0.7514438403020207 11.309999999999999
    endloop
  endfacet
  facet normal -0.8577286100002723 0.5141027441932211 0
    outer loop
      vertex -4.1205009639256485 0.7514438403020207 0
      vertex -4.1205009639256485 0.7514438403020207 11.309999999999999
      vertex -3.9388750165607336 1.054468426598997 11.309999999999999
    endloop
  endfacet
  facet normal -0.8032075314806454 0.5956993044924327 0
    outer loop
      vertex -3.9388750165607336 1.054468426598997 0
      vertex -3.9388750165607336 1.054468426598997 11.309999999999999
      vertex -3.728422044377424 1.3382314107175528 11.309999999999999
    endloop
  endfacet
  facet normal -0.7409511253549599 0.6715589548470176 0
    outer loop
      vertex -3.728422044377424 1.3382314107175528 0
      vertex -3.728422044377424 1.3382314107175528 11.309999999999999
      vertex -3.4911688245431423 1.6000000000000005 11.309999999999999
    endloop
  endfacet
  facet normal -0.6715589548470176 0.7409511253549599 0
    outer loop
      vertex -3.2294002352606945 1.8372532198342824 0
      vertex -3.4911688245431423 1.6000000000000005 11.309999999999999
      vertex -3.2294002352606945 1.8372532198342824 11.309999999999999
    endloop
  endfacet
  facet normal 0.6715589548470176 -0.7409511253549599 0
    outer loop
      vertex 1.3382314107175528 -3.728422044377424 0
      vertex 1.6000000000000005 -3.4911688245431423 11.309999999999999
      vertex 1.3382314107175528 -3.728422044377424 11.309999999999999
    endloop
  endfacet
  facet normal 0.7409511253549599 -0.6715589548470176 0
    outer loop
      vertex 1.8372532198342824 -3.2294002352606945 0
      vertex 1.8372532198342824 -3.2294002352606945 11.309999999999999
      vertex 1.6000000000000005 -3.4911688245431423 11.309999999999999
    endloop
  endfacet
  facet normal 0.8032075314806454 -0.5956993044924327 0
    outer loop
      vertex 2.047706192017592 -2.9456372511421387 0
      vertex 2.047706192017592 -2.9456372511421387 11.309999999999999
      vertex 1.8372532198342824 -3.2294002352606945 11.309999999999999
    endloop
  endfacet
  facet normal 0.8577286100002716 -0.5141027441932224 0
    outer loop
      vertex 2.229332139382507 -2.6426126648451627 0
      vertex 2.229332139382507 -2.6426126648451627 11.309999999999999
      vertex 2.047706192017592 -2.9456372511421387 11.309999999999999
    endloop
  endfacet
  facet normal 0.9039892931234433 -0.4275550934302819 0
    outer loop
      vertex 2.3803819047690613 -2.3232447687858944 0
      vertex 2.3803819047690613 -2.3232447687858944 11.309999999999999
      vertex 2.229332139382507 -2.6426126648451627 11.309999999999999
    endloop
  endfacet
  facet normal 0.9415440651830207 -0.33688985339222044 0
    outer loop
      vertex 2.499400796364381 -1.9906092503876354 0
      vertex 2.499400796364381 -1.9906092503876354 11.309999999999999
      vertex 2.3803819047690613 -2.3232447687858944 11.309999999999999
    endloop
  endfacet
  facet normal 0.9700312531945441 -0.24298017990326362 0
    outer loop
      vertex 2.5852425971800588 -1.6479095715296326 0
      vertex 2.5852425971800588 -1.6479095715296326 11.309999999999999
      vertex 2.499400796364381 -1.9906092503876354 11.309999999999999
    endloop
  endfacet
  facet normal 0.9891765099647809 -0.14673047445536216 0
    outer loop
      vertex 2.637080603748338 -1.298446117457989 0
      vertex 2.637080603748338 -1.298446117457989 11.309999999999999
      vertex 2.5852425971800588 -1.6479095715296326 11.309999999999999
    endloop
  endfacet
  facet normal 0.9987954562051724 -0.04906767432741783 0
    outer loop
      vertex 2.6544155877284292 -0.9455844122715709 0
      vertex 2.6544155877284292 -0.9455844122715709 11.309999999999999
      vertex 2.637080603748338 -1.298446117457989 11.309999999999999
    endloop
  endfacet
  facet normal 0.9987954562051724 0.04906767432741783 0
    outer loop
      vertex 2.637080603748338 -0.5927227070851526 0
      vertex 2.637080603748338 -0.5927227070851526 11.309999999999999
      vertex 2.6544155877284292 -0.9455844122715709 11.309999999999999
    endloop
  endfacet
  facet normal 0.9891765099647809 0.14673047445536216 0
    outer loop
      vertex 2.5852425971800588 -0.24325925301350915 0
      vertex 2.5852425971800588 -0.24325925301350915 11.309999999999999
      vertex 2.637080603748338 -0.5927227070851526 11.309999999999999
    endloop
  endfacet
  facet normal 0.9700312531945443 0.24298017990326282 0
    outer loop
      vertex 2.5243093263542975 0 0
      vertex 2.5243093263542975 0 11.309999999999999
      vertex 2.5852425971800588 -0.24325925301350915 11.309999999999999
    endloop
  endfacet
  facet normal -0.5956993044924327 0.8032075314806454 0
    outer loop
      vertex -2.9456372511421387 2.047706192017592 0
      vertex -3.2294002352606945 1.8372532198342824 11.309999999999999
      vertex -2.9456372511421387 2.047706192017592 11.309999999999999
    endloop
  endfacet
  facet normal -0.5141027441932224 0.8577286100002716 0
    outer loop
      vertex -2.6426126648451627 2.229332139382507 0
      vertex -2.9456372511421387 2.047706192017592 11.309999999999999
      vertex -2.6426126648451627 2.229332139382507 11.309999999999999
    endloop
  endfacet
  facet normal -0.4275550934302819 0.9039892931234433 0
    outer loop
      vertex -2.3232447687858944 2.3803819047690613 0
      vertex -2.6426126648451627 2.229332139382507 11.309999999999999
      vertex -2.3232447687858944 2.3803819047690613 11.309999999999999
    endloop
  endfacet
  facet normal -0.33688985339222044 0.9415440651830207 0
    outer loop
      vertex -1.9906092503876354 2.499400796364381 0
      vertex -2.3232447687858944 2.3803819047690613 11.309999999999999
      vertex -1.9906092503876354 2.499400796364381 11.309999999999999
    endloop
  endfacet
  facet normal -0.24298017990326362 0.9700312531945441 0
    outer loop
      vertex -1.6479095715296326 2.5852425971800588 0
      vertex -1.9906092503876354 2.499400796364381 11.309999999999999
      vertex -1.6479095715296326 2.5852425971800588 11.309999999999999
    endloop
  endfacet
  facet normal -0.14673047445536216 0.9891765099647809 0
    outer loop
      vertex -1.298446117457989 2.637080603748338 0
      vertex -1.6479095715296326 2.5852425971800588 11.309999999999999
      vertex -1.298446117457989 2.637080603748338 11.309999999999999
    endloop
  endfacet
  facet normal -0.04906767432741783 0.9987954562051724 0
    outer loop
      vertex -0.9455844122715709 2.6544155877284292 0
      vertex -1.298446117457989 2.637080603748338 11.309999999999999
      vertex -0.9455844122715709 2.6544155877284292 11.309999999999999
    endloop
  endfacet
  facet normal 0.04906767432741783 0.9987954562051724 0
    outer loop
      vertex -0.5927227070851526 2.637080603748338 0
      vertex -0.9455844122715709 2.6544155877284292 11.309999999999999
      vertex -0.5927227070851526 2.637080603748338 11.309999999999999
    endloop
  endfacet
  facet normal 0.14673047445536216 0.9891765099647809 0
    outer loop
      vertex -0.24325925301350915 2.5852425971800588 0
      vertex -0.5927227070851526 2.637080603748338 11.309999999999999
      vertex -0.24325925301350915 2.5852425971800588 11.309999999999999
    endloop
  endfacet
  facet normal 0.24298017990326282 0.9700312531945443 0
    outer loop
      vertex -0.24325925301350915 2.5852425971800588 0
      vertex -0.24325925301350915 2.5852425971800588 11.309999999999999
      vertex 0 2.5243093263542975 11.309999999999999
    endloop
  endfacet
  facet normal 0 0 1
    outer loop
      vertex -1.9906092503876354 -4.390569620907523 11.309999999999999
      vertex -2.056724878310775 -2.6085236368766616 11.309999999999999
      vertex -2.3232447687858944 -4.271550729312203 11.309999999999999
    endloop
  endfacet
  facet normal 0 0 1
    outer loop
      vertex -1.9906092503876354 -4.390569620907523 11.309999999999999
      vertex -1.6479095715296326 -4.476411421723201 11.309999999999999
      vertex -1.7109512770017505 -2.7933434772941443 11.309999999999999
    endloop
  endfacet
  facet normal 0 0 1
    outer loop
      vertex -2.6426126648451627 -4.1205009639256485 11.309999999999999
      vertex -2.3232447687858944 -4.271550729312203 11.309999999999999
      vertex -2.359797974644666 -2.359797974644666 11.309999999999999
    endloop
  endfacet
  facet normal 0 0 1
    outer loop
      vertex -2.9456372511421387 -3.9388750165607336 11.309999999999999
      vertex -2.6426126648451627 -4.1205009639256485 11.309999999999999
      vertex -2.7094269409682807 -1.8883778859235663 11.309999999999999
    endloop
  endfacet
  facet normal 0 0 1
    outer loop
      vertex -1.6479095715296326 -4.476411421723201 11.309999999999999
      vertex -1.5261537667804954 -2.8594650837359885 11.309999999999999
      vertex -1.7109512770017505 -2.7933434772941443 11.309999999999999
    endloop
  endfacet
  facet normal 0 0 1
    outer loop
      vertex -1.9906092503876354 -4.390569620907523 11.309999999999999
      vertex -1.8883778859235663 -2.7094269409682807 11.309999999999999
      vertex -2.056724878310775 -2.6085236368766616 11.309999999999999
    endloop
  endfacet
  facet normal 0 0 1
    outer loop
      vertex -2.3232447687858944 -4.271550729312203 11.309999999999999
      vertex -2.214370980598862 -2.4916053189970446 11.309999999999999
      vertex -2.359797974644666 -2.359797974644666 11.309999999999999
    endloop
  endfacet
  facet normal 0 0 1
    outer loop
      vertex -2.3232447687858944 -4.271550729312203 11.309999999999999
      vertex -2.056724878310775 -2.6085236368766616 11.309999999999999
      vertex -2.214370980598862 -2.4916053189970446 11.309999999999999
    endloop
  endfacet
  facet normal 0 0 1
    outer loop
      vertex -1.9906092503876354 -4.390569620907523 11.309999999999999
      vertex -1.7109512770017505 -2.7933434772941443 11.309999999999999
      vertex -1.8883778859235663 -2.7094269409682807 11.309999999999999
    endloop
  endfacet
  facet normal 0 0 1
    outer loop
      vertex -4.1205009639256485 -2.6426126648451627 11.309999999999999
      vertex -4.271550729312203 0.4320759442427524 11.309999999999999
      vertex -4.271550729312203 -2.3232447687858944 11.309999999999999
    endloop
  endfacet
  facet normal 0 0 1
    outer loop
      vertex -4.271550729312203 -2.3232447687858944 11.309999999999999
      vertex -4.390569620907523 0.09944042584449364 11.309999999999999
      vertex -4.390569620907523 -1.9906092503876354 11.309999999999999
    endloop
  endfacet
  facet normal 0 0 1
    outer loop
      vertex -3.9388750165607336 -2.9456372511421387 11.309999999999999
      vertex -4.1205009639256485 0.7514438403020207 11.309999999999999
      vertex -4.1205009639256485 -2.6426126648451627 11.309999999999999
    endloop
  endfacet
  facet normal 0 0 1
    outer loop
      vertex -3.9388750165607336 -2.9456372511421387 11.309999999999999
      vertex -3.728422044377424 -3.2294002352606945 11.309999999999999
      vertex -3.9388750165607336 1.054468426598997 11.309999999999999
    endloop
  endfacet
  facet normal 0 0 1
    outer loop
      vertex -3.4911688245431423 -3.4911688245431423 11.309999999999999
      vertex -3.728422044377424 1.3382314107175528 11.309999999999999
      vertex -3.728422044377424 -3.2294002352606945 11.309999999999999
    endloop
  endfacet
  facet normal 0 0 1
    outer loop
      vertex -3.2294002352606945 -3.728422044377424 11.309999999999999
      vertex -2.9456372511421387 -3.9388750165607336 11.309999999999999
      vertex -3.2294002352606945 1.8372532198342824 11.309999999999999
    endloop
  endfacet
  facet normal 0 0 1
    outer loop
      vertex -3.4911688245431423 -3.4911688245431423 11.309999999999999
      vertex -3.2294002352606945 -3.728422044377424 11.309999999999999
      vertex -3.4911688245431423 1.6000000000000005 11.309999999999999
    endloop
  endfacet
  facet normal 0 0 1
    outer loop
      vertex -2.6426126648451627 -4.1205009639256485 11.309999999999999
      vertex -2.4916053189970446 -2.214370980598862 11.309999999999999
      vertex -2.6085236368766616 -2.056724878310775 11.309999999999999
    endloop
  endfacet
  facet normal 0 0 1
    outer loop
      vertex -2.6426126648451627 -4.1205009639256485 11.309999999999999
      vertex -2.359797974644666 -2.359797974644666 11.309999999999999
      vertex -2.4916053189970446 -2.214370980598862 11.309999999999999
    endloop
  endfacet
  facet normal 0 0 1
    outer loop
      vertex -2.6426126648451627 -4.1205009639256485 11.309999999999999
      vertex -2.6085236368766616 -2.056724878310775 11.309999999999999
      vertex -2.7094269409682807 -1.8883778859235663 11.309999999999999
    endloop
  endfacet
  facet normal 0 0 1
    outer loop
      vertex -2.9456372511421387 -3.9388750165607336 11.309999999999999
      vertex -2.7094269409682807 -1.8883778859235663 11.309999999999999
      vertex -2.7933434772941443 -1.7109512770017505 11.309999999999999
    endloop
  endfacet
  facet normal 0 0 1
    outer loop
      vertex -2.9456372511421387 -3.9388750165607336 11.309999999999999
      vertex -2.7933434772941443 -1.7109512770017505 11.309999999999999
      vertex -2.8594650837359885 -1.5261537667804954 11.309999999999999
    endloop
  endfacet
  facet normal 0 0 1
    outer loop
      vertex -2.9456372511421387 -3.9388750165607336 11.309999999999999
      vertex -2.8594650837359885 -1.5261537667804954 11.309999999999999
      vertex -2.9071549730780317 -1.3357650563038272 11.309999999999999
    endloop
  endfacet
  facet normal 0 0 1
    outer loop
      vertex -2.9456372511421387 -3.9388750165607336 11.309999999999999
      vertex -2.9071549730780317 -1.3357650563038272 11.309999999999999
      vertex -2.9359538656159647 -1.1416186929306922 11.309999999999999
    endloop
  endfacet
  facet normal 0 0 1
    outer loop
      vertex -2.9456372511421387 -3.9388750165607336 11.309999999999999
      vertex -2.9359538656159647 -1.1416186929306922 11.309999999999999
      vertex -2.945584412271571 -0.9455844122715709 11.309999999999999
    endloop
  endfacet
  facet normal 0 0 1
    outer loop
      vertex -1.6479095715296326 -4.476411421723201 11.309999999999999
      vertex -1.298446117457989 -4.528249428291479 11.309999999999999
      vertex -1.3357650563038272 -2.9071549730780317 11.309999999999999
    endloop
  endfacet
  facet normal 0 0 1
    outer loop
      vertex -1.298446117457989 -4.528249428291479 11.309999999999999
      vertex -0.9455844122715709 -4.545584412271571 11.309999999999999
      vertex -0.9455844122715709 -2.945584412271571 11.309999999999999
    endloop
  endfacet
  facet normal 0 0 1
    outer loop
      vertex -0.9455844122715709 -4.545584412271571 11.309999999999999
      vertex -0.5927227070851526 -4.528249428291479 11.309999999999999
      vertex -0.9455844122715709 -2.945584412271571 11.309999999999999
    endloop
  endfacet
  facet normal 0 0 1
    outer loop
      vertex -0.5927227070851526 -4.528249428291479 11.309999999999999
      vertex -0.24325925301350915 -4.476411421723201 11.309999999999999
      vertex -0.5554037682393144 -2.9071549730780317 11.309999999999999
    endloop
  endfacet
  facet normal 0 0 1
    outer loop
      vertex -1.6479095715296326 -4.476411421723201 11.309999999999999
      vertex -1.3357650563038272 -2.9071549730780317 11.309999999999999
      vertex -1.5261537667804954 -2.8594650837359885 11.309999999999999
    endloop
  endfacet
  facet normal 0 0 1
    outer loop
      vertex -1.298446117457989 -4.528249428291479 11.309999999999999
      vertex -1.1416186929306922 -2.9359538656159647 11.309999999999999
      vertex -1.3357650563038272 -2.9071549730780317 11.309999999999999
    endloop
  endfacet
  facet normal 0 0 1
    outer loop
      vertex -1.298446117457989 -4.528249428291479 11.309999999999999
      vertex -0.9455844122715709 -2.945584412271571 11.309999999999999
      vertex -1.1416186929306922 -2.9359538656159647 11.309999999999999
    endloop
  endfacet
  facet normal 0 0 1
    outer loop
      vertex -0.5927227070851526 -4.528249428291479 11.309999999999999
      vertex -0.7495501316124497 -2.9359538656159647 11.309999999999999
      vertex -0.9455844122715709 -2.945584412271571 11.309999999999999
    endloop
  endfacet
  facet normal 0 0 1
    outer loop
      vertex -0.5927227070851526 -4.528249428291479 11.309999999999999
      vertex -0.5554037682393144 -2.9071549730780317 11.309999999999999
      vertex -0.7495501316124497 -2.9359538656159647 11.309999999999999
    endloop
  endfacet
  facet normal 0 0 1
    outer loop
      vertex -0.24325925301350915 -4.476411421723201 11.309999999999999
      vertex -0.3650150577626462 -2.8594650837359885 11.309999999999999
      vertex -0.5554037682393144 -2.9071549730780317 11.309999999999999
    endloop
  endfacet
  facet normal 0 0 1
    outer loop
      vertex -0.24325925301350915 -4.476411421723201 11.309999999999999
      vertex -0.1802175475413913 -2.7933434772941443 11.309999999999999
      vertex -0.3650150577626462 -2.8594650837359885 11.309999999999999
    endloop
  endfacet
  facet normal 0 0 1
    outer loop
      vertex -0.24325925301350915 -4.476411421723201 11.309999999999999
      vertex 0.09944042584449364 -4.390569620907523 11.309999999999999
      vertex -0.1802175475413913 -2.7933434772941443 11.309999999999999
    endloop
  endfacet
  facet normal 0 0 1
    outer loop
      vertex 0.09944042584449364 -4.390569620907523 11.309999999999999
      vertex 0.4320759442427524 -4.271550729312203 11.309999999999999
      vertex 0.1655560537676335 -2.6085236368766616 11.309999999999999
    endloop
  endfacet
  facet normal 0 0 1
    outer loop
      vertex 0.09944042584449364 -4.390569620907523 11.309999999999999
      vertex -0.002790938619575578 -2.7094269409682807 11.309999999999999
      vertex -0.1802175475413913 -2.7933434772941443 11.309999999999999
    endloop
  endfacet
  facet normal 0 0 1
    outer loop
      vertex 0.09944042584449364 -4.390569620907523 11.309999999999999
      vertex 0.1655560537676335 -2.6085236368766616 11.309999999999999
      vertex -0.002790938619575578 -2.7094269409682807 11.309999999999999
    endloop
  endfacet
  facet normal 0 0 1
    outer loop
      vertex 0.4320759442427524 -4.271550729312203 11.309999999999999
      vertex 0.3232021560557201 -2.4916053189970446 11.309999999999999
      vertex 0.1655560537676335 -2.6085236368766616 11.309999999999999
    endloop
  endfacet
  facet normal 0 0 1
    outer loop
      vertex 0.4320759442427524 -4.271550729312203 11.309999999999999
      vertex 0.4686291501015243 -2.359797974644666 11.309999999999999
      vertex 0.3232021560557201 -2.4916053189970446 11.309999999999999
    endloop
  endfacet
  facet normal 0 0 1
    outer loop
      vertex 0.4320759442427524 -4.271550729312203 11.309999999999999
      vertex 0.6004364944539031 -2.214370980598862 11.309999999999999
      vertex 0.4686291501015243 -2.359797974644666 11.309999999999999
    endloop
  endfacet
  facet normal 0 0 1
    outer loop
      vertex 0.4320759442427524 -4.271550729312203 11.309999999999999
      vertex 0.7173548123335196 -2.056724878310775 11.309999999999999
      vertex 0.6004364944539031 -2.214370980598862 11.309999999999999
    endloop
  endfacet
  facet normal 0 0 1
    outer loop
      vertex 0.4320759442427524 -4.271550729312203 11.309999999999999
      vertex 0.8182581164251392 -1.8883778859235663 11.309999999999999
      vertex 0.7173548123335196 -2.056724878310775 11.309999999999999
    endloop
  endfacet
  facet normal 0 0 1
    outer loop
      vertex 0.4320759442427524 -4.271550729312203 11.309999999999999
      vertex 0.9021746527510026 -1.7109512770017505 11.309999999999999
      vertex 0.8182581164251392 -1.8883778859235663 11.309999999999999
    endloop
  endfacet
  facet normal 0 0 1
    outer loop
      vertex 0.4320759442427524 -4.271550729312203 11.309999999999999
      vertex 0.7514438403020207 -4.1205009639256485 11.309999999999999
      vertex 2.5243093263542975 0 11.309999999999999
    endloop
  endfacet
  facet normal 0 0 1
    outer loop
      vertex 0.4320759442427524 -4.271550729312203 11.309999999999999
      vertex 0.9682962591928468 -1.5261537667804954 11.309999999999999
      vertex 0.9021746527510026 -1.7109512770017505 11.309999999999999
    endloop
  endfacet
  facet normal 0 0 1
    outer loop
      vertex 0.4320759442427524 -4.271550729312203 11.309999999999999
      vertex 2.5243093263542975 0 11.309999999999999
      vertex 0.9682962591928468 -1.5261537667804954 11.309999999999999
    endloop
  endfacet
  facet normal 0 0 1
    outer loop
      vertex -4.390569620907523 -1.9906092503876354 11.309999999999999
      vertex -4.476411421723201 -0.24325925301350915 11.309999999999999
      vertex -4.476411421723201 -1.6479095715296326 11.309999999999999
    endloop
  endfacet
  facet normal 0 0 1
    outer loop
      vertex -4.476411421723201 -1.6479095715296326 11.309999999999999
      vertex -4.528249428291479 -0.5927227070851526 11.309999999999999
      vertex -4.528249428291479 -1.298446117457989 11.309999999999999
    endloop
  endfacet
  facet normal 0 0 1
    outer loop
      vertex -4.528249428291479 -1.298446117457989 11.309999999999999
      vertex -4.528249428291479 -0.5927227070851526 11.309999999999999
      vertex -4.545584412271571 -0.9455844122715709 11.309999999999999
    endloop
  endfacet
  facet normal 0 0 1
    outer loop
      vertex -4.476411421723201 -1.6479095715296326 11.309999999999999
      vertex -4.476411421723201 -0.24325925301350915 11.309999999999999
      vertex -4.528249428291479 -0.5927227070851526 11.309999999999999
    endloop
  endfacet
  facet normal 0 0 1
    outer loop
      vertex -4.390569620907523 -1.9906092503876354 11.309999999999999
      vertex -4.390569620907523 0.09944042584449364 11.309999999999999
      vertex -4.476411421723201 -0.24325925301350915 11.309999999999999
    endloop
  endfacet
  facet normal 0 0 1
    outer loop
      vertex -4.271550729312203 -2.3232447687858944 11.309999999999999
      vertex -4.271550729312203 0.4320759442427524 11.309999999999999
      vertex -4.390569620907523 0.09944042584449364 11.309999999999999
    endloop
  endfacet
  facet normal 0 0 1
    outer loop
      vertex -4.1205009639256485 -2.6426126648451627 11.309999999999999
      vertex -4.1205009639256485 0.7514438403020207 11.309999999999999
      vertex -4.271550729312203 0.4320759442427524 11.309999999999999
    endloop
  endfacet
  facet normal 0 0 1
    outer loop
      vertex -3.9388750165607336 -2.9456372511421387 11.309999999999999
      vertex -3.9388750165607336 1.054468426598997 11.309999999999999
      vertex -4.1205009639256485 0.7514438403020207 11.309999999999999
    endloop
  endfacet
  facet normal 0 0 1
    outer loop
      vertex -3.728422044377424 -3.2294002352606945 11.309999999999999
      vertex -3.728422044377424 1.3382314107175528 11.309999999999999
      vertex -3.9388750165607336 1.054468426598997 11.309999999999999
    endloop
  endfacet
  facet normal 0 0 1
    outer loop
      vertex -3.4911688245431423 -3.4911688245431423 11.309999999999999
      vertex -3.4911688245431423 1.6000000000000005 11.309999999999999
      vertex -3.728422044377424 1.3382314107175528 11.309999999999999
    endloop
  endfacet
  facet normal 0 0 1
    outer loop
      vertex -3.2294002352606945 -3.728422044377424 11.309999999999999
      vertex -3.2294002352606945 1.8372532198342824 11.309999999999999
      vertex -3.4911688245431423 1.6000000000000005 11.309999999999999
    endloop
  endfacet
  facet normal 0 0 1
    outer loop
      vertex -2.9456372511421387 -3.9388750165607336 11.309999999999999
      vertex -2.945584412271571 -0.9455844122715709 11.309999999999999
      vertex -2.9456372511421387 2.047706192017592 11.309999999999999
    endloop
  endfacet
  facet normal 0 0 1
    outer loop
      vertex -2.9456372511421387 -3.9388750165607336 11.309999999999999
      vertex -2.9456372511421387 2.047706192017592 11.309999999999999
      vertex -3.2294002352606945 1.8372532198342824 11.309999999999999
    endloop
  endfacet
  facet normal 0 0 1
    outer loop
      vertex -2.945584412271571 -0.9455844122715709 11.309999999999999
      vertex -2.9359538656159647 -0.7495501316124497 11.309999999999999
      vertex -2.9456372511421387 2.047706192017592 11.309999999999999
    endloop
  endfacet
  facet normal 0 0 1
    outer loop
      vertex -2.9359538656159647 -0.7495501316124497 11.309999999999999
      vertex -2.9071549730780317 -0.5554037682393144 11.309999999999999
      vertex -2.9456372511421387 2.047706192017592 11.309999999999999
    endloop
  endfacet
  facet normal 0 0 1
    outer loop
      vertex -2.9071549730780317 -0.5554037682393144 11.309999999999999
      vertex -2.8594650837359885 -0.3650150577626462 11.309999999999999
      vertex -2.9456372511421387 2.047706192017592 11.309999999999999
    endloop
  endfacet
  facet normal 0 0 1
    outer loop
      vertex -2.8594650837359885 -0.3650150577626462 11.309999999999999
      vertex -2.7933434772941443 -0.1802175475413913 11.309999999999999
      vertex -2.9456372511421387 2.047706192017592 11.309999999999999
    endloop
  endfacet
  facet normal 0 0 1
    outer loop
      vertex -2.7933434772941443 -0.1802175475413913 11.309999999999999
      vertex -2.7094269409682807 -0.002790938619575578 11.309999999999999
      vertex -2.9456372511421387 2.047706192017592 11.309999999999999
    endloop
  endfacet
  facet normal 0 0 1
    outer loop
      vertex -2.7094269409682807 -0.002790938619575578 11.309999999999999
      vertex -2.6085236368766616 0.1655560537676335 11.309999999999999
      vertex -2.6426126648451627 2.229332139382507 11.309999999999999
    endloop
  endfacet
  facet normal 0 0 1
    outer loop
      vertex -2.6085236368766616 0.1655560537676335 11.309999999999999
      vertex -2.4916053189970446 0.3232021560557201 11.309999999999999
      vertex -2.6426126648451627 2.229332139382507 11.309999999999999
    endloop
  endfacet
  facet normal 0 0 1
    outer loop
      vertex -2.4916053189970446 0.3232021560557201 11.309999999999999
      vertex -2.359797974644666 0.4686291501015243 11.309999999999999
      vertex -2.6426126648451627 2.229332139382507 11.309999999999999
    endloop
  endfacet
  facet normal 0 0 1
    outer loop
      vertex -2.7094269409682807 -0.002790938619575578 11.309999999999999
      vertex -2.6426126648451627 2.229332139382507 11.309999999999999
      vertex -2.9456372511421387 2.047706192017592 11.309999999999999
    endloop
  endfacet
  facet normal 0 0 1
    outer loop
      vertex -2.359797974644666 0.4686291501015243 11.309999999999999
      vertex -2.3232447687858944 2.3803819047690613 11.309999999999999
      vertex -2.6426126648451627 2.229332139382507 11.309999999999999
    endloop
  endfacet
  facet normal 0 0 1
    outer loop
      vertex -2.359797974644666 0.4686291501015243 11.309999999999999
      vertex -2.214370980598862 0.6004364944539031 11.309999999999999
      vertex -2.3232447687858944 2.3803819047690613 11.309999999999999
    endloop
  endfacet
  facet normal 0 0 1
    outer loop
      vertex -2.214370980598862 0.6004364944539031 11.309999999999999
      vertex -2.056724878310775 0.7173548123335196 11.309999999999999
      vertex -2.3232447687858944 2.3803819047690613 11.309999999999999
    endloop
  endfacet
  facet normal 0 0 1
    outer loop
      vertex -2.056724878310775 0.7173548123335196 11.309999999999999
      vertex -1.8883778859235663 0.8182581164251392 11.309999999999999
      vertex -1.9906092503876354 2.499400796364381 11.309999999999999
    endloop
  endfacet
  facet normal 0 0 1
    outer loop
      vertex -1.8883778859235663 0.8182581164251392 11.309999999999999
      vertex -1.7109512770017505 0.9021746527510026 11.309999999999999
      vertex -1.9906092503876354 2.499400796364381 11.309999999999999
    endloop
  endfacet
  facet normal 0 0 1
    outer loop
      vertex -1.7109512770017505 0.9021746527510026 11.309999999999999
      vertex -1.5261537667804954 0.9682962591928468 11.309999999999999
      vertex -1.6479095715296326 2.5852425971800588 11.309999999999999
    endloop
  endfacet
  facet normal 0 0 1
    outer loop
      vertex -2.056724878310775 0.7173548123335196 11.309999999999999
      vertex -1.9906092503876354 2.499400796364381 11.309999999999999
      vertex -2.3232447687858944 2.3803819047690613 11.309999999999999
    endloop
  endfacet
  facet normal 0 0 1
    outer loop
      vertex -1.5261537667804954 0.9682962591928468 11.309999999999999
      vertex -1.3357650563038272 1.01598614853489 11.309999999999999
      vertex -1.6479095715296326 2.5852425971800588 11.309999999999999
    endloop
  endfacet
  facet normal 0 0 1
    outer loop
      vertex -1.3357650563038272 1.01598614853489 11.309999999999999
      vertex -1.1416186929306922 1.044785041072823 11.309999999999999
      vertex -1.298446117457989 2.637080603748338 11.309999999999999
    endloop
  endfacet
  facet normal 0 0 1
    outer loop
      vertex -1.1416186929306922 1.044785041072823 11.309999999999999
      vertex -0.9455844122715709 1.0544155877284291 11.309999999999999
      vertex -0.9455844122715709 2.6544155877284292 11.309999999999999
    endloop
  endfacet
  facet normal 0 0 1
    outer loop
      vertex -0.3650150577626462 0.9682962591928468 11.309999999999999
      vertex -0.1802175475413913 0.9021746527510026 11.309999999999999
      vertex -0.24325925301350915 2.5852425971800588 11.309999999999999
    endloop
  endfacet
  facet normal 0 0 1
    outer loop
      vertex -0.9455844122715709 1.0544155877284291 11.309999999999999
      vertex -0.7495501316124497 1.044785041072823 11.309999999999999
      vertex -0.5927227070851526 2.637080603748338 11.309999999999999
    endloop
  endfacet
  facet normal 0 0 1
    outer loop
      vertex -0.7495501316124497 1.044785041072823 11.309999999999999
      vertex -0.5554037682393144 1.01598614853489 11.309999999999999
      vertex -0.5927227070851526 2.637080603748338 11.309999999999999
    endloop
  endfacet
  facet normal 0 0 1
    outer loop
      vertex -0.5554037682393144 1.01598614853489 11.309999999999999
      vertex -0.3650150577626462 0.9682962591928468 11.309999999999999
      vertex -0.24325925301350915 2.5852425971800588 11.309999999999999
    endloop
  endfacet
  facet normal 0 0 1
    outer loop
      vertex -0.002790938619575578 0.8182581164251392 11.309999999999999
      vertex 0.0688993877145023 0.7752885884523631 11.309999999999999
      vertex 0 2.5243093263542975 11.309999999999999
    endloop
  endfacet
  facet normal 0 0 1
    outer loop
      vertex -0.1802175475413913 0.9021746527510026 11.309999999999999
      vertex -0.002790938619575578 0.8182581164251392 11.309999999999999
      vertex 0 2.5243093263542975 11.309999999999999
    endloop
  endfacet
  facet normal 0 0 1
    outer loop
      vertex 0.7514438403020207 -4.1205009639256485 11.309999999999999
      vertex 1.054468426598997 -3.9388750165607336 11.309999999999999
      vertex 2.5243093263542975 0 11.309999999999999
    endloop
  endfacet
  facet normal 0 0 1
    outer loop
      vertex 1.054468426598997 -3.9388750165607336 11.309999999999999
      vertex 1.3382314107175528 -3.728422044377424 11.309999999999999
      vertex 2.5243093263542975 0 11.309999999999999
    endloop
  endfacet
  facet normal 0 0 1
    outer loop
      vertex 1.3382314107175528 -3.728422044377424 11.309999999999999
      vertex 1.6000000000000005 -3.4911688245431423 11.309999999999999
      vertex 2.5243093263542975 0 11.309999999999999
    endloop
  endfacet
  facet normal 0 0 1
    outer loop
      vertex 1.6000000000000005 -3.4911688245431423 11.309999999999999
      vertex 1.8372532198342824 -3.2294002352606945 11.309999999999999
      vertex 2.5243093263542975 0 11.309999999999999
    endloop
  endfacet
  facet normal 0 0 1
    outer loop
      vertex 1.8372532198342824 -3.2294002352606945 11.309999999999999
      vertex 2.047706192017592 -2.9456372511421387 11.309999999999999
      vertex 2.5243093263542975 0 11.309999999999999
    endloop
  endfacet
  facet normal 0 0 1
    outer loop
      vertex 2.047706192017592 -2.9456372511421387 11.309999999999999
      vertex 2.229332139382507 -2.6426126648451627 11.309999999999999
      vertex 2.5243093263542975 0 11.309999999999999
    endloop
  endfacet
  facet normal 0 0 1
    outer loop
      vertex 2.229332139382507 -2.6426126648451627 11.309999999999999
      vertex 2.3803819047690613 -2.3232447687858944 11.309999999999999
      vertex 2.5243093263542975 0 11.309999999999999
    endloop
  endfacet
  facet normal 0 0 1
    outer loop
      vertex 2.3803819047690613 -2.3232447687858944 11.309999999999999
      vertex 2.499400796364381 -1.9906092503876354 11.309999999999999
      vertex 2.5243093263542975 0 11.309999999999999
    endloop
  endfacet
  facet normal 0 0 1
    outer loop
      vertex 0.9682962591928468 -1.5261537667804954 11.309999999999999
      vertex 2.5243093263542975 0 11.309999999999999
      vertex 1.01598614853489 -1.3357650563038272 11.309999999999999
    endloop
  endfacet
  facet normal 0 0 1
    outer loop
      vertex 1.01598614853489 -1.3357650563038272 11.309999999999999
      vertex 2.5243093263542975 0 11.309999999999999
      vertex 1.044785041072823 -1.1416186929306922 11.309999999999999
    endloop
  endfacet
  facet normal 0 0 1
    outer loop
      vertex 1.044785041072823 -1.1416186929306922 11.309999999999999
      vertex 2.5243093263542975 0 11.309999999999999
      vertex 1.0544155877284291 -0.9455844122715709 11.309999999999999
    endloop
  endfacet
  facet normal 0 0 1
    outer loop
      vertex 1.0544155877284291 -0.9455844122715709 11.309999999999999
      vertex 2.5243093263542975 0 11.309999999999999
      vertex 1.044785041072823 -0.7495501316124497 11.309999999999999
    endloop
  endfacet
  facet normal 0 0 1
    outer loop
      vertex 2.499400796364381 -1.9906092503876354 11.309999999999999
      vertex 2.5852425971800588 -1.6479095715296326 11.309999999999999
      vertex 2.5243093263542975 0 11.309999999999999
    endloop
  endfacet
  facet normal 0 0 1
    outer loop
      vertex 2.5852425971800588 -1.6479095715296326 11.309999999999999
      vertex 2.637080603748338 -1.298446117457989 11.309999999999999
      vertex 2.5852425971800588 -0.24325925301350915 11.309999999999999
    endloop
  endfacet
  facet normal 0 0 1
    outer loop
      vertex 2.637080603748338 -1.298446117457989 11.309999999999999
      vertex 2.6544155877284292 -0.9455844122715709 11.309999999999999
      vertex 2.637080603748338 -0.5927227070851526 11.309999999999999
    endloop
  endfacet
  facet normal 0 0 1
    outer loop
      vertex 2.5852425971800588 -1.6479095715296326 11.309999999999999
      vertex 2.5852425971800588 -0.24325925301350915 11.309999999999999
      vertex 2.5243093263542975 0 11.309999999999999
    endloop
  endfacet
  facet normal 0 0 1
    outer loop
      vertex 2.637080603748338 -1.298446117457989 11.309999999999999
      vertex 2.637080603748338 -0.5927227070851526 11.309999999999999
      vertex 2.5852425971800588 -0.24325925301350915 11.309999999999999
    endloop
  endfacet
  facet normal 0 0 1
    outer loop
      vertex 1.044785041072823 -0.7495501316124497 11.309999999999999
      vertex 2.5243093263542975 0 11.309999999999999
      vertex 1.01598614853489 -0.5554037682393144 11.309999999999999
    endloop
  endfacet
  facet normal 0 0 1
    outer loop
      vertex 1.01598614853489 -0.5554037682393144 11.309999999999999
      vertex 2.5243093263542975 0 11.309999999999999
      vertex 0.9682962591928468 -0.3650150577626462 11.309999999999999
    endloop
  endfacet
  facet normal 0 0 1
    outer loop
      vertex 0.9021746527510026 -0.1802175475413913 11.309999999999999
      vertex 0.9682962591928468 -0.3650150577626462 11.309999999999999
      vertex 2.5243093263542975 0 11.309999999999999
    endloop
  endfacet
  facet normal 0 0 1
    outer loop
      vertex 0.9021746527510026 -0.1802175475413913 11.309999999999999
      vertex 2.5243093263542975 0 11.309999999999999
      vertex 0.8182581164251392 -0.002790938619575578 11.309999999999999
    endloop
  endfacet
  facet normal 0 0 1
    outer loop
      vertex 0.8182581164251392 -0.002790938619575578 11.309999999999999
      vertex 2.5243093263542975 0 11.309999999999999
      vertex 0.8165852921932436 0 11.309999999999999
    endloop
  endfacet
  facet normal 0 0 1
    outer loop
      vertex -1.7109512770017505 0.9021746527510026 11.309999999999999
      vertex -1.6479095715296326 2.5852425971800588 11.309999999999999
      vertex -1.9906092503876354 2.499400796364381 11.309999999999999
    endloop
  endfacet
  facet normal 0 0 1
    outer loop
      vertex -1.3357650563038272 1.01598614853489 11.309999999999999
      vertex -1.298446117457989 2.637080603748338 11.309999999999999
      vertex -1.6479095715296326 2.5852425971800588 11.309999999999999
    endloop
  endfacet
  facet normal 0 0 1
    outer loop
      vertex -1.1416186929306922 1.044785041072823 11.309999999999999
      vertex -0.9455844122715709 2.6544155877284292 11.309999999999999
      vertex -1.298446117457989 2.637080603748338 11.309999999999999
    endloop
  endfacet
  facet normal 0 0 1
    outer loop
      vertex -0.9455844122715709 1.0544155877284291 11.309999999999999
      vertex -0.5927227070851526 2.637080603748338 11.309999999999999
      vertex -0.9455844122715709 2.6544155877284292 11.309999999999999
    endloop
  endfacet
  facet normal 0 0 1
    outer loop
      vertex -0.5554037682393144 1.01598614853489 11.309999999999999
      vertex -0.24325925301350915 2.5852425971800588 11.309999999999999
      vertex -0.5927227070851526 2.637080603748338 11.309999999999999
    endloop
  endfacet
  facet normal 0 0 1
    outer loop
      vertex -0.1802175475413913 0.9021746527510026 11.309999999999999
      vertex 0 2.5243093263542975 11.309999999999999
      vertex -0.24325925301350915 2.5852425971800588 11.309999999999999
    endloop
  endfacet
  facet normal 0 0 -1
    outer loop
      vertex 83.54176858928244 -3.728422044377424 0
      vertex 82.3556906736457 0 0
      vertex 83.825531573401 -3.9388750165607336 0
    endloop
  endfacet
  facet normal 0 0 -1
    outer loop
      vertex 82.3556906736457 0 0
      vertex 84.12855615969798 -4.1205009639256485 0
      vertex 83.825531573401 -3.9388750165607336 0
    endloop
  endfacet
  facet normal 0 0 -1
    outer loop
      vertex 83.54176858928244 -3.728422044377424 0
      vertex 83.28 -3.4911688245431423 0
      vertex 82.3556906736457 0 0
    endloop
  endfacet
  facet normal 0 0 -1
    outer loop
      vertex 83.28 -3.4911688245431423 0
      vertex 83.04274678016571 -3.2294002352606945 0
      vertex 82.3556906736457 0 0
    endloop
  endfacet
  facet normal 0 0 -1
    outer loop
      vertex 83.04274678016571 -3.2294002352606945 0
      vertex 82.83229380798241 -2.9456372511421387 0
      vertex 82.3556906736457 0 0
    endloop
  endfacet
  facet normal 0 0 -1
    outer loop
      vertex 82.83229380798241 -2.9456372511421387 0
      vertex 82.65066786061749 -2.6426126648451627 0
      vertex 82.3556906736457 0 0
    endloop
  endfacet
  facet normal 0 0 -1
    outer loop
      vertex 82.49961809523093 -2.3232447687858944 0
      vertex 82.38059920363561 -1.9906092503876354 0
      vertex 82.3556906736457 0 0
    endloop
  endfacet
  facet normal 0 0 -1
    outer loop
      vertex 82.65066786061749 -2.6426126648451627 0
      vertex 82.49961809523093 -2.3232447687858944 0
      vertex 82.3556906736457 0 0
    endloop
  endfacet
  facet normal 0 0 -1
    outer loop
      vertex 82.3556906736457 0 0
      vertex 83.67907330643054 -1.5967214375547782 0
      vertex 84.44792405575724 -4.271550729312203 0
    endloop
  endfacet
  facet normal 0 0 -1
    outer loop
      vertex 82.38059920363561 -1.9906092503876354 0
      vertex 82.29475740281994 -1.6479095715296326 0
      vertex 82.3556906736457 0 0
    endloop
  endfacet
  facet normal 0 0 -1
    outer loop
      vertex 82.24291939625166 -1.298446117457989 0
      vertex 82.22558441227157 -0.9455844122715709 0
      vertex 82.24291939625166 -0.5927227070851526 0
    endloop
  endfacet
  facet normal 0 0 -1
    outer loop
      vertex 82.29475740281994 -1.6479095715296326 0
      vertex 82.24291939625166 -1.298446117457989 0
      vertex 82.29475740281994 -0.24325925301350915 0
    endloop
  endfacet
  facet normal 0 0 -1
    outer loop
      vertex 82.24291939625166 -1.298446117457989 0
      vertex 82.24291939625166 -0.5927227070851526 0
      vertex 82.29475740281994 -0.24325925301350915 0
    endloop
  endfacet
  facet normal 0 0 -1
    outer loop
      vertex 82.29475740281994 -1.6479095715296326 0
      vertex 82.29475740281994 -0.24325925301350915 0
      vertex 82.3556906736457 0 0
    endloop
  endfacet
  facet normal 0 0 -1
    outer loop
      vertex 82.3556906736457 0 0
      vertex 83.62558675492537 -1.3831911545240059 0
      vertex 83.67907330643054 -1.5967214375547782 0
    endloop
  endfacet
  facet normal 0 0 -1
    outer loop
      vertex 82.3556906736457 0 0
      vertex 83.58248625276237 -0.9455844122715709 0
      vertex 83.59328738350149 -1.1654464793451633 0
    endloop
  endfacet
  facet normal 0 0 -1
    outer loop
      vertex 82.3556906736457 0 0
      vertex 83.59328738350149 -0.7257223451979783 0
      vertex 83.58248625276237 -0.9455844122715709 0
    endloop
  endfacet
  facet normal 0 0 -1
    outer loop
      vertex 82.3556906736457 0 0
      vertex 83.59328738350149 -1.1654464793451633 0
      vertex 83.62558675492537 -1.3831911545240059 0
    endloop
  endfacet
  facet normal 0 0 -1
    outer loop
      vertex 82.3556906736457 0 0
      vertex 83.62558675492537 -0.507977670019136 0
      vertex 83.59328738350149 -0.7257223451979783 0
    endloop
  endfacet
  facet normal 0 0 -1
    outer loop
      vertex 82.3556906736457 0 0
      vertex 83.67907330643054 -0.29444738698836354 0
      vertex 83.62558675492537 -0.507977670019136 0
    endloop
  endfacet
  facet normal 0 0 -1
    outer loop
      vertex 82.3556906736457 0 0
      vertex 83.75323193328727 -0.08718790945877365 0
      vertex 83.67907330643054 -0.29444738698836354 0
    endloop
  endfacet
  facet normal 0 0 -1
    outer loop
      vertex 82.3556906736457 0 0
      vertex 83.79446874334488 0 0
      vertex 83.75323193328727 -0.08718790945877365 0
    endloop
  endfacet
  facet normal 0 0 -1
    outer loop
      vertex 84.44792405575724 -4.271550729312203 0
      vertex 84.96718790945877 -3.0179368912558604 0
      vertex 84.7805595741555 -4.390569620907523 0
    endloop
  endfacet
  facet normal 0 0 -1
    outer loop
      vertex 84.44792405575724 -4.271550729312203 0
      vertex 84.09164608705223 -2.3685908203840422 0
      vertex 84.23947449281555 -2.5316943317275924 0
    endloop
  endfacet
  facet normal 0 0 -1
    outer loop
      vertex 84.44792405575724 -4.271550729312203 0
      vertex 83.9605164552279 -2.191782979435939 0
      vertex 84.09164608705223 -2.3685908203840422 0
    endloop
  endfacet
  facet normal 0 0 -1
    outer loop
      vertex 84.44792405575724 -4.271550729312203 0
      vertex 84.76819525949853 -2.9238203771633953 0
      vertex 84.96718790945877 -3.0179368912558604 0
    endloop
  endfacet
  facet normal 0 0 -1
    outer loop
      vertex 84.7805595741555 -4.390569620907523 0
      vertex 84.96718790945877 -3.0179368912558604 0
      vertex 85.17444738698836 -3.092095518112607 0
    endloop
  endfacet
  facet normal 0 0 -1
    outer loop
      vertex 84.44792405575724 -4.271550729312203 0
      vertex 84.23947449281555 -2.5316943317275924 0
      vertex 84.4025780041591 -2.6795227374909003 0
    endloop
  endfacet
  facet normal 0 0 -1
    outer loop
      vertex 84.44792405575724 -4.271550729312203 0
      vertex 84.4025780041591 -2.6795227374909003 0
      vertex 84.5793858451072 -2.8106523693152403 0
    endloop
  endfacet
  facet normal 0 0 -1
    outer loop
      vertex 84.44792405575724 -4.271550729312203 0
      vertex 84.5793858451072 -2.8106523693152403 0
      vertex 84.76819525949853 -2.9238203771633953 0
    endloop
  endfacet
  facet normal 0 0 -1
    outer loop
      vertex 84.7805595741555 -4.390569620907523 0
      vertex 85.17444738698836 -3.092095518112607 0
      vertex 85.1232592530135 -4.476411421723201 0
    endloop
  endfacet
  facet normal 0 0 -1
    outer loop
      vertex 85.1232592530135 -4.476411421723201 0
      vertex 85.60572234519798 -3.1778814410416443 0
      vertex 85.47272270708515 -4.528249428291479 0
    endloop
  endfacet
  facet normal 0 0 -1
    outer loop
      vertex 85.47272270708515 -4.528249428291479 0
      vertex 85.82558441227157 -3.1886825717807734 0
      vertex 85.82558441227157 -4.545584412271571 0
    endloop
  endfacet
  facet normal 0 0 -1
    outer loop
      vertex 85.82558441227157 -4.545584412271571 0
      vertex 86.04544647934516 -3.1778814410416443 0
      vertex 86.17844611745798 -4.528249428291479 0
    endloop
  endfacet
  facet normal 0 0 -1
    outer loop
      vertex 86.17844611745798 -4.528249428291479 0
      vertex 86.26319115452401 -3.1455820696177743 0
      vertex 86.52790957152963 -4.476411421723201 0
    endloop
  endfacet
  facet normal 0 0 -1
    outer loop
      vertex 85.1232592530135 -4.476411421723201 0
      vertex 85.17444738698836 -3.092095518112607 0
      vertex 85.38797767001913 -3.145582069617774 0
    endloop
  endfacet
  facet normal 0 0 -1
    outer loop
      vertex 85.1232592530135 -4.476411421723201 0
      vertex 85.38797767001913 -3.145582069617774 0
      vertex 85.60572234519798 -3.1778814410416443 0
    endloop
  endfacet
  facet normal 0 0 -1
    outer loop
      vertex 85.47272270708515 -4.528249428291479 0
      vertex 85.60572234519798 -3.1778814410416443 0
      vertex 85.82558441227157 -3.1886825717807734 0
    endloop
  endfacet
  facet normal 0 0 -1
    outer loop
      vertex 85.82558441227157 -4.545584412271571 0
      vertex 85.82558441227157 -3.1886825717807734 0
      vertex 86.04544647934516 -3.1778814410416443 0
    endloop
  endfacet
  facet normal 0 0 -1
    outer loop
      vertex 86.17844611745798 -4.528249428291479 0
      vertex 86.04544647934516 -3.1778814410416443 0
      vertex 86.26319115452401 -3.1455820696177743 0
    endloop
  endfacet
  facet normal 0 0 -1
    outer loop
      vertex 86.52790957152963 -4.476411421723201 0
      vertex 86.26319115452401 -3.1455820696177743 0
      vertex 86.47672143755477 -3.092095518112607 0
    endloop
  endfacet
  facet normal 0 0 -1
    outer loop
      vertex 82.3556906736457 0 0
      vertex 84.44792405575724 -4.271550729312203 0
      vertex 84.12855615969798 -4.1205009639256485 0
    endloop
  endfacet
  facet normal 0 0 -1
    outer loop
      vertex 84.44792405575724 -4.271550729312203 0
      vertex 83.84734844737974 -2.0029735650446097 0
      vertex 83.9605164552279 -2.191782979435939 0
    endloop
  endfacet
  facet normal 0 0 -1
    outer loop
      vertex 84.44792405575724 -4.271550729312203 0
      vertex 83.75323193328727 -1.8039809150843682 0
      vertex 83.84734844737974 -2.0029735650446097 0
    endloop
  endfacet
  facet normal 0 0 -1
    outer loop
      vertex 84.44792405575724 -4.271550729312203 0
      vertex 83.67907330643054 -1.5967214375547782 0
      vertex 83.75323193328727 -1.8039809150843682 0
    endloop
  endfacet
  facet normal 0 0 -1
    outer loop
      vertex 86.52790957152963 -4.476411421723201 0
      vertex 86.68398091508436 -3.0179368912558604 0
      vertex 86.87060925038763 -4.390569620907523 0
    endloop
  endfacet
  facet normal 0 0 -1
    outer loop
      vertex 86.87060925038763 -4.390569620907523 0
      vertex 87.07178297943594 -2.8106523693152403 0
      vertex 87.2032447687859 -4.271550729312203 0
    endloop
  endfacet
  facet normal 0 0 -1
    outer loop
      vertex 86.52790957152963 -4.476411421723201 0
      vertex 86.47672143755477 -3.092095518112607 0
      vertex 86.68398091508436 -3.0179368912558604 0
    endloop
  endfacet
  facet normal 0 0 -1
    outer loop
      vertex 86.87060925038763 -4.390569620907523 0
      vertex 86.68398091508436 -3.0179368912558604 0
      vertex 86.88297356504461 -2.9238203771633953 0
    endloop
  endfacet
  facet normal 0 0 -1
    outer loop
      vertex 86.87060925038763 -4.390569620907523 0
      vertex 86.88297356504461 -2.9238203771633953 0
      vertex 87.07178297943594 -2.8106523693152403 0
    endloop
  endfacet
  facet normal 0 0 -1
    outer loop
      vertex 87.2032447687859 -4.271550729312203 0
      vertex 87.07178297943594 -2.8106523693152403 0
      vertex 87.24859082038404 -2.6795227374909003 0
    endloop
  endfacet
  facet normal 0 0 -1
    outer loop
      vertex 87.2032447687859 -4.271550729312203 0
      vertex 87.41169433172759 -2.5316943317275924 0
      vertex 87.52261266484516 -4.1205009639256485 0
    endloop
  endfacet
  facet normal 0 0 -1
    outer loop
      vertex 87.52261266484516 -4.1205009639256485 0
      vertex 87.69065236931523 -2.191782979435939 0
      vertex 87.82563725114214 -3.9388750165607336 0
    endloop
  endfacet
  facet normal 0 0 -1
    outer loop
      vertex 87.2032447687859 -4.271550729312203 0
      vertex 87.24859082038404 -2.6795227374909003 0
      vertex 87.41169433172759 -2.5316943317275924 0
    endloop
  endfacet
  facet normal 0 0 -1
    outer loop
      vertex 87.52261266484516 -4.1205009639256485 0
      vertex 87.41169433172759 -2.5316943317275924 0
      vertex 87.55952273749091 -2.3685908203840422 0
    endloop
  endfacet
  facet normal 0 0 -1
    outer loop
      vertex 87.82563725114214 -3.9388750165607336 0
      vertex 87.9720955181126 -1.5967214375547782 0
      vertex 88.1094002352607 -3.728422044377424 0
    endloop
  endfacet
  facet normal 0 0 -1
    outer loop
      vertex 87.52261266484516 -4.1205009639256485 0
      vertex 87.55952273749091 -2.3685908203840422 0
      vertex 87.69065236931523 -2.191782979435939 0
    endloop
  endfacet
  facet normal 0 0 -1
    outer loop
      vertex 87.82563725114214 -3.9388750165607336 0
      vertex 87.69065236931523 -2.191782979435939 0
      vertex 87.80382037716339 -2.0029735650446097 0
    endloop
  endfacet
  facet normal 0 0 -1
    outer loop
      vertex 87.82563725114214 -3.9388750165607336 0
      vertex 87.80382037716339 -2.0029735650446097 0
      vertex 87.89793689125587 -1.8039809150843682 0
    endloop
  endfacet
  facet normal 0 0 -1
    outer loop
      vertex 87.82563725114214 -3.9388750165607336 0
      vertex 87.89793689125587 -1.8039809150843682 0
      vertex 87.9720955181126 -1.5967214375547782 0
    endloop
  endfacet
  facet normal 0 0 -1
    outer loop
      vertex 88.1094002352607 -3.728422044377424 0
      vertex 87.9720955181126 -1.5967214375547782 0
      vertex 88.02558206961777 -1.3831911545240059 0
    endloop
  endfacet
  facet normal 0 0 -1
    outer loop
      vertex 88.1094002352607 -3.728422044377424 0
      vertex 88.02558206961777 -1.3831911545240059 0
      vertex 88.05788144104164 -1.1654464793451635 0
    endloop
  endfacet
  facet normal 0 0 -1
    outer loop
      vertex 88.1094002352607 -3.728422044377424 0
      vertex 88.05788144104164 -1.1654464793451635 0
      vertex 88.06868257178077 -0.9455844122715709 0
    endloop
  endfacet
  facet normal 0 0 -1
    outer loop
      vertex 88.1094002352607 -3.728422044377424 0
      vertex 88.37116882454313 1.6000000000000005 0
      vertex 88.37116882454313 -3.4911688245431423 0
    endloop
  endfacet
  facet normal 0 0 -1
    outer loop
      vertex 88.37116882454313 -3.4911688245431423 0
      vertex 88.60842204437742 1.3382314107175528 0
      vertex 88.60842204437742 -3.2294002352606945 0
    endloop
  endfacet
  facet normal 0 0 -1
    outer loop
      vertex 88.60842204437742 -3.2294002352606945 0
      vertex 88.81887501656072 1.054468426598997 0
      vertex 88.81887501656072 -2.9456372511421387 0
    endloop
  endfacet
  facet normal 0 0 -1
    outer loop
      vertex 88.81887501656072 -2.9456372511421387 0
      vertex 89.00050096392565 0.7514438403020207 0
      vertex 89.00050096392565 -2.6426126648451627 0
    endloop
  endfacet
  facet normal 0 0 -1
    outer loop
      vertex 89.00050096392565 -2.6426126648451627 0
      vertex 89.1515507293122 0.4320759442427524 0
      vertex 89.1515507293122 -2.3232447687858944 0
    endloop
  endfacet
  facet normal 0 0 -1
    outer loop
      vertex 89.1515507293122 -2.3232447687858944 0
      vertex 89.27056962090752 0.09944042584449364 0
      vertex 89.27056962090752 -1.9906092503876354 0
    endloop
  endfacet
  facet normal 0 0 -1
    outer loop
      vertex 85.1232592530135 2.5852425971800588 0
      vertex 84.96718790945877 1.1267680667127187 0
      vertex 84.82224599242275 1.0582156454045215 0
    endloop
  endfacet
  facet normal 0 0 -1
    outer loop
      vertex 85.1232592530135 2.5852425971800588 0
      vertex 85.17444738698836 1.2009266935694651 0
      vertex 84.96718790945877 1.1267680667127187 0
    endloop
  endfacet
  facet normal 0 0 -1
    outer loop
      vertex 85.1232592530135 2.5852425971800588 0
      vertex 85.38797767001913 1.2544132450746324 0
      vertex 85.17444738698836 1.2009266935694651 0
    endloop
  endfacet
  facet normal 0 0 -1
    outer loop
      vertex 85.47272270708515 2.637080603748338 0
      vertex 85.60572234519798 1.2867126164985025 0
      vertex 85.38797767001913 1.2544132450746324 0
    endloop
  endfacet
  facet normal 0 0 -1
    outer loop
      vertex 85.82558441227157 2.6544155877284292 0
      vertex 85.82558441227157 1.2975137472376317 0
      vertex 85.60572234519798 1.2867126164985025 0
    endloop
  endfacet
  facet normal 0 0 -1
    outer loop
      vertex 86.17844611745798 2.637080603748338 0
      vertex 86.04544647934516 1.2867126164985025 0
      vertex 85.82558441227157 1.2975137472376317 0
    endloop
  endfacet
  facet normal 0 0 -1
    outer loop
      vertex 86.52790957152963 2.5852425971800588 0
      vertex 86.47672143755477 1.2009266935694651 0
      vertex 86.26319115452401 1.2544132450746324 0
    endloop
  endfacet
  facet normal 0 0 -1
    outer loop
      vertex 86.52790957152963 2.5852425971800588 0
      vertex 86.26319115452401 1.2544132450746324 0
      vertex 86.04544647934516 1.2867126164985025 0
    endloop
  endfacet
  facet normal 0 0 -1
    outer loop
      vertex 88.1094002352607 -3.728422044377424 0
      vertex 88.06868257178077 -0.9455844122715709 0
      vertex 88.1094002352607 1.8372532198342824 0
    endloop
  endfacet
  facet normal 0 0 -1
    outer loop
      vertex 89.27056962090752 -1.9906092503876354 0
      vertex 89.3564114217232 -0.24325925301350915 0
      vertex 89.3564114217232 -1.6479095715296326 0
    endloop
  endfacet
  facet normal 0 0 -1
    outer loop
      vertex 89.3564114217232 -1.6479095715296326 0
      vertex 89.40824942829147 -0.5927227070851526 0
      vertex 89.40824942829147 -1.298446117457989 0
    endloop
  endfacet
  facet normal 0 0 -1
    outer loop
      vertex 89.40824942829147 -1.298446117457989 0
      vertex 89.40824942829147 -0.5927227070851526 0
      vertex 89.42558441227156 -0.9455844122715709 0
    endloop
  endfacet
  facet normal 0 0 -1
    outer loop
      vertex 89.3564114217232 -1.6479095715296326 0
      vertex 89.3564114217232 -0.24325925301350915 0
      vertex 89.40824942829147 -0.5927227070851526 0
    endloop
  endfacet
  facet normal 0 0 -1
    outer loop
      vertex 89.1515507293122 -2.3232447687858944 0
      vertex 89.1515507293122 0.4320759442427524 0
      vertex 89.27056962090752 0.09944042584449364 0
    endloop
  endfacet
  facet normal 0 0 -1
    outer loop
      vertex 89.27056962090752 -1.9906092503876354 0
      vertex 89.27056962090752 0.09944042584449364 0
      vertex 89.3564114217232 -0.24325925301350915 0
    endloop
  endfacet
  facet normal 0 0 -1
    outer loop
      vertex 88.37116882454313 -3.4911688245431423 0
      vertex 88.37116882454313 1.6000000000000005 0
      vertex 88.60842204437742 1.3382314107175528 0
    endloop
  endfacet
  facet normal 0 0 -1
    outer loop
      vertex 88.60842204437742 -3.2294002352606945 0
      vertex 88.60842204437742 1.3382314107175528 0
      vertex 88.81887501656072 1.054468426598997 0
    endloop
  endfacet
  facet normal 0 0 -1
    outer loop
      vertex 88.1094002352607 1.8372532198342824 0
      vertex 88.06868257178077 -0.9455844122715709 0
      vertex 88.05788144104164 -0.7257223451979783 0
    endloop
  endfacet
  facet normal 0 0 -1
    outer loop
      vertex 88.1094002352607 -3.728422044377424 0
      vertex 88.1094002352607 1.8372532198342824 0
      vertex 88.37116882454313 1.6000000000000005 0
    endloop
  endfacet
  facet normal 0 0 -1
    outer loop
      vertex 88.1094002352607 1.8372532198342824 0
      vertex 88.05788144104164 -0.7257223451979783 0
      vertex 88.02558206961777 -0.5079776700191359 0
    endloop
  endfacet
  facet normal 0 0 -1
    outer loop
      vertex 89.00050096392565 -2.6426126648451627 0
      vertex 89.00050096392565 0.7514438403020207 0
      vertex 89.1515507293122 0.4320759442427524 0
    endloop
  endfacet
  facet normal 0 0 -1
    outer loop
      vertex 88.81887501656072 -2.9456372511421387 0
      vertex 88.81887501656072 1.054468426598997 0
      vertex 89.00050096392565 0.7514438403020207 0
    endloop
  endfacet
  facet normal 0 0 -1
    outer loop
      vertex 88.1094002352607 1.8372532198342824 0
      vertex 87.89793689125587 -0.08718790945877365 0
      vertex 87.80382037716339 0.11180474050146828 0
    endloop
  endfacet
  facet normal 0 0 -1
    outer loop
      vertex 87.82563725114214 2.047706192017592 0
      vertex 87.80382037716339 0.11180474050146828 0
      vertex 87.69065236931523 0.3006141548927975 0
    endloop
  endfacet
  facet normal 0 0 -1
    outer loop
      vertex 87.82563725114214 2.047706192017592 0
      vertex 87.69065236931523 0.3006141548927975 0
      vertex 87.55952273749091 0.47742199584090084 0
    endloop
  endfacet
  facet normal 0 0 -1
    outer loop
      vertex 87.82563725114214 2.047706192017592 0
      vertex 87.55952273749091 0.47742199584090084 0
      vertex 87.41169433172759 0.6405255071844504 0
    endloop
  endfacet
  facet normal 0 0 -1
    outer loop
      vertex 87.2032447687859 2.3803819047690613 0
      vertex 87.07178297943594 0.9194835447720984 0
      vertex 86.88297356504461 1.032651552620253 0
    endloop
  endfacet
  facet normal 0 0 -1
    outer loop
      vertex 86.87060925038763 2.499400796364381 0
      vertex 86.68398091508436 1.1267680667127187 0
      vertex 86.47672143755477 1.2009266935694651 0
    endloop
  endfacet
  facet normal 0 0 -1
    outer loop
      vertex 87.2032447687859 2.3803819047690613 0
      vertex 86.88297356504461 1.032651552620253 0
      vertex 86.68398091508436 1.1267680667127187 0
    endloop
  endfacet
  facet normal 0 0 -1
    outer loop
      vertex 87.52261266484516 2.229332139382507 0
      vertex 87.41169433172759 0.6405255071844504 0
      vertex 87.24859082038404 0.7883539129477587 0
    endloop
  endfacet
  facet normal 0 0 -1
    outer loop
      vertex 87.52261266484516 2.229332139382507 0
      vertex 87.24859082038404 0.7883539129477587 0
      vertex 87.07178297943594 0.9194835447720984 0
    endloop
  endfacet
  facet normal 0 0 -1
    outer loop
      vertex 88.1094002352607 1.8372532198342824 0
      vertex 87.80382037716339 0.11180474050146828 0
      vertex 87.82563725114214 2.047706192017592 0
    endloop
  endfacet
  facet normal 0 0 -1
    outer loop
      vertex 87.52261266484516 2.229332139382507 0
      vertex 87.82563725114214 2.047706192017592 0
      vertex 87.41169433172759 0.6405255071844504 0
    endloop
  endfacet
  facet normal 0 0 -1
    outer loop
      vertex 87.2032447687859 2.3803819047690613 0
      vertex 87.52261266484516 2.229332139382507 0
      vertex 87.07178297943594 0.9194835447720984 0
    endloop
  endfacet
  facet normal 0 0 -1
    outer loop
      vertex 88.1094002352607 1.8372532198342824 0
      vertex 88.02558206961777 -0.5079776700191359 0
      vertex 87.9720955181126 -0.29444738698836354 0
    endloop
  endfacet
  facet normal 0 0 -1
    outer loop
      vertex 88.1094002352607 1.8372532198342824 0
      vertex 87.9720955181126 -0.29444738698836354 0
      vertex 87.89793689125587 -0.08718790945877365 0
    endloop
  endfacet
  facet normal 0 0 -1
    outer loop
      vertex 84.88 2.524309326354297 0
      vertex 85.1232592530135 2.5852425971800588 0
      vertex 84.82224599242275 1.0582156454045215 0
    endloop
  endfacet
  facet normal 0 0 -1
    outer loop
      vertex 85.1232592530135 2.5852425971800588 0
      vertex 85.47272270708515 2.637080603748338 0
      vertex 85.38797767001913 1.2544132450746324 0
    endloop
  endfacet
  facet normal 0 0 -1
    outer loop
      vertex 85.47272270708515 2.637080603748338 0
      vertex 85.82558441227157 2.6544155877284292 0
      vertex 85.60572234519798 1.2867126164985025 0
    endloop
  endfacet
  facet normal 0 0 -1
    outer loop
      vertex 85.82558441227157 2.6544155877284292 0
      vertex 86.17844611745798 2.637080603748338 0
      vertex 85.82558441227157 1.2975137472376317 0
    endloop
  endfacet
  facet normal 0 0 -1
    outer loop
      vertex 86.17844611745798 2.637080603748338 0
      vertex 86.52790957152963 2.5852425971800588 0
      vertex 86.04544647934516 1.2867126164985025 0
    endloop
  endfacet
  facet normal 0 0 -1
    outer loop
      vertex 86.52790957152963 2.5852425971800588 0
      vertex 86.87060925038763 2.499400796364381 0
      vertex 86.47672143755477 1.2009266935694651 0
    endloop
  endfacet
  facet normal 0 0 -1
    outer loop
      vertex 86.87060925038763 2.499400796364381 0
      vertex 87.2032447687859 2.3803819047690613 0
      vertex 86.68398091508436 1.1267680667127187 0
    endloop
  endfacet
  facet normal -0.6715589548470288 -0.7409511253549496 0
    outer loop
      vertex 83.54176858928244 -3.728422044377424 0
      vertex 83.54176858928244 -3.728422044377424 11.309999999999999
      vertex 83.28 -3.4911688245431423 0
    endloop
  endfacet
  facet normal -0.7409511253549529 -0.6715589548470251 0
    outer loop
      vertex 83.28 -3.4911688245431423 0
      vertex 83.04274678016571 -3.2294002352606945 11.309999999999999
      vertex 83.04274678016571 -3.2294002352606945 0
    endloop
  endfacet
  facet normal -0.803207531480652 -0.5956993044924238 0
    outer loop
      vertex 83.04274678016571 -3.2294002352606945 0
      vertex 82.83229380798241 -2.9456372511421387 11.309999999999999
      vertex 82.83229380798241 -2.9456372511421387 0
    endloop
  endfacet
  facet normal -0.8577286100002645 -0.5141027441932345 0
    outer loop
      vertex 82.83229380798241 -2.9456372511421387 0
      vertex 82.65066786061749 -2.6426126648451627 11.309999999999999
      vertex 82.65066786061749 -2.6426126648451627 0
    endloop
  endfacet
  facet normal -0.9039892931234371 -0.42755509343029535 0
    outer loop
      vertex 82.65066786061749 -2.6426126648451627 0
      vertex 82.49961809523093 -2.3232447687858944 11.309999999999999
      vertex 82.49961809523093 -2.3232447687858944 0
    endloop
  endfacet
  facet normal -0.941544065183023 -0.3368898533922138 0
    outer loop
      vertex 82.49961809523093 -2.3232447687858944 0
      vertex 82.38059920363561 -1.9906092503876354 11.309999999999999
      vertex 82.38059920363561 -1.9906092503876354 0
    endloop
  endfacet
  facet normal -0.970031253194548 -0.24298017990324824 0
    outer loop
      vertex 82.38059920363561 -1.9906092503876354 0
      vertex 82.29475740281994 -1.6479095715296326 11.309999999999999
      vertex 82.29475740281994 -1.6479095715296326 0
    endloop
  endfacet
  facet normal -0.9891765099647828 -0.14673047445534987 0
    outer loop
      vertex 82.29475740281994 -1.6479095715296326 0
      vertex 82.24291939625166 -1.298446117457989 11.309999999999999
      vertex 82.24291939625166 -1.298446117457989 0
    endloop
  endfacet
  facet normal -0.9987954562051723 -0.04906767432742033 0
    outer loop
      vertex 82.24291939625166 -1.298446117457989 0
      vertex 82.22558441227157 -0.9455844122715709 11.309999999999999
      vertex 82.22558441227157 -0.9455844122715709 0
    endloop
  endfacet
  facet normal -0.9987954562051723 0.04906767432742033 0
    outer loop
      vertex 82.22558441227157 -0.9455844122715709 0
      vertex 82.24291939625166 -0.5927227070851526 11.309999999999999
      vertex 82.24291939625166 -0.5927227070851526 0
    endloop
  endfacet
  facet normal -0.9891765099647828 0.14673047445534987 0
    outer loop
      vertex 82.24291939625166 -0.5927227070851526 0
      vertex 82.29475740281994 -0.24325925301350915 11.309999999999999
      vertex 82.29475740281994 -0.24325925301350915 0
    endloop
  endfacet
  facet normal -0.9700312531945485 0.24298017990324616 0
    outer loop
      vertex 82.29475740281994 -0.24325925301350915 0
      vertex 82.3556906736457 0 11.309999999999999
      vertex 82.3556906736457 0 0
    endloop
  endfacet
  facet normal -0.5956993044924364 -0.8032075314806427 0
    outer loop
      vertex 83.54176858928244 -3.728422044377424 0
      vertex 83.825531573401 -3.9388750165607336 0
      vertex 83.825531573401 -3.9388750165607336 11.309999999999999
    endloop
  endfacet
  facet normal -0.5141027441932104 -0.8577286100002789 0
    outer loop
      vertex 83.825531573401 -3.9388750165607336 0
      vertex 84.12855615969798 -4.1205009639256485 0
      vertex 84.12855615969798 -4.1205009639256485 11.309999999999999
    endloop
  endfacet
  facet normal -0.42755509343028975 -0.9039892931234398 0
    outer loop
      vertex 84.12855615969798 -4.1205009639256485 0
      vertex 84.44792405575724 -4.271550729312203 0
      vertex 84.44792405575724 -4.271550729312203 11.309999999999999
    endloop
  endfacet
  facet normal -0.336889853392217 -0.9415440651830218 0
    outer loop
      vertex 84.44792405575724 -4.271550729312203 0
      vertex 84.7805595741555 -4.390569620907523 0
      vertex 84.7805595741555 -4.390569620907523 11.309999999999999
    endloop
  endfacet
  facet normal -0.24298017990326864 -0.9700312531945429 0
    outer loop
      vertex 84.7805595741555 -4.390569620907523 0
      vertex 85.1232592530135 -4.476411421723201 0
      vertex 85.1232592530135 -4.476411421723201 11.309999999999999
    endloop
  endfacet
  facet normal -0.1467304744553557 -0.9891765099647819 0
    outer loop
      vertex 85.1232592530135 -4.476411421723201 0
      vertex 85.47272270708515 -4.528249428291479 0
      vertex 85.47272270708515 -4.528249428291479 11.309999999999999
    endloop
  endfacet
  facet normal -0.04906767432742104 -0.9987954562051722 0
    outer loop
      vertex 85.47272270708515 -4.528249428291479 0
      vertex 85.82558441227157 -4.545584412271571 0
      vertex 85.82558441227157 -4.545584412271571 11.309999999999999
    endloop
  endfacet
  facet normal 0.04906767432742104 -0.9987954562051722 0
    outer loop
      vertex 85.82558441227157 -4.545584412271571 0
      vertex 86.17844611745798 -4.528249428291479 0
      vertex 86.17844611745798 -4.528249428291479 11.309999999999999
    endloop
  endfacet
  facet normal 0.1467304744553557 -0.9891765099647819 0
    outer loop
      vertex 86.17844611745798 -4.528249428291479 0
      vertex 86.52790957152963 -4.476411421723201 0
      vertex 86.52790957152963 -4.476411421723201 11.309999999999999
    endloop
  endfacet
  facet normal 0.24298017990326864 -0.9700312531945429 0
    outer loop
      vertex 86.52790957152963 -4.476411421723201 0
      vertex 86.87060925038763 -4.390569620907523 0
      vertex 86.87060925038763 -4.390569620907523 11.309999999999999
    endloop
  endfacet
  facet normal 0.336889853392217 -0.9415440651830218 0
    outer loop
      vertex 86.87060925038763 -4.390569620907523 0
      vertex 87.2032447687859 -4.271550729312203 0
      vertex 87.2032447687859 -4.271550729312203 11.309999999999999
    endloop
  endfacet
  facet normal 0.42755509343028975 -0.9039892931234398 0
    outer loop
      vertex 87.2032447687859 -4.271550729312203 0
      vertex 87.52261266484516 -4.1205009639256485 0
      vertex 87.52261266484516 -4.1205009639256485 11.309999999999999
    endloop
  endfacet
  facet normal 0.5141027441932104 -0.8577286100002789 0
    outer loop
      vertex 87.52261266484516 -4.1205009639256485 0
      vertex 87.82563725114214 -3.9388750165607336 0
      vertex 87.82563725114214 -3.9388750165607336 11.309999999999999
    endloop
  endfacet
  facet normal 0.5956993044924364 -0.8032075314806427 0
    outer loop
      vertex 87.82563725114214 -3.9388750165607336 0
      vertex 88.1094002352607 -3.728422044377424 0
      vertex 88.1094002352607 -3.728422044377424 11.309999999999999
    endloop
  endfacet
  facet normal 0.6715589548470288 -0.7409511253549496 0
    outer loop
      vertex 88.1094002352607 -3.728422044377424 0
      vertex 88.37116882454313 -3.4911688245431423 0
      vertex 88.37116882454313 -3.4911688245431423 11.309999999999999
    endloop
  endfacet
  facet normal 0.7409511253549529 -0.6715589548470251 0
    outer loop
      vertex 88.37116882454313 -3.4911688245431423 0
      vertex 88.60842204437742 -3.2294002352606945 0
      vertex 88.37116882454313 -3.4911688245431423 11.309999999999999
    endloop
  endfacet
  facet normal 0.803207531480652 -0.5956993044924238 0
    outer loop
      vertex 88.60842204437742 -3.2294002352606945 0
      vertex 88.81887501656072 -2.9456372511421387 0
      vertex 88.60842204437742 -3.2294002352606945 11.309999999999999
    endloop
  endfacet
  facet normal 0.8577286100002645 -0.5141027441932345 0
    outer loop
      vertex 88.81887501656072 -2.9456372511421387 0
      vertex 89.00050096392565 -2.6426126648451627 0
      vertex 88.81887501656072 -2.9456372511421387 11.309999999999999
    endloop
  endfacet
  facet normal 0.9039892931234371 -0.42755509343029535 0
    outer loop
      vertex 89.00050096392565 -2.6426126648451627 0
      vertex 89.1515507293122 -2.3232447687858944 0
      vertex 89.00050096392565 -2.6426126648451627 11.309999999999999
    endloop
  endfacet
  facet normal 0.941544065183023 -0.3368898533922138 0
    outer loop
      vertex 89.1515507293122 -2.3232447687858944 0
      vertex 89.27056962090752 -1.9906092503876354 0
      vertex 89.1515507293122 -2.3232447687858944 11.309999999999999
    endloop
  endfacet
  facet normal 0.970031253194548 -0.24298017990324824 0
    outer loop
      vertex 89.27056962090752 -1.9906092503876354 0
      vertex 89.3564114217232 -1.6479095715296326 0
      vertex 89.27056962090752 -1.9906092503876354 11.309999999999999
    endloop
  endfacet
  facet normal 0.9891765099647828 -0.14673047445534987 0
    outer loop
      vertex 89.3564114217232 -1.6479095715296326 0
      vertex 89.40824942829147 -1.298446117457989 0
      vertex 89.3564114217232 -1.6479095715296326 11.309999999999999
    endloop
  endfacet
  facet normal 0.9987954562051723 -0.04906767432742033 0
    outer loop
      vertex 89.40824942829147 -1.298446117457989 0
      vertex 89.42558441227156 -0.9455844122715709 0
      vertex 89.40824942829147 -1.298446117457989 11.309999999999999
    endloop
  endfacet
  facet normal 0.9987954562051723 0.04906767432742033 0
    outer loop
      vertex 89.42558441227156 -0.9455844122715709 0
      vertex 89.40824942829147 -0.5927227070851526 0
      vertex 89.42558441227156 -0.9455844122715709 11.309999999999999
    endloop
  endfacet
  facet normal 0.9891765099647828 0.14673047445534987 0
    outer loop
      vertex 89.40824942829147 -0.5927227070851526 0
      vertex 89.3564114217232 -0.24325925301350915 0
      vertex 89.40824942829147 -0.5927227070851526 11.309999999999999
    endloop
  endfacet
  facet normal 0.970031253194548 0.24298017990324824 0
    outer loop
      vertex 89.3564114217232 -0.24325925301350915 0
      vertex 89.27056962090752 0.09944042584449364 0
      vertex 89.3564114217232 -0.24325925301350915 11.309999999999999
    endloop
  endfacet
  facet normal 0.9415440651830229 0.336889853392214 0
    outer loop
      vertex 89.27056962090752 0.09944042584449364 0
      vertex 89.1515507293122 0.4320759442427524 0
      vertex 89.27056962090752 0.09944042584449364 11.309999999999999
    endloop
  endfacet
  facet normal 0.9039892931234371 0.42755509343029535 0
    outer loop
      vertex 89.1515507293122 0.4320759442427524 0
      vertex 89.00050096392565 0.7514438403020207 0
      vertex 89.1515507293122 0.4320759442427524 11.309999999999999
    endloop
  endfacet
  facet normal 0.8577286100002646 0.5141027441932341 0
    outer loop
      vertex 89.00050096392565 0.7514438403020207 0
      vertex 88.81887501656072 1.054468426598997 0
      vertex 89.00050096392565 0.7514438403020207 11.309999999999999
    endloop
  endfacet
  facet normal 0.7409511253549529 0.6715589548470251 0
    outer loop
      vertex 88.60842204437742 1.3382314107175528 0
      vertex 88.37116882454313 1.6000000000000005 0
      vertex 88.60842204437742 1.3382314107175528 11.309999999999999
    endloop
  endfacet
  facet normal 0.6715589548470288 0.7409511253549496 0
    outer loop
      vertex 88.1094002352607 1.8372532198342824 0
      vertex 88.1094002352607 1.8372532198342824 11.309999999999999
      vertex 88.37116882454313 1.6000000000000005 0
    endloop
  endfacet
  facet normal 0.803207531480652 0.5956993044924238 0
    outer loop
      vertex 88.81887501656072 1.054468426598997 0
      vertex 88.60842204437742 1.3382314107175528 0
      vertex 88.81887501656072 1.054468426598997 11.309999999999999
    endloop
  endfacet
  facet normal -0.24298017990326798 0.970031253194543 0
    outer loop
      vertex 84.88 2.524309326354297 0
      vertex 85.1232592530135 2.5852425971800588 11.309999999999999
      vertex 85.1232592530135 2.5852425971800588 0
    endloop
  endfacet
  facet normal -0.14673047445535814 0.9891765099647816 0
    outer loop
      vertex 85.1232592530135 2.5852425971800588 0
      vertex 85.1232592530135 2.5852425971800588 11.309999999999999
      vertex 85.47272270708515 2.637080603748338 0
    endloop
  endfacet
  facet normal -0.04906767432741853 0.9987954562051723 0
    outer loop
      vertex 85.47272270708515 2.637080603748338 0
      vertex 85.47272270708515 2.637080603748338 11.309999999999999
      vertex 85.82558441227157 2.6544155877284292 0
    endloop
  endfacet
  facet normal 0.04906767432741853 0.9987954562051723 0
    outer loop
      vertex 85.82558441227157 2.6544155877284292 0
      vertex 85.82558441227157 2.6544155877284292 11.309999999999999
      vertex 86.17844611745798 2.637080603748338 0
    endloop
  endfacet
  facet normal 0.14673047445535814 0.9891765099647816 0
    outer loop
      vertex 86.17844611745798 2.637080603748338 0
      vertex 86.17844611745798 2.637080603748338 11.309999999999999
      vertex 86.52790957152963 2.5852425971800588 0
    endloop
  endfacet
  facet normal 0.24298017990326748 0.9700312531945431 0
    outer loop
      vertex 86.52790957152963 2.5852425971800588 0
      vertex 86.52790957152963 2.5852425971800588 11.309999999999999
      vertex 86.87060925038763 2.499400796364381 0
    endloop
  endfacet
  facet normal 0.336889853392217 0.9415440651830218 0
    outer loop
      vertex 86.87060925038763 2.499400796364381 0
      vertex 86.87060925038763 2.499400796364381 11.309999999999999
      vertex 87.2032447687859 2.3803819047690613 0
    endloop
  endfacet
  facet normal 0.5956993044924364 0.8032075314806427 0
    outer loop
      vertex 88.1094002352607 1.8372532198342824 0
      vertex 87.82563725114214 2.047706192017592 0
      vertex 87.82563725114214 2.047706192017592 11.309999999999999
    endloop
  endfacet
  facet normal 0.5141027441932113 0.8577286100002782 0
    outer loop
      vertex 87.52261266484516 2.229332139382507 0
      vertex 87.52261266484516 2.229332139382507 11.309999999999999
      vertex 87.82563725114214 2.047706192017592 0
    endloop
  endfacet
  facet normal 0.42755509343028875 0.9039892931234401 0
    outer loop
      vertex 87.2032447687859 2.3803819047690613 0
      vertex 87.2032447687859 2.3803819047690613 11.309999999999999
      vertex 87.52261266484516 2.229332139382507 0
    endloop
  endfacet
  facet normal -0.6715589548470288 -0.7409511253549496 0
    outer loop
      vertex 83.28 -3.4911688245431423 0
      vertex 83.54176858928244 -3.728422044377424 11.309999999999999
      vertex 83.28 -3.4911688245431423 11.309999999999999
    endloop
  endfacet
  facet normal -0.7409511253549529 -0.6715589548470251 0
    outer loop
      vertex 83.28 -3.4911688245431423 0
      vertex 83.28 -3.4911688245431423 11.309999999999999
      vertex 83.04274678016571 -3.2294002352606945 11.309999999999999
    endloop
  endfacet
  facet normal -0.803207531480652 -0.5956993044924238 0
    outer loop
      vertex 83.04274678016571 -3.2294002352606945 0
      vertex 83.04274678016571 -3.2294002352606945 11.309999999999999
      vertex 82.83229380798241 -2.9456372511421387 11.309999999999999
    endloop
  endfacet
  facet normal -0.8577286100002645 -0.5141027441932345 0
    outer loop
      vertex 82.83229380798241 -2.9456372511421387 0
      vertex 82.83229380798241 -2.9456372511421387 11.309999999999999
      vertex 82.65066786061749 -2.6426126648451627 11.309999999999999
    endloop
  endfacet
  facet normal -0.9039892931234371 -0.42755509343029535 0
    outer loop
      vertex 82.65066786061749 -2.6426126648451627 0
      vertex 82.65066786061749 -2.6426126648451627 11.309999999999999
      vertex 82.49961809523093 -2.3232447687858944 11.309999999999999
    endloop
  endfacet
  facet normal -0.941544065183023 -0.3368898533922138 0
    outer loop
      vertex 82.49961809523093 -2.3232447687858944 0
      vertex 82.49961809523093 -2.3232447687858944 11.309999999999999
      vertex 82.38059920363561 -1.9906092503876354 11.309999999999999
    endloop
  endfacet
  facet normal -0.970031253194548 -0.24298017990324824 0
    outer loop
      vertex 82.38059920363561 -1.9906092503876354 0
      vertex 82.38059920363561 -1.9906092503876354 11.309999999999999
      vertex 82.29475740281994 -1.6479095715296326 11.309999999999999
    endloop
  endfacet
  facet normal -0.9891765099647828 -0.14673047445534987 0
    outer loop
      vertex 82.29475740281994 -1.6479095715296326 0
      vertex 82.29475740281994 -1.6479095715296326 11.309999999999999
      vertex 82.24291939625166 -1.298446117457989 11.309999999999999
    endloop
  endfacet
  facet normal -0.9987954562051723 -0.04906767432742033 0
    outer loop
      vertex 82.24291939625166 -1.298446117457989 0
      vertex 82.24291939625166 -1.298446117457989 11.309999999999999
      vertex 82.22558441227157 -0.9455844122715709 11.309999999999999
    endloop
  endfacet
  facet normal -0.9987954562051723 0.04906767432742033 0
    outer loop
      vertex 82.22558441227157 -0.9455844122715709 0
      vertex 82.22558441227157 -0.9455844122715709 11.309999999999999
      vertex 82.24291939625166 -0.5927227070851526 11.309999999999999
    endloop
  endfacet
  facet normal -0.9891765099647828 0.14673047445534987 0
    outer loop
      vertex 82.24291939625166 -0.5927227070851526 0
      vertex 82.24291939625166 -0.5927227070851526 11.309999999999999
      vertex 82.29475740281994 -0.24325925301350915 11.309999999999999
    endloop
  endfacet
  facet normal -0.9700312531945485 0.24298017990324616 0
    outer loop
      vertex 82.29475740281994 -0.24325925301350915 0
      vertex 82.29475740281994 -0.24325925301350915 11.309999999999999
      vertex 82.3556906736457 0 11.309999999999999
    endloop
  endfacet
  facet normal -0.42755509343028975 -0.9039892931234398 0
    outer loop
      vertex 84.12855615969798 -4.1205009639256485 0
      vertex 84.44792405575724 -4.271550729312203 11.309999999999999
      vertex 84.12855615969798 -4.1205009639256485 11.309999999999999
    endloop
  endfacet
  facet normal -0.5956993044924364 -0.8032075314806427 0
    outer loop
      vertex 83.54176858928244 -3.728422044377424 0
      vertex 83.825531573401 -3.9388750165607336 11.309999999999999
      vertex 83.54176858928244 -3.728422044377424 11.309999999999999
    endloop
  endfacet
  facet normal -0.5141027441932104 -0.8577286100002789 0
    outer loop
      vertex 83.825531573401 -3.9388750165607336 0
      vertex 84.12855615969798 -4.1205009639256485 11.309999999999999
      vertex 83.825531573401 -3.9388750165607336 11.309999999999999
    endloop
  endfacet
  facet normal -0.336889853392217 -0.9415440651830218 0
    outer loop
      vertex 84.44792405575724 -4.271550729312203 0
      vertex 84.7805595741555 -4.390569620907523 11.309999999999999
      vertex 84.44792405575724 -4.271550729312203 11.309999999999999
    endloop
  endfacet
  facet normal -0.24298017990326864 -0.9700312531945429 0
    outer loop
      vertex 84.7805595741555 -4.390569620907523 0
      vertex 85.1232592530135 -4.476411421723201 11.309999999999999
      vertex 84.7805595741555 -4.390569620907523 11.309999999999999
    endloop
  endfacet
  facet normal -0.1467304744553557 -0.9891765099647819 0
    outer loop
      vertex 85.1232592530135 -4.476411421723201 0
      vertex 85.47272270708515 -4.528249428291479 11.309999999999999
      vertex 85.1232592530135 -4.476411421723201 11.309999999999999
    endloop
  endfacet
  facet normal -0.04906767432742104 -0.9987954562051722 0
    outer loop
      vertex 85.47272270708515 -4.528249428291479 0
      vertex 85.82558441227157 -4.545584412271571 11.309999999999999
      vertex 85.47272270708515 -4.528249428291479 11.309999999999999
    endloop
  endfacet
  facet normal 0.04906767432742104 -0.9987954562051722 0
    outer loop
      vertex 85.82558441227157 -4.545584412271571 0
      vertex 86.17844611745798 -4.528249428291479 11.309999999999999
      vertex 85.82558441227157 -4.545584412271571 11.309999999999999
    endloop
  endfacet
  facet normal 0.1467304744553557 -0.9891765099647819 0
    outer loop
      vertex 86.17844611745798 -4.528249428291479 0
      vertex 86.52790957152963 -4.476411421723201 11.309999999999999
      vertex 86.17844611745798 -4.528249428291479 11.309999999999999
    endloop
  endfacet
  facet normal 0.24298017990326864 -0.9700312531945429 0
    outer loop
      vertex 86.52790957152963 -4.476411421723201 0
      vertex 86.87060925038763 -4.390569620907523 11.309999999999999
      vertex 86.52790957152963 -4.476411421723201 11.309999999999999
    endloop
  endfacet
  facet normal 0.336889853392217 -0.9415440651830218 0
    outer loop
      vertex 86.87060925038763 -4.390569620907523 0
      vertex 87.2032447687859 -4.271550729312203 11.309999999999999
      vertex 86.87060925038763 -4.390569620907523 11.309999999999999
    endloop
  endfacet
  facet normal 0.42755509343028975 -0.9039892931234398 0
    outer loop
      vertex 87.2032447687859 -4.271550729312203 0
      vertex 87.52261266484516 -4.1205009639256485 11.309999999999999
      vertex 87.2032447687859 -4.271550729312203 11.309999999999999
    endloop
  endfacet
  facet normal 0.5141027441932104 -0.8577286100002789 0
    outer loop
      vertex 87.52261266484516 -4.1205009639256485 0
      vertex 87.82563725114214 -3.9388750165607336 11.309999999999999
      vertex 87.52261266484516 -4.1205009639256485 11.309999999999999
    endloop
  endfacet
  facet normal 0.5956993044924364 -0.8032075314806427 0
    outer loop
      vertex 87.82563725114214 -3.9388750165607336 0
      vertex 88.1094002352607 -3.728422044377424 11.309999999999999
      vertex 87.82563725114214 -3.9388750165607336 11.309999999999999
    endloop
  endfacet
  facet normal 0.6715589548470288 -0.7409511253549496 0
    outer loop
      vertex 88.1094002352607 -3.728422044377424 0
      vertex 88.37116882454313 -3.4911688245431423 11.309999999999999
      vertex 88.1094002352607 -3.728422044377424 11.309999999999999
    endloop
  endfacet
  facet normal 0.7409511253549529 -0.6715589548470251 0
    outer loop
      vertex 88.60842204437742 -3.2294002352606945 0
      vertex 88.60842204437742 -3.2294002352606945 11.309999999999999
      vertex 88.37116882454313 -3.4911688245431423 11.309999999999999
    endloop
  endfacet
  facet normal 0.803207531480652 -0.5956993044924238 0
    outer loop
      vertex 88.81887501656072 -2.9456372511421387 0
      vertex 88.81887501656072 -2.9456372511421387 11.309999999999999
      vertex 88.60842204437742 -3.2294002352606945 11.309999999999999
    endloop
  endfacet
  facet normal 0.8577286100002645 -0.5141027441932345 0
    outer loop
      vertex 89.00050096392565 -2.6426126648451627 0
      vertex 89.00050096392565 -2.6426126648451627 11.309999999999999
      vertex 88.81887501656072 -2.9456372511421387 11.309999999999999
    endloop
  endfacet
  facet normal 0.9039892931234371 -0.42755509343029535 0
    outer loop
      vertex 89.1515507293122 -2.3232447687858944 0
      vertex 89.1515507293122 -2.3232447687858944 11.309999999999999
      vertex 89.00050096392565 -2.6426126648451627 11.309999999999999
    endloop
  endfacet
  facet normal 0.941544065183023 -0.3368898533922138 0
    outer loop
      vertex 89.27056962090752 -1.9906092503876354 0
      vertex 89.27056962090752 -1.9906092503876354 11.309999999999999
      vertex 89.1515507293122 -2.3232447687858944 11.309999999999999
    endloop
  endfacet
  facet normal 0.970031253194548 -0.24298017990324824 0
    outer loop
      vertex 89.3564114217232 -1.6479095715296326 0
      vertex 89.3564114217232 -1.6479095715296326 11.309999999999999
      vertex 89.27056962090752 -1.9906092503876354 11.309999999999999
    endloop
  endfacet
  facet normal 0.9891765099647828 -0.14673047445534987 0
    outer loop
      vertex 89.40824942829147 -1.298446117457989 0
      vertex 89.40824942829147 -1.298446117457989 11.309999999999999
      vertex 89.3564114217232 -1.6479095715296326 11.309999999999999
    endloop
  endfacet
  facet normal 0.9987954562051723 -0.04906767432742033 0
    outer loop
      vertex 89.42558441227156 -0.9455844122715709 0
      vertex 89.42558441227156 -0.9455844122715709 11.309999999999999
      vertex 89.40824942829147 -1.298446117457989 11.309999999999999
    endloop
  endfacet
  facet normal 0.9987954562051723 0.04906767432742033 0
    outer loop
      vertex 89.40824942829147 -0.5927227070851526 0
      vertex 89.40824942829147 -0.5927227070851526 11.309999999999999
      vertex 89.42558441227156 -0.9455844122715709 11.309999999999999
    endloop
  endfacet
  facet normal 0.9891765099647828 0.14673047445534987 0
    outer loop
      vertex 89.3564114217232 -0.24325925301350915 0
      vertex 89.3564114217232 -0.24325925301350915 11.309999999999999
      vertex 89.40824942829147 -0.5927227070851526 11.309999999999999
    endloop
  endfacet
  facet normal 0.970031253194548 0.24298017990324824 0
    outer loop
      vertex 89.27056962090752 0.09944042584449364 0
      vertex 89.27056962090752 0.09944042584449364 11.309999999999999
      vertex 89.3564114217232 -0.24325925301350915 11.309999999999999
    endloop
  endfacet
  facet normal 0.9039892931234371 0.42755509343029535 0
    outer loop
      vertex 89.00050096392565 0.7514438403020207 0
      vertex 89.00050096392565 0.7514438403020207 11.309999999999999
      vertex 89.1515507293122 0.4320759442427524 11.309999999999999
    endloop
  endfacet
  facet normal 0.9415440651830229 0.336889853392214 0
    outer loop
      vertex 89.1515507293122 0.4320759442427524 0
      vertex 89.1515507293122 0.4320759442427524 11.309999999999999
      vertex 89.27056962090752 0.09944042584449364 11.309999999999999
    endloop
  endfacet
  facet normal 0.8577286100002646 0.5141027441932341 0
    outer loop
      vertex 88.81887501656072 1.054468426598997 0
      vertex 88.81887501656072 1.054468426598997 11.309999999999999
      vertex 89.00050096392565 0.7514438403020207 11.309999999999999
    endloop
  endfacet
  facet normal 0.803207531480652 0.5956993044924238 0
    outer loop
      vertex 88.60842204437742 1.3382314107175528 0
      vertex 88.60842204437742 1.3382314107175528 11.309999999999999
      vertex 88.81887501656072 1.054468426598997 11.309999999999999
    endloop
  endfacet
  facet normal 0.6715589548470288 0.7409511253549496 0
    outer loop
      vertex 88.37116882454313 1.6000000000000005 0
      vertex 88.1094002352607 1.8372532198342824 11.309999999999999
      vertex 88.37116882454313 1.6000000000000005 11.309999999999999
    endloop
  endfacet
  facet normal 0.7409511253549529 0.6715589548470251 0
    outer loop
      vertex 88.37116882454313 1.6000000000000005 0
      vertex 88.37116882454313 1.6000000000000005 11.309999999999999
      vertex 88.60842204437742 1.3382314107175528 11.309999999999999
    endloop
  endfacet
  facet normal -0.24298017990326798 0.970031253194543 0
    outer loop
      vertex 84.88 2.524309326354297 0
      vertex 84.88 2.524309326354297 11.309999999999999
      vertex 85.1232592530135 2.5852425971800588 11.309999999999999
    endloop
  endfacet
  facet normal -0.14673047445535814 0.9891765099647816 0
    outer loop
      vertex 85.47272270708515 2.637080603748338 0
      vertex 85.1232592530135 2.5852425971800588 11.309999999999999
      vertex 85.47272270708515 2.637080603748338 11.309999999999999
    endloop
  endfacet
  facet normal -0.04906767432741853 0.9987954562051723 0
    outer loop
      vertex 85.82558441227157 2.6544155877284292 0
      vertex 85.47272270708515 2.637080603748338 11.309999999999999
      vertex 85.82558441227157 2.6544155877284292 11.309999999999999
    endloop
  endfacet
  facet normal 0.04906767432741853 0.9987954562051723 0
    outer loop
      vertex 86.17844611745798 2.637080603748338 0
      vertex 85.82558441227157 2.6544155877284292 11.309999999999999
      vertex 86.17844611745798 2.637080603748338 11.309999999999999
    endloop
  endfacet
  facet normal 0.14673047445535814 0.9891765099647816 0
    outer loop
      vertex 86.52790957152963 2.5852425971800588 0
      vertex 86.17844611745798 2.637080603748338 11.309999999999999
      vertex 86.52790957152963 2.5852425971800588 11.309999999999999
    endloop
  endfacet
  facet normal 0.24298017990326748 0.9700312531945431 0
    outer loop
      vertex 86.87060925038763 2.499400796364381 0
      vertex 86.52790957152963 2.5852425971800588 11.309999999999999
      vertex 86.87060925038763 2.499400796364381 11.309999999999999
    endloop
  endfacet
  facet normal 0.336889853392217 0.9415440651830218 0
    outer loop
      vertex 87.2032447687859 2.3803819047690613 0
      vertex 86.87060925038763 2.499400796364381 11.309999999999999
      vertex 87.2032447687859 2.3803819047690613 11.309999999999999
    endloop
  endfacet
  facet normal 0.42755509343028875 0.9039892931234401 0
    outer loop
      vertex 87.52261266484516 2.229332139382507 0
      vertex 87.2032447687859 2.3803819047690613 11.309999999999999
      vertex 87.52261266484516 2.229332139382507 11.309999999999999
    endloop
  endfacet
  facet normal 0.5141027441932113 0.8577286100002782 0
    outer loop
      vertex 87.82563725114214 2.047706192017592 0
      vertex 87.52261266484516 2.229332139382507 11.309999999999999
      vertex 87.82563725114214 2.047706192017592 11.309999999999999
    endloop
  endfacet
  facet normal 0.5956993044924364 0.8032075314806427 0
    outer loop
      vertex 88.1094002352607 1.8372532198342824 0
      vertex 87.82563725114214 2.047706192017592 11.309999999999999
      vertex 88.1094002352607 1.8372532198342824 11.309999999999999
    endloop
  endfacet
  facet normal 0 0 1
    outer loop
      vertex 83.28 -3.4911688245431423 11.309999999999999
      vertex 84.06174188357485 -1.8883778859235663 11.309999999999999
      vertex 83.04274678016571 -3.2294002352606945 11.309999999999999
    endloop
  endfacet
  facet normal 0 0 1
    outer loop
      vertex 83.04274678016571 -3.2294002352606945 11.309999999999999
      vertex 83.977825347249 -1.7109512770017505 11.309999999999999
      vertex 82.83229380798241 -2.9456372511421387 11.309999999999999
    endloop
  endfacet
  facet normal 0 0 1
    outer loop
      vertex 82.83229380798241 -2.9456372511421387 11.309999999999999
      vertex 83.91170374080716 -1.5261537667804954 11.309999999999999
      vertex 82.65066786061749 -2.6426126648451627 11.309999999999999
    endloop
  endfacet
  facet normal 0 0 1
    outer loop
      vertex 82.65066786061749 -2.6426126648451627 11.309999999999999
      vertex 83.8640138514651 -1.3357650563038272 11.309999999999999
      vertex 82.49961809523093 -2.3232447687858944 11.309999999999999
    endloop
  endfacet
  facet normal 0 0 1
    outer loop
      vertex 82.49961809523093 -2.3232447687858944 11.309999999999999
      vertex 83.83521495892717 -1.1416186929306922 11.309999999999999
      vertex 82.38059920363561 -1.9906092503876354 11.309999999999999
    endloop
  endfacet
  facet normal 0 0 1
    outer loop
      vertex 82.65066786061749 -2.6426126648451627 11.309999999999999
      vertex 83.91170374080716 -1.5261537667804954 11.309999999999999
      vertex 83.8640138514651 -1.3357650563038272 11.309999999999999
    endloop
  endfacet
  facet normal 0 0 1
    outer loop
      vertex 82.49961809523093 -2.3232447687858944 11.309999999999999
      vertex 83.8640138514651 -1.3357650563038272 11.309999999999999
      vertex 83.83521495892717 -1.1416186929306922 11.309999999999999
    endloop
  endfacet
  facet normal 0 0 1
    outer loop
      vertex 82.38059920363561 -1.9906092503876354 11.309999999999999
      vertex 83.83521495892717 -1.1416186929306922 11.309999999999999
      vertex 83.82558441227157 -0.9455844122715709 11.309999999999999
    endloop
  endfacet
  facet normal 0 0 1
    outer loop
      vertex 82.29475740281994 -1.6479095715296326 11.309999999999999
      vertex 82.24291939625166 -0.5927227070851526 11.309999999999999
      vertex 82.24291939625166 -1.298446117457989 11.309999999999999
    endloop
  endfacet
  facet normal 0 0 1
    outer loop
      vertex 82.38059920363561 -1.9906092503876354 11.309999999999999
      vertex 82.29475740281994 -0.24325925301350915 11.309999999999999
      vertex 82.29475740281994 -1.6479095715296326 11.309999999999999
    endloop
  endfacet
  facet normal 0 0 1
    outer loop
      vertex 82.24291939625166 -1.298446117457989 11.309999999999999
      vertex 82.24291939625166 -0.5927227070851526 11.309999999999999
      vertex 82.22558441227157 -0.9455844122715709 11.309999999999999
    endloop
  endfacet
  facet normal 0 0 1
    outer loop
      vertex 82.29475740281994 -1.6479095715296326 11.309999999999999
      vertex 82.29475740281994 -0.24325925301350915 11.309999999999999
      vertex 82.24291939625166 -0.5927227070851526 11.309999999999999
    endloop
  endfacet
  facet normal 0 0 1
    outer loop
      vertex 82.38059920363561 -1.9906092503876354 11.309999999999999
      vertex 83.82558441227157 -0.9455844122715709 11.309999999999999
      vertex 82.29475740281994 -0.24325925301350915 11.309999999999999
    endloop
  endfacet
  facet normal 0 0 1
    outer loop
      vertex 82.29475740281994 -0.24325925301350915 11.309999999999999
      vertex 83.82558441227157 -0.9455844122715709 11.309999999999999
      vertex 83.83521495892717 -0.7495501316124497 11.309999999999999
    endloop
  endfacet
  facet normal 0 0 1
    outer loop
      vertex 82.29475740281994 -0.24325925301350915 11.309999999999999
      vertex 83.83521495892717 -0.7495501316124497 11.309999999999999
      vertex 83.8640138514651 -0.5554037682393144 11.309999999999999
    endloop
  endfacet
  facet normal 0 0 1
    outer loop
      vertex 82.29475740281994 -0.24325925301350915 11.309999999999999
      vertex 83.977825347249 -0.1802175475413913 11.309999999999999
      vertex 82.3556906736457 0 11.309999999999999
    endloop
  endfacet
  facet normal 0 0 1
    outer loop
      vertex 82.29475740281994 -0.24325925301350915 11.309999999999999
      vertex 83.8640138514651 -0.5554037682393144 11.309999999999999
      vertex 83.91170374080716 -0.3650150577626462 11.309999999999999
    endloop
  endfacet
  facet normal 0 0 1
    outer loop
      vertex 82.29475740281994 -0.24325925301350915 11.309999999999999
      vertex 83.91170374080716 -0.3650150577626462 11.309999999999999
      vertex 83.977825347249 -0.1802175475413913 11.309999999999999
    endloop
  endfacet
  facet normal 0 0 1
    outer loop
      vertex 82.3556906736457 0 11.309999999999999
      vertex 83.977825347249 -0.1802175475413913 11.309999999999999
      vertex 84.06174188357485 -0.002790938619575578 11.309999999999999
    endloop
  endfacet
  facet normal 0 0 1
    outer loop
      vertex 82.3556906736457 0 11.309999999999999
      vertex 84.06174188357485 -0.002790938619575578 11.309999999999999
      vertex 84.06341470780674 0 11.309999999999999
    endloop
  endfacet
  facet normal 0 0 1
    outer loop
      vertex 84.44792405575724 -4.271550729312203 11.309999999999999
      vertex 84.7805595741555 -4.390569620907523 11.309999999999999
      vertex 84.88279093861958 -2.7094269409682807 11.309999999999999
    endloop
  endfacet
  facet normal 0 0 1
    outer loop
      vertex 84.7805595741555 -4.390569620907523 11.309999999999999
      vertex 85.1232592530135 -4.476411421723201 11.309999999999999
      vertex 85.06021754754138 -2.7933434772941443 11.309999999999999
    endloop
  endfacet
  facet normal 0 0 1
    outer loop
      vertex 83.825531573401 -3.9388750165607336 11.309999999999999
      vertex 84.12855615969798 -4.1205009639256485 11.309999999999999
      vertex 84.41137084989847 -2.359797974644666 11.309999999999999
    endloop
  endfacet
  facet normal 0 0 1
    outer loop
      vertex 83.54176858928244 -3.728422044377424 11.309999999999999
      vertex 83.825531573401 -3.9388750165607336 11.309999999999999
      vertex 84.2795635055461 -2.214370980598862 11.309999999999999
    endloop
  endfacet
  facet normal 0 0 1
    outer loop
      vertex 83.54176858928244 -3.728422044377424 11.309999999999999
      vertex 84.16264518766647 -2.056724878310775 11.309999999999999
      vertex 83.28 -3.4911688245431423 11.309999999999999
    endloop
  endfacet
  facet normal 0 0 1
    outer loop
      vertex 84.12855615969798 -4.1205009639256485 11.309999999999999
      vertex 84.44792405575724 -4.271550729312203 11.309999999999999
      vertex 84.71444394623236 -2.6085236368766616 11.309999999999999
    endloop
  endfacet
  facet normal 0 0 1
    outer loop
      vertex 84.12855615969798 -4.1205009639256485 11.309999999999999
      vertex 84.71444394623236 -2.6085236368766616 11.309999999999999
      vertex 84.55679784394428 -2.4916053189970446 11.309999999999999
    endloop
  endfacet
  facet normal 0 0 1
    outer loop
      vertex 84.12855615969798 -4.1205009639256485 11.309999999999999
      vertex 84.55679784394428 -2.4916053189970446 11.309999999999999
      vertex 84.41137084989847 -2.359797974644666 11.309999999999999
    endloop
  endfacet
  facet normal 0 0 1
    outer loop
      vertex 84.44792405575724 -4.271550729312203 11.309999999999999
      vertex 84.88279093861958 -2.7094269409682807 11.309999999999999
      vertex 84.71444394623236 -2.6085236368766616 11.309999999999999
    endloop
  endfacet
  facet normal 0 0 1
    outer loop
      vertex 84.7805595741555 -4.390569620907523 11.309999999999999
      vertex 85.06021754754138 -2.7933434772941443 11.309999999999999
      vertex 84.88279093861958 -2.7094269409682807 11.309999999999999
    endloop
  endfacet
  facet normal 0 0 1
    outer loop
      vertex 85.1232592530135 -4.476411421723201 11.309999999999999
      vertex 85.47272270708515 -4.528249428291479 11.309999999999999
      vertex 85.43540376823931 -2.9071549730780317 11.309999999999999
    endloop
  endfacet
  facet normal 0 0 1
    outer loop
      vertex 85.47272270708515 -4.528249428291479 11.309999999999999
      vertex 85.82558441227157 -4.545584412271571 11.309999999999999
      vertex 85.82558441227157 -2.945584412271571 11.309999999999999
    endloop
  endfacet
  facet normal 0 0 1
    outer loop
      vertex 85.82558441227157 -4.545584412271571 11.309999999999999
      vertex 86.17844611745798 -4.528249428291479 11.309999999999999
      vertex 85.82558441227157 -2.945584412271571 11.309999999999999
    endloop
  endfacet
  facet normal 0 0 1
    outer loop
      vertex 86.17844611745798 -4.528249428291479 11.309999999999999
      vertex 86.52790957152963 -4.476411421723201 11.309999999999999
      vertex 86.21576505630382 -2.9071549730780317 11.309999999999999
    endloop
  endfacet
  facet normal 0 0 1
    outer loop
      vertex 85.1232592530135 -4.476411421723201 11.309999999999999
      vertex 85.24501505776264 -2.8594650837359885 11.309999999999999
      vertex 85.06021754754138 -2.7933434772941443 11.309999999999999
    endloop
  endfacet
  facet normal 0 0 1
    outer loop
      vertex 85.1232592530135 -4.476411421723201 11.309999999999999
      vertex 85.43540376823931 -2.9071549730780317 11.309999999999999
      vertex 85.24501505776264 -2.8594650837359885 11.309999999999999
    endloop
  endfacet
  facet normal 0 0 1
    outer loop
      vertex 85.47272270708515 -4.528249428291479 11.309999999999999
      vertex 85.62955013161245 -2.9359538656159647 11.309999999999999
      vertex 85.43540376823931 -2.9071549730780317 11.309999999999999
    endloop
  endfacet
  facet normal 0 0 1
    outer loop
      vertex 85.47272270708515 -4.528249428291479 11.309999999999999
      vertex 85.82558441227157 -2.945584412271571 11.309999999999999
      vertex 85.62955013161245 -2.9359538656159647 11.309999999999999
    endloop
  endfacet
  facet normal 0 0 1
    outer loop
      vertex 86.17844611745798 -4.528249428291479 11.309999999999999
      vertex 86.02161869293069 -2.9359538656159647 11.309999999999999
      vertex 85.82558441227157 -2.945584412271571 11.309999999999999
    endloop
  endfacet
  facet normal 0 0 1
    outer loop
      vertex 86.17844611745798 -4.528249428291479 11.309999999999999
      vertex 86.21576505630382 -2.9071549730780317 11.309999999999999
      vertex 86.02161869293069 -2.9359538656159647 11.309999999999999
    endloop
  endfacet
  facet normal 0 0 1
    outer loop
      vertex 86.21576505630382 -2.9071549730780317 11.309999999999999
      vertex 86.52790957152963 -4.476411421723201 11.309999999999999
      vertex 86.40615376678049 -2.8594650837359885 11.309999999999999
    endloop
  endfacet
  facet normal 0 0 1
    outer loop
      vertex 83.825531573401 -3.9388750165607336 11.309999999999999
      vertex 84.41137084989847 -2.359797974644666 11.309999999999999
      vertex 84.2795635055461 -2.214370980598862 11.309999999999999
    endloop
  endfacet
  facet normal 0 0 1
    outer loop
      vertex 83.54176858928244 -3.728422044377424 11.309999999999999
      vertex 84.2795635055461 -2.214370980598862 11.309999999999999
      vertex 84.16264518766647 -2.056724878310775 11.309999999999999
    endloop
  endfacet
  facet normal 0 0 1
    outer loop
      vertex 83.28 -3.4911688245431423 11.309999999999999
      vertex 84.16264518766647 -2.056724878310775 11.309999999999999
      vertex 84.06174188357485 -1.8883778859235663 11.309999999999999
    endloop
  endfacet
  facet normal 0 0 1
    outer loop
      vertex 83.04274678016571 -3.2294002352606945 11.309999999999999
      vertex 84.06174188357485 -1.8883778859235663 11.309999999999999
      vertex 83.977825347249 -1.7109512770017505 11.309999999999999
    endloop
  endfacet
  facet normal 0 0 1
    outer loop
      vertex 82.83229380798241 -2.9456372511421387 11.309999999999999
      vertex 83.977825347249 -1.7109512770017505 11.309999999999999
      vertex 83.91170374080716 -1.5261537667804954 11.309999999999999
    endloop
  endfacet
  facet normal 0 0 1
    outer loop
      vertex 86.52790957152963 -4.476411421723201 11.309999999999999
      vertex 86.87060925038763 -4.390569620907523 11.309999999999999
      vertex 86.59095127700175 -2.7933434772941443 11.309999999999999
    endloop
  endfacet
  facet normal 0 0 1
    outer loop
      vertex 86.87060925038763 -4.390569620907523 11.309999999999999
      vertex 87.2032447687859 -4.271550729312203 11.309999999999999
      vertex 86.93672487831077 -2.6085236368766616 11.309999999999999
    endloop
  endfacet
  facet normal 0 0 1
    outer loop
      vertex 86.40615376678049 -2.8594650837359885 11.309999999999999
      vertex 86.52790957152963 -4.476411421723201 11.309999999999999
      vertex 86.59095127700175 -2.7933434772941443 11.309999999999999
    endloop
  endfacet
  facet normal 0 0 1
    outer loop
      vertex 86.87060925038763 -4.390569620907523 11.309999999999999
      vertex 86.76837788592356 -2.7094269409682807 11.309999999999999
      vertex 86.59095127700175 -2.7933434772941443 11.309999999999999
    endloop
  endfacet
  facet normal 0 0 1
    outer loop
      vertex 86.87060925038763 -4.390569620907523 11.309999999999999
      vertex 86.93672487831077 -2.6085236368766616 11.309999999999999
      vertex 86.76837788592356 -2.7094269409682807 11.309999999999999
    endloop
  endfacet
  facet normal 0 0 1
    outer loop
      vertex 87.2032447687859 -4.271550729312203 11.309999999999999
      vertex 87.09437098059885 -2.4916053189970446 11.309999999999999
      vertex 86.93672487831077 -2.6085236368766616 11.309999999999999
    endloop
  endfacet
  facet normal 0 0 1
    outer loop
      vertex 87.2032447687859 -4.271550729312203 11.309999999999999
      vertex 87.23979797464466 -2.359797974644666 11.309999999999999
      vertex 87.09437098059885 -2.4916053189970446 11.309999999999999
    endloop
  endfacet
  facet normal 0 0 1
    outer loop
      vertex 87.2032447687859 -4.271550729312203 11.309999999999999
      vertex 87.52261266484516 -4.1205009639256485 11.309999999999999
      vertex 87.23979797464466 -2.359797974644666 11.309999999999999
    endloop
  endfacet
  facet normal 0 0 1
    outer loop
      vertex 87.52261266484516 -4.1205009639256485 11.309999999999999
      vertex 87.82563725114214 -3.9388750165607336 11.309999999999999
      vertex 87.58942694096828 -1.8883778859235663 11.309999999999999
    endloop
  endfacet
  facet normal 0 0 1
    outer loop
      vertex 87.52261266484516 -4.1205009639256485 11.309999999999999
      vertex 87.37160531899704 -2.214370980598862 11.309999999999999
      vertex 87.23979797464466 -2.359797974644666 11.309999999999999
    endloop
  endfacet
  facet normal 0 0 1
    outer loop
      vertex 87.52261266484516 -4.1205009639256485 11.309999999999999
      vertex 87.48852363687666 -2.056724878310775 11.309999999999999
      vertex 87.37160531899704 -2.214370980598862 11.309999999999999
    endloop
  endfacet
  facet normal 0 0 1
    outer loop
      vertex 87.52261266484516 -4.1205009639256485 11.309999999999999
      vertex 87.58942694096828 -1.8883778859235663 11.309999999999999
      vertex 87.48852363687666 -2.056724878310775 11.309999999999999
    endloop
  endfacet
  facet normal 0 0 1
    outer loop
      vertex 87.82563725114214 -3.9388750165607336 11.309999999999999
      vertex 87.67334347729414 -1.7109512770017505 11.309999999999999
      vertex 87.58942694096828 -1.8883778859235663 11.309999999999999
    endloop
  endfacet
  facet normal 0 0 1
    outer loop
      vertex 87.82563725114214 -3.9388750165607336 11.309999999999999
      vertex 87.73946508373598 -1.5261537667804954 11.309999999999999
      vertex 87.67334347729414 -1.7109512770017505 11.309999999999999
    endloop
  endfacet
  facet normal 0 0 1
    outer loop
      vertex 87.82563725114214 -3.9388750165607336 11.309999999999999
      vertex 87.78715497307803 -1.3357650563038272 11.309999999999999
      vertex 87.73946508373598 -1.5261537667804954 11.309999999999999
    endloop
  endfacet
  facet normal 0 0 1
    outer loop
      vertex 87.82563725114214 -3.9388750165607336 11.309999999999999
      vertex 87.81595386561597 -1.1416186929306922 11.309999999999999
      vertex 87.78715497307803 -1.3357650563038272 11.309999999999999
    endloop
  endfacet
  facet normal 0 0 1
    outer loop
      vertex 87.82563725114214 -3.9388750165607336 11.309999999999999
      vertex 87.82558441227157 -0.9455844122715709 11.309999999999999
      vertex 87.81595386561597 -1.1416186929306922 11.309999999999999
    endloop
  endfacet
  facet normal 0 0 1
    outer loop
      vertex 87.82563725114214 -3.9388750165607336 11.309999999999999
      vertex 88.1094002352607 -3.728422044377424 11.309999999999999
      vertex 87.82563725114214 2.047706192017592 11.309999999999999
    endloop
  endfacet
  facet normal 0 0 1
    outer loop
      vertex 88.1094002352607 -3.728422044377424 11.309999999999999
      vertex 88.37116882454313 -3.4911688245431423 11.309999999999999
      vertex 88.1094002352607 1.8372532198342824 11.309999999999999
    endloop
  endfacet
  facet normal 0 0 1
    outer loop
      vertex 88.37116882454313 -3.4911688245431423 11.309999999999999
      vertex 88.60842204437742 -3.2294002352606945 11.309999999999999
      vertex 88.37116882454313 1.6000000000000005 11.309999999999999
    endloop
  endfacet
  facet normal 0 0 1
    outer loop
      vertex 88.60842204437742 -3.2294002352606945 11.309999999999999
      vertex 88.81887501656072 -2.9456372511421387 11.309999999999999
      vertex 88.60842204437742 1.3382314107175528 11.309999999999999
    endloop
  endfacet
  facet normal 0 0 1
    outer loop
      vertex 88.81887501656072 -2.9456372511421387 11.309999999999999
      vertex 89.00050096392565 -2.6426126648451627 11.309999999999999
      vertex 88.81887501656072 1.054468426598997 11.309999999999999
    endloop
  endfacet
  facet normal 0 0 1
    outer loop
      vertex 89.00050096392565 -2.6426126648451627 11.309999999999999
      vertex 89.1515507293122 -2.3232447687858944 11.309999999999999
      vertex 89.00050096392565 0.7514438403020207 11.309999999999999
    endloop
  endfacet
  facet normal 0 0 1
    outer loop
      vertex 84.88279093861958 0.8182581164251392 11.309999999999999
      vertex 84.88 2.524309326354297 11.309999999999999
      vertex 84.88 0.8165852921932392 11.309999999999999
    endloop
  endfacet
  facet normal 0 0 1
    outer loop
      vertex 84.88279093861958 0.8182581164251392 11.309999999999999
      vertex 85.06021754754138 0.9021746527510026 11.309999999999999
      vertex 85.1232592530135 2.5852425971800588 11.309999999999999
    endloop
  endfacet
  facet normal 0 0 1
    outer loop
      vertex 85.06021754754138 0.9021746527510026 11.309999999999999
      vertex 85.24501505776264 0.9682962591928468 11.309999999999999
      vertex 85.1232592530135 2.5852425971800588 11.309999999999999
    endloop
  endfacet
  facet normal 0 0 1
    outer loop
      vertex 85.24501505776264 0.9682962591928468 11.309999999999999
      vertex 85.43540376823931 1.01598614853489 11.309999999999999
      vertex 85.1232592530135 2.5852425971800588 11.309999999999999
    endloop
  endfacet
  facet normal 0 0 1
    outer loop
      vertex 85.43540376823931 1.01598614853489 11.309999999999999
      vertex 85.62955013161245 1.044785041072823 11.309999999999999
      vertex 85.47272270708515 2.637080603748338 11.309999999999999
    endloop
  endfacet
  facet normal 0 0 1
    outer loop
      vertex 85.62955013161245 1.044785041072823 11.309999999999999
      vertex 85.82558441227157 1.0544155877284291 11.309999999999999
      vertex 85.47272270708515 2.637080603748338 11.309999999999999
    endloop
  endfacet
  facet normal 0 0 1
    outer loop
      vertex 85.82558441227157 1.0544155877284291 11.309999999999999
      vertex 86.02161869293069 1.044785041072823 11.309999999999999
      vertex 86.17844611745798 2.637080603748338 11.309999999999999
    endloop
  endfacet
  facet normal 0 0 1
    outer loop
      vertex 86.02161869293069 1.044785041072823 11.309999999999999
      vertex 86.21576505630382 1.01598614853489 11.309999999999999
      vertex 86.17844611745798 2.637080603748338 11.309999999999999
    endloop
  endfacet
  facet normal 0 0 1
    outer loop
      vertex 86.21576505630382 1.01598614853489 11.309999999999999
      vertex 86.40615376678049 0.9682962591928468 11.309999999999999
      vertex 86.52790957152963 2.5852425971800588 11.309999999999999
    endloop
  endfacet
  facet normal 0 0 1
    outer loop
      vertex 87.82563725114214 -3.9388750165607336 11.309999999999999
      vertex 87.82563725114214 2.047706192017592 11.309999999999999
      vertex 87.82558441227157 -0.9455844122715709 11.309999999999999
    endloop
  endfacet
  facet normal 0 0 1
    outer loop
      vertex 87.82558441227157 -0.9455844122715709 11.309999999999999
      vertex 87.82563725114214 2.047706192017592 11.309999999999999
      vertex 87.81595386561597 -0.7495501316124497 11.309999999999999
    endloop
  endfacet
  facet normal 0 0 1
    outer loop
      vertex 87.81595386561597 -0.7495501316124497 11.309999999999999
      vertex 87.82563725114214 2.047706192017592 11.309999999999999
      vertex 87.78715497307803 -0.5554037682393144 11.309999999999999
    endloop
  endfacet
  facet normal 0 0 1
    outer loop
      vertex 89.1515507293122 -2.3232447687858944 11.309999999999999
      vertex 89.27056962090752 -1.9906092503876354 11.309999999999999
      vertex 89.1515507293122 0.4320759442427524 11.309999999999999
    endloop
  endfacet
  facet normal 0 0 1
    outer loop
      vertex 89.27056962090752 -1.9906092503876354 11.309999999999999
      vertex 89.3564114217232 -1.6479095715296326 11.309999999999999
      vertex 89.27056962090752 0.09944042584449364 11.309999999999999
    endloop
  endfacet
  facet normal 0 0 1
    outer loop
      vertex 89.3564114217232 -1.6479095715296326 11.309999999999999
      vertex 89.40824942829147 -1.298446117457989 11.309999999999999
      vertex 89.3564114217232 -0.24325925301350915 11.309999999999999
    endloop
  endfacet
  facet normal 0 0 1
    outer loop
      vertex 89.40824942829147 -1.298446117457989 11.309999999999999
      vertex 89.42558441227156 -0.9455844122715709 11.309999999999999
      vertex 89.40824942829147 -0.5927227070851526 11.309999999999999
    endloop
  endfacet
  facet normal 0 0 1
    outer loop
      vertex 89.40824942829147 -1.298446117457989 11.309999999999999
      vertex 89.40824942829147 -0.5927227070851526 11.309999999999999
      vertex 89.3564114217232 -0.24325925301350915 11.309999999999999
    endloop
  endfacet
  facet normal 0 0 1
    outer loop
      vertex 89.3564114217232 -1.6479095715296326 11.309999999999999
      vertex 89.3564114217232 -0.24325925301350915 11.309999999999999
      vertex 89.27056962090752 0.09944042584449364 11.309999999999999
    endloop
  endfacet
  facet normal 0 0 1
    outer loop
      vertex 88.1094002352607 -3.728422044377424 11.309999999999999
      vertex 88.1094002352607 1.8372532198342824 11.309999999999999
      vertex 87.82563725114214 2.047706192017592 11.309999999999999
    endloop
  endfacet
  facet normal 0 0 1
    outer loop
      vertex 88.37116882454313 -3.4911688245431423 11.309999999999999
      vertex 88.37116882454313 1.6000000000000005 11.309999999999999
      vertex 88.1094002352607 1.8372532198342824 11.309999999999999
    endloop
  endfacet
  facet normal 0 0 1
    outer loop
      vertex 88.60842204437742 -3.2294002352606945 11.309999999999999
      vertex 88.60842204437742 1.3382314107175528 11.309999999999999
      vertex 88.37116882454313 1.6000000000000005 11.309999999999999
    endloop
  endfacet
  facet normal 0 0 1
    outer loop
      vertex 88.81887501656072 -2.9456372511421387 11.309999999999999
      vertex 88.81887501656072 1.054468426598997 11.309999999999999
      vertex 88.60842204437742 1.3382314107175528 11.309999999999999
    endloop
  endfacet
  facet normal 0 0 1
    outer loop
      vertex 89.00050096392565 -2.6426126648451627 11.309999999999999
      vertex 89.00050096392565 0.7514438403020207 11.309999999999999
      vertex 88.81887501656072 1.054468426598997 11.309999999999999
    endloop
  endfacet
  facet normal 0 0 1
    outer loop
      vertex 89.27056962090752 -1.9906092503876354 11.309999999999999
      vertex 89.27056962090752 0.09944042584449364 11.309999999999999
      vertex 89.1515507293122 0.4320759442427524 11.309999999999999
    endloop
  endfacet
  facet normal 0 0 1
    outer loop
      vertex 89.1515507293122 -2.3232447687858944 11.309999999999999
      vertex 89.1515507293122 0.4320759442427524 11.309999999999999
      vertex 89.00050096392565 0.7514438403020207 11.309999999999999
    endloop
  endfacet
  facet normal 0 0 1
    outer loop
      vertex 87.78715497307803 -0.5554037682393144 11.309999999999999
      vertex 87.82563725114214 2.047706192017592 11.309999999999999
      vertex 87.73946508373598 -0.3650150577626462 11.309999999999999
    endloop
  endfacet
  facet normal 0 0 1
    outer loop
      vertex 87.73946508373598 -0.3650150577626462 11.309999999999999
      vertex 87.82563725114214 2.047706192017592 11.309999999999999
      vertex 87.67334347729414 -0.1802175475413913 11.309999999999999
    endloop
  endfacet
  facet normal 0 0 1
    outer loop
      vertex 87.67334347729414 -0.1802175475413913 11.309999999999999
      vertex 87.82563725114214 2.047706192017592 11.309999999999999
      vertex 87.58942694096828 -0.002790938619575578 11.309999999999999
    endloop
  endfacet
  facet normal 0 0 1
    outer loop
      vertex 87.58942694096828 -0.002790938619575578 11.309999999999999
      vertex 87.52261266484516 2.229332139382507 11.309999999999999
      vertex 87.48852363687666 0.1655560537676335 11.309999999999999
    endloop
  endfacet
  facet normal 0 0 1
    outer loop
      vertex 87.37160531899704 0.3232021560557201 11.309999999999999
      vertex 87.52261266484516 2.229332139382507 11.309999999999999
      vertex 87.23979797464466 0.4686291501015243 11.309999999999999
    endloop
  endfacet
  facet normal 0 0 1
    outer loop
      vertex 87.48852363687666 0.1655560537676335 11.309999999999999
      vertex 87.52261266484516 2.229332139382507 11.309999999999999
      vertex 87.37160531899704 0.3232021560557201 11.309999999999999
    endloop
  endfacet
  facet normal 0 0 1
    outer loop
      vertex 86.40615376678049 0.9682962591928468 11.309999999999999
      vertex 86.59095127700175 0.9021746527510026 11.309999999999999
      vertex 86.52790957152963 2.5852425971800588 11.309999999999999
    endloop
  endfacet
  facet normal 0 0 1
    outer loop
      vertex 86.76837788592356 0.8182581164251392 11.309999999999999
      vertex 86.87060925038763 2.499400796364381 11.309999999999999
      vertex 86.59095127700175 0.9021746527510026 11.309999999999999
    endloop
  endfacet
  facet normal 0 0 1
    outer loop
      vertex 87.09437098059885 0.6004364944539031 11.309999999999999
      vertex 87.23979797464466 0.4686291501015243 11.309999999999999
      vertex 87.2032447687859 2.3803819047690613 11.309999999999999
    endloop
  endfacet
  facet normal 0 0 1
    outer loop
      vertex 87.09437098059885 0.6004364944539031 11.309999999999999
      vertex 87.2032447687859 2.3803819047690613 11.309999999999999
      vertex 86.93672487831077 0.7173548123335196 11.309999999999999
    endloop
  endfacet
  facet normal 0 0 1
    outer loop
      vertex 86.76837788592356 0.8182581164251392 11.309999999999999
      vertex 86.93672487831077 0.7173548123335196 11.309999999999999
      vertex 86.87060925038763 2.499400796364381 11.309999999999999
    endloop
  endfacet
  facet normal 0 0 1
    outer loop
      vertex 86.93672487831077 0.7173548123335196 11.309999999999999
      vertex 87.2032447687859 2.3803819047690613 11.309999999999999
      vertex 86.87060925038763 2.499400796364381 11.309999999999999
    endloop
  endfacet
  facet normal 0 0 1
    outer loop
      vertex 87.58942694096828 -0.002790938619575578 11.309999999999999
      vertex 87.82563725114214 2.047706192017592 11.309999999999999
      vertex 87.52261266484516 2.229332139382507 11.309999999999999
    endloop
  endfacet
  facet normal 0 0 1
    outer loop
      vertex 87.23979797464466 0.4686291501015243 11.309999999999999
      vertex 87.52261266484516 2.229332139382507 11.309999999999999
      vertex 87.2032447687859 2.3803819047690613 11.309999999999999
    endloop
  endfacet
  facet normal 0 0 1
    outer loop
      vertex 84.88279093861958 0.8182581164251392 11.309999999999999
      vertex 85.1232592530135 2.5852425971800588 11.309999999999999
      vertex 84.88 2.524309326354297 11.309999999999999
    endloop
  endfacet
  facet normal 0 0 1
    outer loop
      vertex 85.43540376823931 1.01598614853489 11.309999999999999
      vertex 85.47272270708515 2.637080603748338 11.309999999999999
      vertex 85.1232592530135 2.5852425971800588 11.309999999999999
    endloop
  endfacet
  facet normal 0 0 1
    outer loop
      vertex 85.82558441227157 1.0544155877284291 11.309999999999999
      vertex 85.82558441227157 2.6544155877284292 11.309999999999999
      vertex 85.47272270708515 2.637080603748338 11.309999999999999
    endloop
  endfacet
  facet normal 0 0 1
    outer loop
      vertex 85.82558441227157 1.0544155877284291 11.309999999999999
      vertex 86.17844611745798 2.637080603748338 11.309999999999999
      vertex 85.82558441227157 2.6544155877284292 11.309999999999999
    endloop
  endfacet
  facet normal 0 0 1
    outer loop
      vertex 86.21576505630382 1.01598614853489 11.309999999999999
      vertex 86.52790957152963 2.5852425971800588 11.309999999999999
      vertex 86.17844611745798 2.637080603748338 11.309999999999999
    endloop
  endfacet
  facet normal 0 0 1
    outer loop
      vertex 86.59095127700175 0.9021746527510026 11.309999999999999
      vertex 86.87060925038763 2.499400796364381 11.309999999999999
      vertex 86.52790957152963 2.5852425971800588 11.309999999999999
    endloop
  endfacet
  facet normal 0 0 -1
    outer loop
      vertex -2.3232447687858944 40.11961809523095 0
      vertex -1.8039809150843682 41.37323193328729 0
      vertex -1.9906092503876354 40.00059920363563 0
    endloop
  endfacet
  facet normal 0 0 -1
    outer loop
      vertex -1.9906092503876354 40.00059920363563 0
      vertex -1.5967214375547782 41.29907330643054 0
      vertex -1.6479095715296326 39.91475740281995 0
    endloop
  endfacet
  facet normal 0 0 -1
    outer loop
      vertex -1.6479095715296326 39.91475740281995 0
      vertex -1.1654464793451633 41.21328738350151 0
      vertex -1.298446117457989 39.86291939625167 0
    endloop
  endfacet
  facet normal 0 0 -1
    outer loop
      vertex -1.298446117457989 39.86291939625167 0
      vertex -0.9455844122715709 41.20248625276238 0
      vertex -0.9455844122715709 39.84558441227158 0
    endloop
  endfacet
  facet normal 0 0 -1
    outer loop
      vertex -0.9455844122715709 39.84558441227158 0
      vertex -0.7257223451979783 41.21328738350151 0
      vertex -0.5927227070851526 39.86291939625167 0
    endloop
  endfacet
  facet normal 0 0 -1
    outer loop
      vertex -0.5927227070851526 39.86291939625167 0
      vertex -0.507977670019136 41.24558675492538 0
      vertex -0.24325925301350915 39.91475740281995 0
    endloop
  endfacet
  facet normal 0 0 -1
    outer loop
      vertex -0.24325925301350915 39.91475740281995 0
      vertex 0.0577540075772413 41.44178435459549 0
      vertex 0 39.975690673645715 0
    endloop
  endfacet
  facet normal 0 0 -1
    outer loop
      vertex -3.2294002352606945 40.662746780165726 0
      vertex -3.092095518112607 42.79444738698837 0
      vertex -3.0179368912558604 42.587187909458784 0
    endloop
  endfacet
  facet normal 0 0 -1
    outer loop
      vertex -3.2294002352606945 40.662746780165726 0
      vertex -3.145582069617774 43.007977670019145 0
      vertex -3.092095518112607 42.79444738698837 0
    endloop
  endfacet
  facet normal 0 0 -1
    outer loop
      vertex -2.6426126648451627 40.2706678606175 0
      vertex -2.191782979435939 41.58051645522791 0
      vertex -2.3232447687858944 40.11961809523095 0
    endloop
  endfacet
  facet normal 0 0 -1
    outer loop
      vertex -2.9456372511421387 40.452293807982414 0
      vertex -2.5316943317275924 41.85947449281556 0
      vertex -2.6426126648451627 40.2706678606175 0
    endloop
  endfacet
  facet normal 0 0 -1
    outer loop
      vertex -2.9456372511421387 40.452293807982414 0
      vertex -3.2294002352606945 40.662746780165726 0
      vertex -2.9238203771633953 42.38819525949854 0
    endloop
  endfacet
  facet normal 0 0 -1
    outer loop
      vertex -2.6426126648451627 40.2706678606175 0
      vertex -2.3685908203840422 41.71164608705225 0
      vertex -2.191782979435939 41.58051645522791 0
    endloop
  endfacet
  facet normal 0 0 -1
    outer loop
      vertex -2.6426126648451627 40.2706678606175 0
      vertex -2.5316943317275924 41.85947449281556 0
      vertex -2.3685908203840422 41.71164608705225 0
    endloop
  endfacet
  facet normal 0 0 -1
    outer loop
      vertex -2.3232447687858944 40.11961809523095 0
      vertex -2.0029735650446097 41.467348447379756 0
      vertex -1.8039809150843682 41.37323193328729 0
    endloop
  endfacet
  facet normal 0 0 -1
    outer loop
      vertex -1.9906092503876354 40.00059920363563 0
      vertex -1.8039809150843682 41.37323193328729 0
      vertex -1.5967214375547782 41.29907330643054 0
    endloop
  endfacet
  facet normal 0 0 -1
    outer loop
      vertex -2.3232447687858944 40.11961809523095 0
      vertex -2.191782979435939 41.58051645522791 0
      vertex -2.0029735650446097 41.467348447379756 0
    endloop
  endfacet
  facet normal 0 0 -1
    outer loop
      vertex -2.9456372511421387 40.452293807982414 0
      vertex -2.6795227374909003 42.0225780041591 0
      vertex -2.5316943317275924 41.85947449281556 0
    endloop
  endfacet
  facet normal 0 0 -1
    outer loop
      vertex -2.9456372511421387 40.452293807982414 0
      vertex -2.8106523693152403 42.19938584510721 0
      vertex -2.6795227374909003 42.0225780041591 0
    endloop
  endfacet
  facet normal 0 0 -1
    outer loop
      vertex -2.9456372511421387 40.452293807982414 0
      vertex -2.9238203771633953 42.38819525949854 0
      vertex -2.8106523693152403 42.19938584510721 0
    endloop
  endfacet
  facet normal 0 0 -1
    outer loop
      vertex -3.2294002352606945 40.662746780165726 0
      vertex -3.0179368912558604 42.587187909458784 0
      vertex -2.9238203771633953 42.38819525949854 0
    endloop
  endfacet
  facet normal 0 0 -1
    outer loop
      vertex -3.9388750165607336 41.44553157340101 0
      vertex -4.1205009639256485 41.74855615969799 0
      vertex -3.9388750165607336 45.445637251142145 0
    endloop
  endfacet
  facet normal 0 0 -1
    outer loop
      vertex -4.1205009639256485 41.74855615969799 0
      vertex -4.271550729312203 42.06792405575725 0
      vertex -4.1205009639256485 45.14261266484517 0
    endloop
  endfacet
  facet normal 0 0 -1
    outer loop
      vertex -3.2294002352606945 40.662746780165726 0
      vertex -3.1778814410416443 43.22572234519799 0
      vertex -3.145582069617774 43.007977670019145 0
    endloop
  endfacet
  facet normal 0 0 -1
    outer loop
      vertex -3.4911688245431423 40.900000000000006 0
      vertex -3.2294002352606945 46.22842204437743 0
      vertex -3.2294002352606945 40.662746780165726 0
    endloop
  endfacet
  facet normal 0 0 -1
    outer loop
      vertex -3.2294002352606945 40.662746780165726 0
      vertex -3.1886825717807734 43.44558441227158 0
      vertex -3.1778814410416443 43.22572234519799 0
    endloop
  endfacet
  facet normal 0 0 -1
    outer loop
      vertex -3.728422044377424 41.16176858928245 0
      vertex -3.9388750165607336 41.44553157340101 0
      vertex -3.728422044377424 45.729400235260705 0
    endloop
  endfacet
  facet normal 0 0 -1
    outer loop
      vertex -3.4911688245431423 40.900000000000006 0
      vertex -3.728422044377424 41.16176858928245 0
      vertex -3.4911688245431423 45.99116882454315 0
    endloop
  endfacet
  facet normal 0 0 -1
    outer loop
      vertex -4.390569620907523 42.400559574155515 0
      vertex -4.476411421723201 42.74325925301352 0
      vertex -4.390569620907523 44.49060925038764 0
    endloop
  endfacet
  facet normal 0 0 -1
    outer loop
      vertex -4.271550729312203 42.06792405575725 0
      vertex -4.390569620907523 42.400559574155515 0
      vertex -4.271550729312203 44.823244768785905 0
    endloop
  endfacet
  facet normal 0 0 -1
    outer loop
      vertex -4.476411421723201 42.74325925301352 0
      vertex -4.528249428291479 43.09272270708516 0
      vertex -4.476411421723201 44.14790957152964 0
    endloop
  endfacet
  facet normal 0 0 -1
    outer loop
      vertex -4.528249428291479 43.09272270708516 0
      vertex -4.545584412271571 43.44558441227158 0
      vertex -4.528249428291479 43.798446117458 0
    endloop
  endfacet
  facet normal 0 0 -1
    outer loop
      vertex -4.528249428291479 43.09272270708516 0
      vertex -4.528249428291479 43.798446117458 0
      vertex -4.476411421723201 44.14790957152964 0
    endloop
  endfacet
  facet normal 0 0 -1
    outer loop
      vertex -4.476411421723201 42.74325925301352 0
      vertex -4.476411421723201 44.14790957152964 0
      vertex -4.390569620907523 44.49060925038764 0
    endloop
  endfacet
  facet normal 0 0 -1
    outer loop
      vertex -3.2294002352606945 40.662746780165726 0
      vertex -3.2294002352606945 46.22842204437743 0
      vertex -3.1886825717807734 43.44558441227158 0
    endloop
  endfacet
  facet normal 0 0 -1
    outer loop
      vertex -1.6479095715296326 39.91475740281995 0
      vertex -1.3831911545240059 41.24558675492538 0
      vertex -1.1654464793451633 41.21328738350151 0
    endloop
  endfacet
  facet normal 0 0 -1
    outer loop
      vertex -1.6479095715296326 39.91475740281995 0
      vertex -1.5967214375547782 41.29907330643054 0
      vertex -1.3831911545240059 41.24558675492538 0
    endloop
  endfacet
  facet normal 0 0 -1
    outer loop
      vertex -1.298446117457989 39.86291939625167 0
      vertex -1.1654464793451633 41.21328738350151 0
      vertex -0.9455844122715709 41.20248625276238 0
    endloop
  endfacet
  facet normal 0 0 -1
    outer loop
      vertex -0.9455844122715709 39.84558441227158 0
      vertex -0.9455844122715709 41.20248625276238 0
      vertex -0.7257223451979783 41.21328738350151 0
    endloop
  endfacet
  facet normal 0 0 -1
    outer loop
      vertex -0.5927227070851526 39.86291939625167 0
      vertex -0.7257223451979783 41.21328738350151 0
      vertex -0.507977670019136 41.24558675492538 0
    endloop
  endfacet
  facet normal 0 0 -1
    outer loop
      vertex -0.24325925301350915 39.91475740281995 0
      vertex -0.507977670019136 41.24558675492538 0
      vertex -0.29444738698836354 41.29907330643054 0
    endloop
  endfacet
  facet normal 0 0 -1
    outer loop
      vertex -0.24325925301350915 39.91475740281995 0
      vertex -0.29444738698836354 41.29907330643054 0
      vertex -0.08718790945877365 41.37323193328729 0
    endloop
  endfacet
  facet normal 0 0 -1
    outer loop
      vertex -0.24325925301350915 39.91475740281995 0
      vertex -0.08718790945877365 41.37323193328729 0
      vertex 0.0577540075772413 41.44178435459549 0
    endloop
  endfacet
  facet normal 0 0 -1
    outer loop
      vertex -4.390569620907523 42.400559574155515 0
      vertex -4.390569620907523 44.49060925038764 0
      vertex -4.271550729312203 44.823244768785905 0
    endloop
  endfacet
  facet normal 0 0 -1
    outer loop
      vertex -4.271550729312203 42.06792405575725 0
      vertex -4.271550729312203 44.823244768785905 0
      vertex -4.1205009639256485 45.14261266484517 0
    endloop
  endfacet
  facet normal 0 0 -1
    outer loop
      vertex -4.1205009639256485 41.74855615969799 0
      vertex -4.1205009639256485 45.14261266484517 0
      vertex -3.9388750165607336 45.445637251142145 0
    endloop
  endfacet
  facet normal 0 0 -1
    outer loop
      vertex -3.9388750165607336 41.44553157340101 0
      vertex -3.9388750165607336 45.445637251142145 0
      vertex -3.728422044377424 45.729400235260705 0
    endloop
  endfacet
  facet normal 0 0 -1
    outer loop
      vertex -3.728422044377424 41.16176858928245 0
      vertex -3.728422044377424 45.729400235260705 0
      vertex -3.4911688245431423 45.99116882454315 0
    endloop
  endfacet
  facet normal 0 0 -1
    outer loop
      vertex -3.4911688245431423 40.900000000000006 0
      vertex -3.4911688245431423 45.99116882454315 0
      vertex -3.2294002352606945 46.22842204437743 0
    endloop
  endfacet
  facet normal 0 0 -1
    outer loop
      vertex -3.2294002352606945 46.22842204437743 0
      vertex -3.1778814410416443 43.66544647934517 0
      vertex -3.1886825717807734 43.44558441227158 0
    endloop
  endfacet
  facet normal 0 0 -1
    outer loop
      vertex -3.2294002352606945 46.22842204437743 0
      vertex -3.1455820696177743 43.88319115452402 0
      vertex -3.1778814410416443 43.66544647934517 0
    endloop
  endfacet
  facet normal 0 0 -1
    outer loop
      vertex -3.2294002352606945 46.22842204437743 0
      vertex -3.092095518112607 44.09672143755479 0
      vertex -3.1455820696177743 43.88319115452402 0
    endloop
  endfacet
  facet normal 0 0 -1
    outer loop
      vertex -2.9456372511421387 46.43887501656074 0
      vertex -3.0179368912558604 44.303980915084374 0
      vertex -3.092095518112607 44.09672143755479 0
    endloop
  endfacet
  facet normal 0 0 -1
    outer loop
      vertex -2.9456372511421387 46.43887501656074 0
      vertex -2.9238203771633953 44.50297356504462 0
      vertex -3.0179368912558604 44.303980915084374 0
    endloop
  endfacet
  facet normal 0 0 -1
    outer loop
      vertex -2.9456372511421387 46.43887501656074 0
      vertex -2.8106523693152403 44.69178297943595 0
      vertex -2.9238203771633953 44.50297356504462 0
    endloop
  endfacet
  facet normal 0 0 -1
    outer loop
      vertex -2.6426126648451627 46.62050096392566 0
      vertex -2.6795227374909003 44.86859082038406 0
      vertex -2.8106523693152403 44.69178297943595 0
    endloop
  endfacet
  facet normal 0 0 -1
    outer loop
      vertex -3.2294002352606945 46.22842204437743 0
      vertex -2.9456372511421387 46.43887501656074 0
      vertex -3.092095518112607 44.09672143755479 0
    endloop
  endfacet
  facet normal 0 0 -1
    outer loop
      vertex -2.6426126648451627 46.62050096392566 0
      vertex -2.5316943317275924 45.0316943317276 0
      vertex -2.6795227374909003 44.86859082038406 0
    endloop
  endfacet
  facet normal 0 0 -1
    outer loop
      vertex -2.3232447687858944 46.77155072931221 0
      vertex -2.3685908203840422 45.179522737490906 0
      vertex -2.5316943317275924 45.0316943317276 0
    endloop
  endfacet
  facet normal 0 0 -1
    outer loop
      vertex -2.9456372511421387 46.43887501656074 0
      vertex -2.6426126648451627 46.62050096392566 0
      vertex -2.8106523693152403 44.69178297943595 0
    endloop
  endfacet
  facet normal 0 0 -1
    outer loop
      vertex -2.6426126648451627 46.62050096392566 0
      vertex -2.3232447687858944 46.77155072931221 0
      vertex -2.5316943317275924 45.0316943317276 0
    endloop
  endfacet
  facet normal 0 0 -1
    outer loop
      vertex -2.3232447687858944 46.77155072931221 0
      vertex -2.191782979435939 45.31065236931525 0
      vertex -2.3685908203840422 45.179522737490906 0
    endloop
  endfacet
  facet normal 0 0 -1
    outer loop
      vertex -1.9906092503876354 46.89056962090753 0
      vertex -2.0029735650446097 45.4238203771634 0
      vertex -2.191782979435939 45.31065236931525 0
    endloop
  endfacet
  facet normal 0 0 -1
    outer loop
      vertex -1.9906092503876354 46.89056962090753 0
      vertex -1.8039809150843682 45.517936891255864 0
      vertex -2.0029735650446097 45.4238203771634 0
    endloop
  endfacet
  facet normal 0 0 -1
    outer loop
      vertex -1.6479095715296326 46.976411421723206 0
      vertex -1.5967214375547782 45.592095518112615 0
      vertex -1.8039809150843682 45.517936891255864 0
    endloop
  endfacet
  facet normal 0 0 -1
    outer loop
      vertex -2.3232447687858944 46.77155072931221 0
      vertex -1.9906092503876354 46.89056962090753 0
      vertex -2.191782979435939 45.31065236931525 0
    endloop
  endfacet
  facet normal 0 0 -1
    outer loop
      vertex -1.9906092503876354 46.89056962090753 0
      vertex -1.6479095715296326 46.976411421723206 0
      vertex -1.8039809150843682 45.517936891255864 0
    endloop
  endfacet
  facet normal 0 0 -1
    outer loop
      vertex 0.4320759442427524 46.77155072931221 0
      vertex 1.2009266935694651 44.09672143755479 0
      vertex 1.1267680667127187 44.303980915084374 0
    endloop
  endfacet
  facet normal 0 0 -1
    outer loop
      vertex 0.4320759442427524 46.77155072931221 0
      vertex 1.1267680667127187 44.303980915084374 0
      vertex 1.032651552620253 44.50297356504462 0
    endloop
  endfacet
  facet normal 0 0 -1
    outer loop
      vertex 0.4320759442427524 46.77155072931221 0
      vertex 1.032651552620253 44.50297356504462 0
      vertex 0.9194835447720984 44.69178297943595 0
    endloop
  endfacet
  facet normal 0 0 -1
    outer loop
      vertex 0.4320759442427524 46.77155072931221 0
      vertex 0.7514438403020207 46.62050096392566 0
      vertex 2.5243093263542966 42.50000000000001 0
    endloop
  endfacet
  facet normal 0 0 -1
    outer loop
      vertex -1.6479095715296326 46.976411421723206 0
      vertex -1.3831911545240059 45.64558206961778 0
      vertex -1.5967214375547782 45.592095518112615 0
    endloop
  endfacet
  facet normal 0 0 -1
    outer loop
      vertex -1.298446117457989 47.02824942829149 0
      vertex -1.1654464793451633 45.67788144104165 0
      vertex -1.3831911545240059 45.64558206961778 0
    endloop
  endfacet
  facet normal 0 0 -1
    outer loop
      vertex -0.9455844122715709 47.04558441227158 0
      vertex -0.9455844122715709 45.68868257178078 0
      vertex -1.1654464793451633 45.67788144104165 0
    endloop
  endfacet
  facet normal 0 0 -1
    outer loop
      vertex -0.5927227070851526 47.02824942829149 0
      vertex -0.7257223451979783 45.67788144104165 0
      vertex -0.9455844122715709 45.68868257178078 0
    endloop
  endfacet
  facet normal 0 0 -1
    outer loop
      vertex -0.24325925301350915 46.976411421723206 0
      vertex -0.507977670019136 45.64558206961778 0
      vertex -0.7257223451979783 45.67788144104165 0
    endloop
  endfacet
  facet normal 0 0 -1
    outer loop
      vertex -0.24325925301350915 46.976411421723206 0
      vertex -0.29444738698836354 45.592095518112615 0
      vertex -0.507977670019136 45.64558206961778 0
    endloop
  endfacet
  facet normal 0 0 -1
    outer loop
      vertex -1.6479095715296326 46.976411421723206 0
      vertex -1.298446117457989 47.02824942829149 0
      vertex -1.3831911545240059 45.64558206961778 0
    endloop
  endfacet
  facet normal 0 0 -1
    outer loop
      vertex -1.298446117457989 47.02824942829149 0
      vertex -0.9455844122715709 47.04558441227158 0
      vertex -1.1654464793451633 45.67788144104165 0
    endloop
  endfacet
  facet normal 0 0 -1
    outer loop
      vertex -0.9455844122715709 47.04558441227158 0
      vertex -0.5927227070851526 47.02824942829149 0
      vertex -0.9455844122715709 45.68868257178078 0
    endloop
  endfacet
  facet normal 0 0 -1
    outer loop
      vertex -0.5927227070851526 47.02824942829149 0
      vertex -0.24325925301350915 46.976411421723206 0
      vertex -0.7257223451979783 45.67788144104165 0
    endloop
  endfacet
  facet normal 0 0 -1
    outer loop
      vertex -0.24325925301350915 46.976411421723206 0
      vertex 0.09944042584449364 46.89056962090753 0
      vertex -0.29444738698836354 45.592095518112615 0
    endloop
  endfacet
  facet normal 0 0 -1
    outer loop
      vertex 0.4320759442427524 46.77155072931221 0
      vertex 0.3006141548927975 45.31065236931525 0
      vertex 0.11180474050146828 45.4238203771634 0
    endloop
  endfacet
  facet normal 0 0 -1
    outer loop
      vertex 0.4320759442427524 46.77155072931221 0
      vertex 0.47742199584090084 45.179522737490906 0
      vertex 0.3006141548927975 45.31065236931525 0
    endloop
  endfacet
  facet normal 0 0 -1
    outer loop
      vertex 0.4320759442427524 46.77155072931221 0
      vertex 0.6405255071844504 45.0316943317276 0
      vertex 0.47742199584090084 45.179522737490906 0
    endloop
  endfacet
  facet normal 0 0 -1
    outer loop
      vertex 0.09944042584449364 46.89056962090753 0
      vertex -0.08718790945877365 45.517936891255864 0
      vertex -0.29444738698836354 45.592095518112615 0
    endloop
  endfacet
  facet normal 0 0 -1
    outer loop
      vertex 0.4320759442427524 46.77155072931221 0
      vertex 0.11180474050146828 45.4238203771634 0
      vertex -0.08718790945877365 45.517936891255864 0
    endloop
  endfacet
  facet normal 0 0 -1
    outer loop
      vertex 0.4320759442427524 46.77155072931221 0
      vertex 0.9194835447720984 44.69178297943595 0
      vertex 0.7883539129477586 44.86859082038406 0
    endloop
  endfacet
  facet normal 0 0 -1
    outer loop
      vertex 0.4320759442427524 46.77155072931221 0
      vertex 0.7883539129477586 44.86859082038406 0
      vertex 0.6405255071844504 45.0316943317276 0
    endloop
  endfacet
  facet normal 0 0 -1
    outer loop
      vertex 0.09944042584449364 46.89056962090753 0
      vertex 0.4320759442427524 46.77155072931221 0
      vertex -0.08718790945877365 45.517936891255864 0
    endloop
  endfacet
  facet normal 0 0 -1
    outer loop
      vertex 2.5243093263542966 42.50000000000001 0
      vertex 1.085531256655116 42.50000000000001 0
      vertex 1.1267680667127187 42.587187909458784 0
    endloop
  endfacet
  facet normal 0 0 -1
    outer loop
      vertex 2.5243093263542966 42.50000000000001 0
      vertex 1.1267680667127187 42.587187909458784 0
      vertex 1.2009266935694651 42.79444738698837 0
    endloop
  endfacet
  facet normal 0 0 -1
    outer loop
      vertex 2.5243093263542966 42.50000000000001 0
      vertex 1.2009266935694651 42.79444738698837 0
      vertex 1.2544132450746324 43.007977670019145 0
    endloop
  endfacet
  facet normal 0 0 -1
    outer loop
      vertex 2.5243093263542966 42.50000000000001 0
      vertex 1.2544132450746324 43.007977670019145 0
      vertex 1.2867126164985025 43.22572234519799 0
    endloop
  endfacet
  facet normal 0 0 -1
    outer loop
      vertex 2.5243093263542966 42.50000000000001 0
      vertex 1.2867126164985025 43.66544647934517 0
      vertex 1.2544132450746324 43.88319115452401 0
    endloop
  endfacet
  facet normal 0 0 -1
    outer loop
      vertex 2.5243093263542966 42.50000000000001 0
      vertex 1.2867126164985025 43.22572234519799 0
      vertex 1.2975137472376317 43.44558441227158 0
    endloop
  endfacet
  facet normal 0 0 -1
    outer loop
      vertex 2.5243093263542966 42.50000000000001 0
      vertex 1.2975137472376317 43.44558441227158 0
      vertex 1.2867126164985025 43.66544647934517 0
    endloop
  endfacet
  facet normal 0 0 -1
    outer loop
      vertex 2.5243093263542966 42.50000000000001 0
      vertex 1.2544132450746324 43.88319115452401 0
      vertex 1.2009266935694651 44.09672143755479 0
    endloop
  endfacet
  facet normal 0 0 -1
    outer loop
      vertex 2.5243093263542966 42.50000000000001 0
      vertex 2.5852425971800588 44.14790957152964 0
      vertex 2.5852425971800588 42.74325925301352 0
    endloop
  endfacet
  facet normal 0 0 -1
    outer loop
      vertex 2.5852425971800588 42.74325925301352 0
      vertex 2.637080603748338 43.798446117458 0
      vertex 2.637080603748338 43.09272270708516 0
    endloop
  endfacet
  facet normal 0 0 -1
    outer loop
      vertex 2.5852425971800588 42.74325925301352 0
      vertex 2.5852425971800588 44.14790957152964 0
      vertex 2.637080603748338 43.798446117458 0
    endloop
  endfacet
  facet normal 0 0 -1
    outer loop
      vertex 2.637080603748338 43.09272270708516 0
      vertex 2.637080603748338 43.798446117458 0
      vertex 2.6544155877284292 43.44558441227158 0
    endloop
  endfacet
  facet normal 0 0 -1
    outer loop
      vertex 2.5243093263542966 42.50000000000001 0
      vertex 2.499400796364381 44.49060925038764 0
      vertex 2.5852425971800588 44.14790957152964 0
    endloop
  endfacet
  facet normal 0 0 -1
    outer loop
      vertex 0.4320759442427524 46.77155072931221 0
      vertex 2.5243093263542966 42.50000000000001 0
      vertex 1.2009266935694651 44.09672143755479 0
    endloop
  endfacet
  facet normal 0 0 -1
    outer loop
      vertex 2.5243093263542966 42.50000000000001 0
      vertex 2.229332139382507 45.14261266484517 0
      vertex 2.3803819047690613 44.823244768785905 0
    endloop
  endfacet
  facet normal 0 0 -1
    outer loop
      vertex 2.5243093263542966 42.50000000000001 0
      vertex 2.3803819047690613 44.823244768785905 0
      vertex 2.499400796364381 44.49060925038764 0
    endloop
  endfacet
  facet normal 0 0 -1
    outer loop
      vertex 2.5243093263542966 42.50000000000001 0
      vertex 2.047706192017592 45.445637251142145 0
      vertex 2.229332139382507 45.14261266484517 0
    endloop
  endfacet
  facet normal 0 0 -1
    outer loop
      vertex 2.5243093263542966 42.50000000000001 0
      vertex 1.8372532198342824 45.729400235260705 0
      vertex 2.047706192017592 45.445637251142145 0
    endloop
  endfacet
  facet normal 0 0 -1
    outer loop
      vertex 2.5243093263542966 42.50000000000001 0
      vertex 1.6000000000000005 45.99116882454315 0
      vertex 1.8372532198342824 45.729400235260705 0
    endloop
  endfacet
  facet normal 0 0 -1
    outer loop
      vertex 2.5243093263542966 42.50000000000001 0
      vertex 1.3382314107175528 46.22842204437743 0
      vertex 1.6000000000000005 45.99116882454315 0
    endloop
  endfacet
  facet normal 0 0 -1
    outer loop
      vertex 0.7514438403020207 46.62050096392566 0
      vertex 1.054468426598997 46.43887501656074 0
      vertex 2.5243093263542966 42.50000000000001 0
    endloop
  endfacet
  facet normal 0 0 -1
    outer loop
      vertex 1.054468426598997 46.43887501656074 0
      vertex 1.3382314107175528 46.22842204437743 0
      vertex 2.5243093263542966 42.50000000000001 0
    endloop
  endfacet
  facet normal -0.42755509343027887 -0.9039892931234448 0
    outer loop
      vertex -2.6426126648451627 40.2706678606175 0
      vertex -2.3232447687858944 40.11961809523095 0
      vertex -2.3232447687858944 40.11961809523095 11.309999999999999
    endloop
  endfacet
  facet normal -0.5141027441932197 -0.8577286100002733 0
    outer loop
      vertex -2.9456372511421387 40.452293807982414 0
      vertex -2.6426126648451627 40.2706678606175 0
      vertex -2.6426126648451627 40.2706678606175 11.309999999999999
    endloop
  endfacet
  facet normal -0.5956993044924368 -0.8032075314806424 0
    outer loop
      vertex -2.9456372511421387 40.452293807982414 0
      vertex -2.9456372511421387 40.452293807982414 11.309999999999999
      vertex -3.2294002352606945 40.662746780165726 0
    endloop
  endfacet
  facet normal -0.3368898533922138 -0.941544065183023 0
    outer loop
      vertex -2.3232447687858944 40.11961809523095 0
      vertex -1.9906092503876354 40.00059920363563 0
      vertex -1.9906092503876354 40.00059920363563 11.309999999999999
    endloop
  endfacet
  facet normal -0.24298017990326715 -0.9700312531945432 0
    outer loop
      vertex -1.9906092503876354 40.00059920363563 0
      vertex -1.6479095715296326 39.91475740281995 0
      vertex -1.6479095715296326 39.91475740281995 11.309999999999999
    endloop
  endfacet
  facet normal -0.14673047445536955 -0.9891765099647798 0
    outer loop
      vertex -1.6479095715296326 39.91475740281995 0
      vertex -1.298446117457989 39.86291939625167 0
      vertex -1.298446117457989 39.86291939625167 11.309999999999999
    endloop
  endfacet
  facet normal -0.04906767432742033 -0.9987954562051723 0
    outer loop
      vertex -1.298446117457989 39.86291939625167 0
      vertex -0.9455844122715709 39.84558441227158 0
      vertex -0.9455844122715709 39.84558441227158 11.309999999999999
    endloop
  endfacet
  facet normal 0.04906767432742033 -0.9987954562051723 0
    outer loop
      vertex -0.9455844122715709 39.84558441227158 0
      vertex -0.5927227070851526 39.86291939625167 0
      vertex -0.5927227070851526 39.86291939625167 11.309999999999999
    endloop
  endfacet
  facet normal 0.14673047445536955 -0.9891765099647798 0
    outer loop
      vertex -0.5927227070851526 39.86291939625167 0
      vertex -0.24325925301350915 39.91475740281995 0
      vertex -0.24325925301350915 39.91475740281995 11.309999999999999
    endloop
  endfacet
  facet normal 0.24298017990327275 -0.9700312531945418 0
    outer loop
      vertex -0.24325925301350915 39.91475740281995 0
      vertex 0 39.975690673645715 0
      vertex -0.24325925301350915 39.91475740281995 11.309999999999999
    endloop
  endfacet
  facet normal -0.8032075314806498 -0.5956993044924267 0
    outer loop
      vertex -3.728422044377424 41.16176858928245 0
      vertex -3.9388750165607336 41.44553157340101 11.309999999999999
      vertex -3.9388750165607336 41.44553157340101 0
    endloop
  endfacet
  facet normal -0.6715589548470141 -0.740951125354963 0
    outer loop
      vertex -3.4911688245431423 40.900000000000006 0
      vertex -3.2294002352606945 40.662746780165726 0
      vertex -3.2294002352606945 40.662746780165726 11.309999999999999
    endloop
  endfacet
  facet normal -0.7409511253549587 -0.6715589548470188 0
    outer loop
      vertex -3.4911688245431423 40.900000000000006 0
      vertex -3.728422044377424 41.16176858928245 11.309999999999999
      vertex -3.728422044377424 41.16176858928245 0
    endloop
  endfacet
  facet normal -0.8577286100002736 -0.5141027441932192 0
    outer loop
      vertex -3.9388750165607336 41.44553157340101 0
      vertex -4.1205009639256485 41.74855615969799 11.309999999999999
      vertex -4.1205009639256485 41.74855615969799 0
    endloop
  endfacet
  facet normal -0.9039892931234398 -0.42755509343028975 0
    outer loop
      vertex -4.1205009639256485 41.74855615969799 0
      vertex -4.271550729312203 42.06792405575725 11.309999999999999
      vertex -4.271550729312203 42.06792405575725 0
    endloop
  endfacet
  facet normal -0.9415440651830218 -0.336889853392217 0
    outer loop
      vertex -4.271550729312203 42.06792405575725 0
      vertex -4.390569620907523 42.400559574155515 11.309999999999999
      vertex -4.390569620907523 42.400559574155515 0
    endloop
  endfacet
  facet normal -0.970031253194544 -0.2429801799032639 0
    outer loop
      vertex -4.390569620907523 42.400559574155515 0
      vertex -4.476411421723201 42.74325925301352 11.309999999999999
      vertex -4.476411421723201 42.74325925301352 0
    endloop
  endfacet
  facet normal -0.989176509964781 -0.14673047445536153 0
    outer loop
      vertex -4.476411421723201 42.74325925301352 0
      vertex -4.528249428291479 43.09272270708516 11.309999999999999
      vertex -4.528249428291479 43.09272270708516 0
    endloop
  endfacet
  facet normal -0.9987954562051723 -0.049067674327420055 0
    outer loop
      vertex -4.528249428291479 43.09272270708516 0
      vertex -4.545584412271571 43.44558441227158 11.309999999999999
      vertex -4.545584412271571 43.44558441227158 0
    endloop
  endfacet
  facet normal -0.9987954562051723 0.049067674327420055 0
    outer loop
      vertex -4.545584412271571 43.44558441227158 0
      vertex -4.528249428291479 43.798446117458 11.309999999999999
      vertex -4.528249428291479 43.798446117458 0
    endloop
  endfacet
  facet normal -0.989176509964781 0.14673047445536153 0
    outer loop
      vertex -4.528249428291479 43.798446117458 0
      vertex -4.476411421723201 44.14790957152964 11.309999999999999
      vertex -4.476411421723201 44.14790957152964 0
    endloop
  endfacet
  facet normal -0.970031253194544 0.2429801799032639 0
    outer loop
      vertex -4.476411421723201 44.14790957152964 0
      vertex -4.390569620907523 44.49060925038764 11.309999999999999
      vertex -4.390569620907523 44.49060925038764 0
    endloop
  endfacet
  facet normal -0.9415440651830218 0.336889853392217 0
    outer loop
      vertex -4.390569620907523 44.49060925038764 0
      vertex -4.271550729312203 44.823244768785905 11.309999999999999
      vertex -4.271550729312203 44.823244768785905 0
    endloop
  endfacet
  facet normal -0.9039892931234398 0.42755509343028975 0
    outer loop
      vertex -4.271550729312203 44.823244768785905 0
      vertex -4.1205009639256485 45.14261266484517 11.309999999999999
      vertex -4.1205009639256485 45.14261266484517 0
    endloop
  endfacet
  facet normal -0.8577286100002736 0.5141027441932192 0
    outer loop
      vertex -4.1205009639256485 45.14261266484517 0
      vertex -3.9388750165607336 45.445637251142145 11.309999999999999
      vertex -3.9388750165607336 45.445637251142145 0
    endloop
  endfacet
  facet normal -0.8032075314806498 0.5956993044924267 0
    outer loop
      vertex -3.9388750165607336 45.445637251142145 0
      vertex -3.728422044377424 45.729400235260705 11.309999999999999
      vertex -3.728422044377424 45.729400235260705 0
    endloop
  endfacet
  facet normal -0.7409511253549587 0.6715589548470188 0
    outer loop
      vertex -3.728422044377424 45.729400235260705 0
      vertex -3.4911688245431423 45.99116882454315 11.309999999999999
      vertex -3.4911688245431423 45.99116882454315 0
    endloop
  endfacet
  facet normal -0.6715589548470141 0.740951125354963 0
    outer loop
      vertex -3.4911688245431423 45.99116882454315 0
      vertex -3.4911688245431423 45.99116882454315 11.309999999999999
      vertex -3.2294002352606945 46.22842204437743 0
    endloop
  endfacet
  facet normal -0.5956993044924368 0.8032075314806424 0
    outer loop
      vertex -3.2294002352606945 46.22842204437743 0
      vertex -3.2294002352606945 46.22842204437743 11.309999999999999
      vertex -2.9456372511421387 46.43887501656074 0
    endloop
  endfacet
  facet normal -0.5141027441932197 0.8577286100002733 0
    outer loop
      vertex -2.9456372511421387 46.43887501656074 0
      vertex -2.9456372511421387 46.43887501656074 11.309999999999999
      vertex -2.6426126648451627 46.62050096392566 0
    endloop
  endfacet
  facet normal -0.42755509343027887 0.9039892931234448 0
    outer loop
      vertex -2.6426126648451627 46.62050096392566 0
      vertex -2.6426126648451627 46.62050096392566 11.309999999999999
      vertex -2.3232447687858944 46.77155072931221 0
    endloop
  endfacet
  facet normal -0.3368898533922138 0.941544065183023 0
    outer loop
      vertex -2.3232447687858944 46.77155072931221 0
      vertex -2.3232447687858944 46.77155072931221 11.309999999999999
      vertex -1.9906092503876354 46.89056962090753 0
    endloop
  endfacet
  facet normal -0.24298017990326715 0.9700312531945432 0
    outer loop
      vertex -1.9906092503876354 46.89056962090753 0
      vertex -1.9906092503876354 46.89056962090753 11.309999999999999
      vertex -1.6479095715296326 46.976411421723206 0
    endloop
  endfacet
  facet normal -0.14673047445536955 0.9891765099647798 0
    outer loop
      vertex -1.6479095715296326 46.976411421723206 0
      vertex -1.6479095715296326 46.976411421723206 11.309999999999999
      vertex -1.298446117457989 47.02824942829149 0
    endloop
  endfacet
  facet normal -0.04906767432742033 0.9987954562051723 0
    outer loop
      vertex -1.298446117457989 47.02824942829149 0
      vertex -1.298446117457989 47.02824942829149 11.309999999999999
      vertex -0.9455844122715709 47.04558441227158 0
    endloop
  endfacet
  facet normal 0.04906767432742033 0.9987954562051723 0
    outer loop
      vertex -0.9455844122715709 47.04558441227158 0
      vertex -0.9455844122715709 47.04558441227158 11.309999999999999
      vertex -0.5927227070851526 47.02824942829149 0
    endloop
  endfacet
  facet normal 0.14673047445536955 0.9891765099647798 0
    outer loop
      vertex -0.5927227070851526 47.02824942829149 0
      vertex -0.5927227070851526 47.02824942829149 11.309999999999999
      vertex -0.24325925301350915 46.976411421723206 0
    endloop
  endfacet
  facet normal 0.24298017990326715 0.9700312531945432 0
    outer loop
      vertex -0.24325925301350915 46.976411421723206 0
      vertex -0.24325925301350915 46.976411421723206 11.309999999999999
      vertex 0.09944042584449364 46.89056962090753 0
    endloop
  endfacet
  facet normal 0.336889853392214 0.9415440651830229 0
    outer loop
      vertex 0.09944042584449364 46.89056962090753 0
      vertex 0.09944042584449364 46.89056962090753 11.309999999999999
      vertex 0.4320759442427524 46.77155072931221 0
    endloop
  endfacet
  facet normal 0.42755509343027887 0.9039892931234448 0
    outer loop
      vertex 0.4320759442427524 46.77155072931221 0
      vertex 0.4320759442427524 46.77155072931221 11.309999999999999
      vertex 0.7514438403020207 46.62050096392566 0
    endloop
  endfacet
  facet normal 0.5141027441932193 0.8577286100002735 0
    outer loop
      vertex 0.7514438403020207 46.62050096392566 0
      vertex 0.7514438403020207 46.62050096392566 11.309999999999999
      vertex 1.054468426598997 46.43887501656074 0
    endloop
  endfacet
  facet normal 0.5956993044924368 0.8032075314806424 0
    outer loop
      vertex 1.054468426598997 46.43887501656074 0
      vertex 1.054468426598997 46.43887501656074 11.309999999999999
      vertex 1.3382314107175528 46.22842204437743 0
    endloop
  endfacet
  facet normal 0.9700312531945443 -0.24298017990326298 0
    outer loop
      vertex 2.5243093263542966 42.50000000000001 0
      vertex 2.5852425971800588 42.74325925301352 0
      vertex 2.5243093263542966 42.50000000000001 11.309999999999999
    endloop
  endfacet
  facet normal 0.9891765099647807 -0.146730474455364 0
    outer loop
      vertex 2.5852425971800588 42.74325925301352 0
      vertex 2.637080603748338 43.09272270708516 0
      vertex 2.5852425971800588 42.74325925301352 11.309999999999999
    endloop
  endfacet
  facet normal 0.9987954562051724 -0.04906767432741755 0
    outer loop
      vertex 2.637080603748338 43.09272270708516 0
      vertex 2.6544155877284292 43.44558441227158 0
      vertex 2.637080603748338 43.09272270708516 11.309999999999999
    endloop
  endfacet
  facet normal 0.9987954562051724 0.04906767432741755 0
    outer loop
      vertex 2.6544155877284292 43.44558441227158 0
      vertex 2.637080603748338 43.798446117458 0
      vertex 2.6544155877284292 43.44558441227158 11.309999999999999
    endloop
  endfacet
  facet normal 0.9891765099647807 0.146730474455364 0
    outer loop
      vertex 2.637080603748338 43.798446117458 0
      vertex 2.5852425971800588 44.14790957152964 0
      vertex 2.637080603748338 43.798446117458 11.309999999999999
    endloop
  endfacet
  facet normal 0.9700312531945443 0.24298017990326273 0
    outer loop
      vertex 2.5852425971800588 44.14790957152964 0
      vertex 2.499400796364381 44.49060925038764 0
      vertex 2.5852425971800588 44.14790957152964 11.309999999999999
    endloop
  endfacet
  facet normal 0.9415440651830218 0.336889853392217 0
    outer loop
      vertex 2.499400796364381 44.49060925038764 0
      vertex 2.3803819047690613 44.823244768785905 0
      vertex 2.499400796364381 44.49060925038764 11.309999999999999
    endloop
  endfacet
  facet normal 0.9039892931234401 0.42755509343028875 0
    outer loop
      vertex 2.3803819047690613 44.823244768785905 0
      vertex 2.229332139382507 45.14261266484517 0
      vertex 2.3803819047690613 44.823244768785905 11.309999999999999
    endloop
  endfacet
  facet normal 0.8577286100002729 0.5141027441932202 0
    outer loop
      vertex 2.229332139382507 45.14261266484517 0
      vertex 2.047706192017592 45.445637251142145 0
      vertex 2.229332139382507 45.14261266484517 11.309999999999999
    endloop
  endfacet
  facet normal 0.8032075314806498 0.5956993044924267 0
    outer loop
      vertex 2.047706192017592 45.445637251142145 0
      vertex 1.8372532198342824 45.729400235260705 0
      vertex 2.047706192017592 45.445637251142145 11.309999999999999
    endloop
  endfacet
  facet normal 0.7409511253549587 0.6715589548470188 0
    outer loop
      vertex 1.8372532198342824 45.729400235260705 0
      vertex 1.6000000000000005 45.99116882454315 0
      vertex 1.8372532198342824 45.729400235260705 11.309999999999999
    endloop
  endfacet
  facet normal 0.6715589548470141 0.740951125354963 0
    outer loop
      vertex 1.6000000000000005 45.99116882454315 0
      vertex 1.3382314107175528 46.22842204437743 0
      vertex 1.3382314107175528 46.22842204437743 11.309999999999999
    endloop
  endfacet
  facet normal -0.5956993044924368 -0.8032075314806424 0
    outer loop
      vertex -3.2294002352606945 40.662746780165726 0
      vertex -2.9456372511421387 40.452293807982414 11.309999999999999
      vertex -3.2294002352606945 40.662746780165726 11.309999999999999
    endloop
  endfacet
  facet normal -0.5141027441932197 -0.8577286100002733 0
    outer loop
      vertex -2.9456372511421387 40.452293807982414 0
      vertex -2.6426126648451627 40.2706678606175 11.309999999999999
      vertex -2.9456372511421387 40.452293807982414 11.309999999999999
    endloop
  endfacet
  facet normal -0.42755509343027887 -0.9039892931234448 0
    outer loop
      vertex -2.6426126648451627 40.2706678606175 0
      vertex -2.3232447687858944 40.11961809523095 11.309999999999999
      vertex -2.6426126648451627 40.2706678606175 11.309999999999999
    endloop
  endfacet
  facet normal -0.3368898533922138 -0.941544065183023 0
    outer loop
      vertex -2.3232447687858944 40.11961809523095 0
      vertex -1.9906092503876354 40.00059920363563 11.309999999999999
      vertex -2.3232447687858944 40.11961809523095 11.309999999999999
    endloop
  endfacet
  facet normal -0.24298017990326715 -0.9700312531945432 0
    outer loop
      vertex -1.9906092503876354 40.00059920363563 0
      vertex -1.6479095715296326 39.91475740281995 11.309999999999999
      vertex -1.9906092503876354 40.00059920363563 11.309999999999999
    endloop
  endfacet
  facet normal -0.14673047445536955 -0.9891765099647798 0
    outer loop
      vertex -1.6479095715296326 39.91475740281995 0
      vertex -1.298446117457989 39.86291939625167 11.309999999999999
      vertex -1.6479095715296326 39.91475740281995 11.309999999999999
    endloop
  endfacet
  facet normal -0.04906767432742033 -0.9987954562051723 0
    outer loop
      vertex -1.298446117457989 39.86291939625167 0
      vertex -0.9455844122715709 39.84558441227158 11.309999999999999
      vertex -1.298446117457989 39.86291939625167 11.309999999999999
    endloop
  endfacet
  facet normal 0.04906767432742033 -0.9987954562051723 0
    outer loop
      vertex -0.9455844122715709 39.84558441227158 0
      vertex -0.5927227070851526 39.86291939625167 11.309999999999999
      vertex -0.9455844122715709 39.84558441227158 11.309999999999999
    endloop
  endfacet
  facet normal 0.14673047445536955 -0.9891765099647798 0
    outer loop
      vertex -0.5927227070851526 39.86291939625167 0
      vertex -0.24325925301350915 39.91475740281995 11.309999999999999
      vertex -0.5927227070851526 39.86291939625167 11.309999999999999
    endloop
  endfacet
  facet normal 0.24298017990327275 -0.9700312531945418 0
    outer loop
      vertex 0 39.975690673645715 0
      vertex 0 39.975690673645715 11.309999999999999
      vertex -0.24325925301350915 39.91475740281995 11.309999999999999
    endloop
  endfacet
  facet normal -0.7409511253549587 -0.6715589548470188 0
    outer loop
      vertex -3.4911688245431423 40.900000000000006 0
      vertex -3.4911688245431423 40.900000000000006 11.309999999999999
      vertex -3.728422044377424 41.16176858928245 11.309999999999999
    endloop
  endfacet
  facet normal -0.6715589548470141 -0.740951125354963 0
    outer loop
      vertex -3.4911688245431423 40.900000000000006 0
      vertex -3.2294002352606945 40.662746780165726 11.309999999999999
      vertex -3.4911688245431423 40.900000000000006 11.309999999999999
    endloop
  endfacet
  facet normal -0.8032075314806498 -0.5956993044924267 0
    outer loop
      vertex -3.728422044377424 41.16176858928245 0
      vertex -3.728422044377424 41.16176858928245 11.309999999999999
      vertex -3.9388750165607336 41.44553157340101 11.309999999999999
    endloop
  endfacet
  facet normal -0.8577286100002736 -0.5141027441932192 0
    outer loop
      vertex -3.9388750165607336 41.44553157340101 0
      vertex -3.9388750165607336 41.44553157340101 11.309999999999999
      vertex -4.1205009639256485 41.74855615969799 11.309999999999999
    endloop
  endfacet
  facet normal -0.9415440651830218 -0.336889853392217 0
    outer loop
      vertex -4.271550729312203 42.06792405575725 0
      vertex -4.271550729312203 42.06792405575725 11.309999999999999
      vertex -4.390569620907523 42.400559574155515 11.309999999999999
    endloop
  endfacet
  facet normal -0.9039892931234398 -0.42755509343028975 0
    outer loop
      vertex -4.1205009639256485 41.74855615969799 0
      vertex -4.1205009639256485 41.74855615969799 11.309999999999999
      vertex -4.271550729312203 42.06792405575725 11.309999999999999
    endloop
  endfacet
  facet normal -0.970031253194544 -0.2429801799032639 0
    outer loop
      vertex -4.390569620907523 42.400559574155515 0
      vertex -4.390569620907523 42.400559574155515 11.309999999999999
      vertex -4.476411421723201 42.74325925301352 11.309999999999999
    endloop
  endfacet
  facet normal -0.989176509964781 -0.14673047445536153 0
    outer loop
      vertex -4.476411421723201 42.74325925301352 0
      vertex -4.476411421723201 42.74325925301352 11.309999999999999
      vertex -4.528249428291479 43.09272270708516 11.309999999999999
    endloop
  endfacet
  facet normal -0.9987954562051723 -0.049067674327420055 0
    outer loop
      vertex -4.528249428291479 43.09272270708516 0
      vertex -4.528249428291479 43.09272270708516 11.309999999999999
      vertex -4.545584412271571 43.44558441227158 11.309999999999999
    endloop
  endfacet
  facet normal -0.9987954562051723 0.049067674327420055 0
    outer loop
      vertex -4.545584412271571 43.44558441227158 0
      vertex -4.545584412271571 43.44558441227158 11.309999999999999
      vertex -4.528249428291479 43.798446117458 11.309999999999999
    endloop
  endfacet
  facet normal -0.989176509964781 0.14673047445536153 0
    outer loop
      vertex -4.528249428291479 43.798446117458 0
      vertex -4.528249428291479 43.798446117458 11.309999999999999
      vertex -4.476411421723201 44.14790957152964 11.309999999999999
    endloop
  endfacet
  facet normal -0.970031253194544 0.2429801799032639 0
    outer loop
      vertex -4.476411421723201 44.14790957152964 0
      vertex -4.476411421723201 44.14790957152964 11.309999999999999
      vertex -4.390569620907523 44.49060925038764 11.309999999999999
    endloop
  endfacet
  facet normal -0.9415440651830218 0.336889853392217 0
    outer loop
      vertex -4.390569620907523 44.49060925038764 0
      vertex -4.390569620907523 44.49060925038764 11.309999999999999
      vertex -4.271550729312203 44.823244768785905 11.309999999999999
    endloop
  endfacet
  facet normal -0.9039892931234398 0.42755509343028975 0
    outer loop
      vertex -4.271550729312203 44.823244768785905 0
      vertex -4.271550729312203 44.823244768785905 11.309999999999999
      vertex -4.1205009639256485 45.14261266484517 11.309999999999999
    endloop
  endfacet
  facet normal -0.8577286100002736 0.5141027441932192 0
    outer loop
      vertex -4.1205009639256485 45.14261266484517 0
      vertex -4.1205009639256485 45.14261266484517 11.309999999999999
      vertex -3.9388750165607336 45.445637251142145 11.309999999999999
    endloop
  endfacet
  facet normal -0.8032075314806498 0.5956993044924267 0
    outer loop
      vertex -3.9388750165607336 45.445637251142145 0
      vertex -3.9388750165607336 45.445637251142145 11.309999999999999
      vertex -3.728422044377424 45.729400235260705 11.309999999999999
    endloop
  endfacet
  facet normal -0.7409511253549587 0.6715589548470188 0
    outer loop
      vertex -3.728422044377424 45.729400235260705 0
      vertex -3.728422044377424 45.729400235260705 11.309999999999999
      vertex -3.4911688245431423 45.99116882454315 11.309999999999999
    endloop
  endfacet
  facet normal -0.6715589548470141 0.740951125354963 0
    outer loop
      vertex -3.2294002352606945 46.22842204437743 0
      vertex -3.4911688245431423 45.99116882454315 11.309999999999999
      vertex -3.2294002352606945 46.22842204437743 11.309999999999999
    endloop
  endfacet
  facet normal -0.5956993044924368 0.8032075314806424 0
    outer loop
      vertex -2.9456372511421387 46.43887501656074 0
      vertex -3.2294002352606945 46.22842204437743 11.309999999999999
      vertex -2.9456372511421387 46.43887501656074 11.309999999999999
    endloop
  endfacet
  facet normal -0.5141027441932197 0.8577286100002733 0
    outer loop
      vertex -2.6426126648451627 46.62050096392566 0
      vertex -2.9456372511421387 46.43887501656074 11.309999999999999
      vertex -2.6426126648451627 46.62050096392566 11.309999999999999
    endloop
  endfacet
  facet normal -0.42755509343027887 0.9039892931234448 0
    outer loop
      vertex -2.3232447687858944 46.77155072931221 0
      vertex -2.6426126648451627 46.62050096392566 11.309999999999999
      vertex -2.3232447687858944 46.77155072931221 11.309999999999999
    endloop
  endfacet
  facet normal -0.3368898533922138 0.941544065183023 0
    outer loop
      vertex -1.9906092503876354 46.89056962090753 0
      vertex -2.3232447687858944 46.77155072931221 11.309999999999999
      vertex -1.9906092503876354 46.89056962090753 11.309999999999999
    endloop
  endfacet
  facet normal -0.24298017990326715 0.9700312531945432 0
    outer loop
      vertex -1.6479095715296326 46.976411421723206 0
      vertex -1.9906092503876354 46.89056962090753 11.309999999999999
      vertex -1.6479095715296326 46.976411421723206 11.309999999999999
    endloop
  endfacet
  facet normal -0.14673047445536955 0.9891765099647798 0
    outer loop
      vertex -1.298446117457989 47.02824942829149 0
      vertex -1.6479095715296326 46.976411421723206 11.309999999999999
      vertex -1.298446117457989 47.02824942829149 11.309999999999999
    endloop
  endfacet
  facet normal -0.04906767432742033 0.9987954562051723 0
    outer loop
      vertex -0.9455844122715709 47.04558441227158 0
      vertex -1.298446117457989 47.02824942829149 11.309999999999999
      vertex -0.9455844122715709 47.04558441227158 11.309999999999999
    endloop
  endfacet
  facet normal 0.04906767432742033 0.9987954562051723 0
    outer loop
      vertex -0.5927227070851526 47.02824942829149 0
      vertex -0.9455844122715709 47.04558441227158 11.309999999999999
      vertex -0.5927227070851526 47.02824942829149 11.309999999999999
    endloop
  endfacet
  facet normal 0.14673047445536955 0.9891765099647798 0
    outer loop
      vertex -0.24325925301350915 46.976411421723206 0
      vertex -0.5927227070851526 47.02824942829149 11.309999999999999
      vertex -0.24325925301350915 46.976411421723206 11.309999999999999
    endloop
  endfacet
  facet normal 0.24298017990326715 0.9700312531945432 0
    outer loop
      vertex 0.09944042584449364 46.89056962090753 0
      vertex -0.24325925301350915 46.976411421723206 11.309999999999999
      vertex 0.09944042584449364 46.89056962090753 11.309999999999999
    endloop
  endfacet
  facet normal 0.336889853392214 0.9415440651830229 0
    outer loop
      vertex 0.4320759442427524 46.77155072931221 0
      vertex 0.09944042584449364 46.89056962090753 11.309999999999999
      vertex 0.4320759442427524 46.77155072931221 11.309999999999999
    endloop
  endfacet
  facet normal 0.5141027441932193 0.8577286100002735 0
    outer loop
      vertex 1.054468426598997 46.43887501656074 0
      vertex 0.7514438403020207 46.62050096392566 11.309999999999999
      vertex 1.054468426598997 46.43887501656074 11.309999999999999
    endloop
  endfacet
  facet normal 0.5956993044924368 0.8032075314806424 0
    outer loop
      vertex 1.3382314107175528 46.22842204437743 0
      vertex 1.054468426598997 46.43887501656074 11.309999999999999
      vertex 1.3382314107175528 46.22842204437743 11.309999999999999
    endloop
  endfacet
  facet normal 0.42755509343027887 0.9039892931234448 0
    outer loop
      vertex 0.7514438403020207 46.62050096392566 0
      vertex 0.4320759442427524 46.77155072931221 11.309999999999999
      vertex 0.7514438403020207 46.62050096392566 11.309999999999999
    endloop
  endfacet
  facet normal 0.9700312531945443 -0.24298017990326298 0
    outer loop
      vertex 2.5852425971800588 42.74325925301352 0
      vertex 2.5852425971800588 42.74325925301352 11.309999999999999
      vertex 2.5243093263542966 42.50000000000001 11.309999999999999
    endloop
  endfacet
  facet normal 0.9891765099647807 -0.146730474455364 0
    outer loop
      vertex 2.637080603748338 43.09272270708516 0
      vertex 2.637080603748338 43.09272270708516 11.309999999999999
      vertex 2.5852425971800588 42.74325925301352 11.309999999999999
    endloop
  endfacet
  facet normal 0.9987954562051724 -0.04906767432741755 0
    outer loop
      vertex 2.6544155877284292 43.44558441227158 0
      vertex 2.6544155877284292 43.44558441227158 11.309999999999999
      vertex 2.637080603748338 43.09272270708516 11.309999999999999
    endloop
  endfacet
  facet normal 0.9987954562051724 0.04906767432741755 0
    outer loop
      vertex 2.637080603748338 43.798446117458 0
      vertex 2.637080603748338 43.798446117458 11.309999999999999
      vertex 2.6544155877284292 43.44558441227158 11.309999999999999
    endloop
  endfacet
  facet normal 0.9891765099647807 0.146730474455364 0
    outer loop
      vertex 2.5852425971800588 44.14790957152964 0
      vertex 2.5852425971800588 44.14790957152964 11.309999999999999
      vertex 2.637080603748338 43.798446117458 11.309999999999999
    endloop
  endfacet
  facet normal 0.9700312531945443 0.24298017990326273 0
    outer loop
      vertex 2.499400796364381 44.49060925038764 0
      vertex 2.499400796364381 44.49060925038764 11.309999999999999
      vertex 2.5852425971800588 44.14790957152964 11.309999999999999
    endloop
  endfacet
  facet normal 0.9415440651830218 0.336889853392217 0
    outer loop
      vertex 2.3803819047690613 44.823244768785905 0
      vertex 2.3803819047690613 44.823244768785905 11.309999999999999
      vertex 2.499400796364381 44.49060925038764 11.309999999999999
    endloop
  endfacet
  facet normal 0.9039892931234401 0.42755509343028875 0
    outer loop
      vertex 2.229332139382507 45.14261266484517 0
      vertex 2.229332139382507 45.14261266484517 11.309999999999999
      vertex 2.3803819047690613 44.823244768785905 11.309999999999999
    endloop
  endfacet
  facet normal 0.8577286100002729 0.5141027441932202 0
    outer loop
      vertex 2.047706192017592 45.445637251142145 0
      vertex 2.047706192017592 45.445637251142145 11.309999999999999
      vertex 2.229332139382507 45.14261266484517 11.309999999999999
    endloop
  endfacet
  facet normal 0.8032075314806498 0.5956993044924267 0
    outer loop
      vertex 1.8372532198342824 45.729400235260705 0
      vertex 1.8372532198342824 45.729400235260705 11.309999999999999
      vertex 2.047706192017592 45.445637251142145 11.309999999999999
    endloop
  endfacet
  facet normal 0.7409511253549587 0.6715589548470188 0
    outer loop
      vertex 1.6000000000000005 45.99116882454315 0
      vertex 1.6000000000000005 45.99116882454315 11.309999999999999
      vertex 1.8372532198342824 45.729400235260705 11.309999999999999
    endloop
  endfacet
  facet normal 0.6715589548470141 0.740951125354963 0
    outer loop
      vertex 1.6000000000000005 45.99116882454315 0
      vertex 1.3382314107175528 46.22842204437743 11.309999999999999
      vertex 1.6000000000000005 45.99116882454315 11.309999999999999
    endloop
  endfacet
  facet normal 0 0 1
    outer loop
      vertex -1.9906092503876354 40.00059920363563 11.309999999999999
      vertex -1.6479095715296326 39.91475740281995 11.309999999999999
      vertex -1.7109512770017505 41.59782534724901 11.309999999999999
    endloop
  endfacet
  facet normal 0 0 1
    outer loop
      vertex -1.6479095715296326 39.91475740281995 11.309999999999999
      vertex -1.298446117457989 39.86291939625167 11.309999999999999
      vertex -1.3357650563038272 41.48401385146512 11.309999999999999
    endloop
  endfacet
  facet normal 0 0 1
    outer loop
      vertex -1.298446117457989 39.86291939625167 11.309999999999999
      vertex -0.9455844122715709 39.84558441227158 11.309999999999999
      vertex -0.9455844122715709 41.44558441227158 11.309999999999999
    endloop
  endfacet
  facet normal 0 0 1
    outer loop
      vertex -0.9455844122715709 39.84558441227158 11.309999999999999
      vertex -0.5927227070851526 39.86291939625167 11.309999999999999
      vertex -0.7495501316124497 41.455214958927186 11.309999999999999
    endloop
  endfacet
  facet normal 0 0 1
    outer loop
      vertex -0.5927227070851526 39.86291939625167 11.309999999999999
      vertex -0.24325925301350915 39.91475740281995 11.309999999999999
      vertex -0.5554037682393144 41.48401385146512 11.309999999999999
    endloop
  endfacet
  facet normal 0 0 1
    outer loop
      vertex -0.24325925301350915 39.91475740281995 11.309999999999999
      vertex 0 39.975690673645715 11.309999999999999
      vertex -0.002790938619575578 41.681741883574865 11.309999999999999
    endloop
  endfacet
  facet normal 0 0 1
    outer loop
      vertex -2.6426126648451627 40.2706678606175 11.309999999999999
      vertex -2.3232447687858944 40.11961809523095 11.309999999999999
      vertex -2.359797974644666 42.03137084989849 11.309999999999999
    endloop
  endfacet
  facet normal 0 0 1
    outer loop
      vertex -2.9456372511421387 40.452293807982414 11.309999999999999
      vertex -2.6426126648451627 40.2706678606175 11.309999999999999
      vertex -2.7094269409682807 42.50279093861958 11.309999999999999
    endloop
  endfacet
  facet normal 0 0 1
    outer loop
      vertex -2.3232447687858944 40.11961809523095 11.309999999999999
      vertex -1.9906092503876354 40.00059920363563 11.309999999999999
      vertex -2.056724878310775 41.78264518766649 11.309999999999999
    endloop
  endfacet
  facet normal 0 0 1
    outer loop
      vertex -1.9906092503876354 40.00059920363563 11.309999999999999
      vertex -1.8883778859235663 41.681741883574865 11.309999999999999
      vertex -2.056724878310775 41.78264518766649 11.309999999999999
    endloop
  endfacet
  facet normal 0 0 1
    outer loop
      vertex -2.3232447687858944 40.11961809523095 11.309999999999999
      vertex -2.056724878310775 41.78264518766649 11.309999999999999
      vertex -2.214370980598862 41.899563505546105 11.309999999999999
    endloop
  endfacet
  facet normal 0 0 1
    outer loop
      vertex -2.3232447687858944 40.11961809523095 11.309999999999999
      vertex -2.214370980598862 41.899563505546105 11.309999999999999
      vertex -2.359797974644666 42.03137084989849 11.309999999999999
    endloop
  endfacet
  facet normal 0 0 1
    outer loop
      vertex -1.9906092503876354 40.00059920363563 11.309999999999999
      vertex -1.7109512770017505 41.59782534724901 11.309999999999999
      vertex -1.8883778859235663 41.681741883574865 11.309999999999999
    endloop
  endfacet
  facet normal 0 0 1
    outer loop
      vertex -1.6479095715296326 39.91475740281995 11.309999999999999
      vertex -1.5261537667804954 41.53170374080716 11.309999999999999
      vertex -1.7109512770017505 41.59782534724901 11.309999999999999
    endloop
  endfacet
  facet normal 0 0 1
    outer loop
      vertex -2.6426126648451627 40.2706678606175 11.309999999999999
      vertex -2.4916053189970446 42.176797843944286 11.309999999999999
      vertex -2.6085236368766616 42.334443946232376 11.309999999999999
    endloop
  endfacet
  facet normal 0 0 1
    outer loop
      vertex -2.6426126648451627 40.2706678606175 11.309999999999999
      vertex -2.359797974644666 42.03137084989849 11.309999999999999
      vertex -2.4916053189970446 42.176797843944286 11.309999999999999
    endloop
  endfacet
  facet normal 0 0 1
    outer loop
      vertex -2.6426126648451627 40.2706678606175 11.309999999999999
      vertex -2.6085236368766616 42.334443946232376 11.309999999999999
      vertex -2.7094269409682807 42.50279093861958 11.309999999999999
    endloop
  endfacet
  facet normal 0 0 1
    outer loop
      vertex -2.9456372511421387 40.452293807982414 11.309999999999999
      vertex -2.7094269409682807 42.50279093861958 11.309999999999999
      vertex -2.7933434772941443 42.680217547541396 11.309999999999999
    endloop
  endfacet
  facet normal 0 0 1
    outer loop
      vertex -2.9456372511421387 40.452293807982414 11.309999999999999
      vertex -2.7933434772941443 42.680217547541396 11.309999999999999
      vertex -2.8594650837359885 42.865015057762655 11.309999999999999
    endloop
  endfacet
  facet normal 0 0 1
    outer loop
      vertex -2.9456372511421387 40.452293807982414 11.309999999999999
      vertex -2.8594650837359885 42.865015057762655 11.309999999999999
      vertex -2.9071549730780317 43.05540376823932 11.309999999999999
    endloop
  endfacet
  facet normal 0 0 1
    outer loop
      vertex -4.1205009639256485 41.74855615969799 11.309999999999999
      vertex -4.271550729312203 44.823244768785905 11.309999999999999
      vertex -4.271550729312203 42.06792405575725 11.309999999999999
    endloop
  endfacet
  facet normal 0 0 1
    outer loop
      vertex -4.271550729312203 42.06792405575725 11.309999999999999
      vertex -4.390569620907523 44.49060925038764 11.309999999999999
      vertex -4.390569620907523 42.400559574155515 11.309999999999999
    endloop
  endfacet
  facet normal 0 0 1
    outer loop
      vertex -3.9388750165607336 41.44553157340101 11.309999999999999
      vertex -4.1205009639256485 45.14261266484517 11.309999999999999
      vertex -4.1205009639256485 41.74855615969799 11.309999999999999
    endloop
  endfacet
  facet normal 0 0 1
    outer loop
      vertex -3.728422044377424 41.16176858928245 11.309999999999999
      vertex -3.9388750165607336 45.445637251142145 11.309999999999999
      vertex -3.9388750165607336 41.44553157340101 11.309999999999999
    endloop
  endfacet
  facet normal 0 0 1
    outer loop
      vertex -3.4911688245431423 40.900000000000006 11.309999999999999
      vertex -3.728422044377424 45.729400235260705 11.309999999999999
      vertex -3.728422044377424 41.16176858928245 11.309999999999999
    endloop
  endfacet
  facet normal 0 0 1
    outer loop
      vertex -3.4911688245431423 40.900000000000006 11.309999999999999
      vertex -3.2294002352606945 40.662746780165726 11.309999999999999
      vertex -3.4911688245431423 45.99116882454315 11.309999999999999
    endloop
  endfacet
  facet normal 0 0 1
    outer loop
      vertex -2.9456372511421387 40.452293807982414 11.309999999999999
      vertex -3.2294002352606945 46.22842204437743 11.309999999999999
      vertex -3.2294002352606945 40.662746780165726 11.309999999999999
    endloop
  endfacet
  facet normal 0 0 1
    outer loop
      vertex -4.390569620907523 42.400559574155515 11.309999999999999
      vertex -4.476411421723201 44.14790957152964 11.309999999999999
      vertex -4.476411421723201 42.74325925301352 11.309999999999999
    endloop
  endfacet
  facet normal 0 0 1
    outer loop
      vertex -4.476411421723201 42.74325925301352 11.309999999999999
      vertex -4.528249428291479 43.798446117458 11.309999999999999
      vertex -4.528249428291479 43.09272270708516 11.309999999999999
    endloop
  endfacet
  facet normal 0 0 1
    outer loop
      vertex -4.528249428291479 43.09272270708516 11.309999999999999
      vertex -4.528249428291479 43.798446117458 11.309999999999999
      vertex -4.545584412271571 43.44558441227158 11.309999999999999
    endloop
  endfacet
  facet normal 0 0 1
    outer loop
      vertex -4.476411421723201 42.74325925301352 11.309999999999999
      vertex -4.476411421723201 44.14790957152964 11.309999999999999
      vertex -4.528249428291479 43.798446117458 11.309999999999999
    endloop
  endfacet
  facet normal 0 0 1
    outer loop
      vertex -4.390569620907523 42.400559574155515 11.309999999999999
      vertex -4.390569620907523 44.49060925038764 11.309999999999999
      vertex -4.476411421723201 44.14790957152964 11.309999999999999
    endloop
  endfacet
  facet normal 0 0 1
    outer loop
      vertex -4.271550729312203 42.06792405575725 11.309999999999999
      vertex -4.271550729312203 44.823244768785905 11.309999999999999
      vertex -4.390569620907523 44.49060925038764 11.309999999999999
    endloop
  endfacet
  facet normal 0 0 1
    outer loop
      vertex -2.9456372511421387 40.452293807982414 11.309999999999999
      vertex -2.9071549730780317 43.05540376823932 11.309999999999999
      vertex -2.9359538656159647 43.24955013161246 11.309999999999999
    endloop
  endfacet
  facet normal 0 0 1
    outer loop
      vertex -2.9456372511421387 40.452293807982414 11.309999999999999
      vertex -2.9359538656159647 43.24955013161246 11.309999999999999
      vertex -2.945584412271571 43.44558441227158 11.309999999999999
    endloop
  endfacet
  facet normal 0 0 1
    outer loop
      vertex -2.9456372511421387 40.452293807982414 11.309999999999999
      vertex -2.945584412271571 43.44558441227158 11.309999999999999
      vertex -2.9456372511421387 46.43887501656074 11.309999999999999
    endloop
  endfacet
  facet normal 0 0 1
    outer loop
      vertex -1.6479095715296326 39.91475740281995 11.309999999999999
      vertex -1.3357650563038272 41.48401385146512 11.309999999999999
      vertex -1.5261537667804954 41.53170374080716 11.309999999999999
    endloop
  endfacet
  facet normal 0 0 1
    outer loop
      vertex -1.298446117457989 39.86291939625167 11.309999999999999
      vertex -1.1416186929306922 41.455214958927186 11.309999999999999
      vertex -1.3357650563038272 41.48401385146512 11.309999999999999
    endloop
  endfacet
  facet normal 0 0 1
    outer loop
      vertex -1.298446117457989 39.86291939625167 11.309999999999999
      vertex -0.9455844122715709 41.44558441227158 11.309999999999999
      vertex -1.1416186929306922 41.455214958927186 11.309999999999999
    endloop
  endfacet
  facet normal 0 0 1
    outer loop
      vertex -0.9455844122715709 39.84558441227158 11.309999999999999
      vertex -0.7495501316124497 41.455214958927186 11.309999999999999
      vertex -0.9455844122715709 41.44558441227158 11.309999999999999
    endloop
  endfacet
  facet normal 0 0 1
    outer loop
      vertex -0.5927227070851526 39.86291939625167 11.309999999999999
      vertex -0.5554037682393144 41.48401385146512 11.309999999999999
      vertex -0.7495501316124497 41.455214958927186 11.309999999999999
    endloop
  endfacet
  facet normal 0 0 1
    outer loop
      vertex -0.24325925301350915 39.91475740281995 11.309999999999999
      vertex -0.3650150577626462 41.53170374080716 11.309999999999999
      vertex -0.5554037682393144 41.48401385146512 11.309999999999999
    endloop
  endfacet
  facet normal 0 0 1
    outer loop
      vertex -0.24325925301350915 39.91475740281995 11.309999999999999
      vertex -0.1802175475413913 41.59782534724901 11.309999999999999
      vertex -0.3650150577626462 41.53170374080716 11.309999999999999
    endloop
  endfacet
  facet normal 0 0 1
    outer loop
      vertex -0.24325925301350915 39.91475740281995 11.309999999999999
      vertex -0.002790938619575578 41.681741883574865 11.309999999999999
      vertex -0.1802175475413913 41.59782534724901 11.309999999999999
    endloop
  endfacet
  facet normal 0 0 1
    outer loop
      vertex 0 39.975690673645715 11.309999999999999
      vertex 0 41.68341470780676 11.309999999999999
      vertex -0.002790938619575578 41.681741883574865 11.309999999999999
    endloop
  endfacet
  facet normal 0 0 1
    outer loop
      vertex -4.1205009639256485 41.74855615969799 11.309999999999999
      vertex -4.1205009639256485 45.14261266484517 11.309999999999999
      vertex -4.271550729312203 44.823244768785905 11.309999999999999
    endloop
  endfacet
  facet normal 0 0 1
    outer loop
      vertex -3.9388750165607336 41.44553157340101 11.309999999999999
      vertex -3.9388750165607336 45.445637251142145 11.309999999999999
      vertex -4.1205009639256485 45.14261266484517 11.309999999999999
    endloop
  endfacet
  facet normal 0 0 1
    outer loop
      vertex -3.728422044377424 41.16176858928245 11.309999999999999
      vertex -3.728422044377424 45.729400235260705 11.309999999999999
      vertex -3.9388750165607336 45.445637251142145 11.309999999999999
    endloop
  endfacet
  facet normal 0 0 1
    outer loop
      vertex -3.4911688245431423 40.900000000000006 11.309999999999999
      vertex -3.4911688245431423 45.99116882454315 11.309999999999999
      vertex -3.728422044377424 45.729400235260705 11.309999999999999
    endloop
  endfacet
  facet normal 0 0 1
    outer loop
      vertex -3.2294002352606945 40.662746780165726 11.309999999999999
      vertex -3.2294002352606945 46.22842204437743 11.309999999999999
      vertex -3.4911688245431423 45.99116882454315 11.309999999999999
    endloop
  endfacet
  facet normal 0 0 1
    outer loop
      vertex -2.9456372511421387 40.452293807982414 11.309999999999999
      vertex -2.9456372511421387 46.43887501656074 11.309999999999999
      vertex -3.2294002352606945 46.22842204437743 11.309999999999999
    endloop
  endfacet
  facet normal 0 0 1
    outer loop
      vertex -2.945584412271571 43.44558441227158 11.309999999999999
      vertex -2.9359538656159647 43.6416186929307 11.309999999999999
      vertex -2.9456372511421387 46.43887501656074 11.309999999999999
    endloop
  endfacet
  facet normal 0 0 1
    outer loop
      vertex -2.9359538656159647 43.6416186929307 11.309999999999999
      vertex -2.9071549730780317 43.835765056303835 11.309999999999999
      vertex -2.9456372511421387 46.43887501656074 11.309999999999999
    endloop
  endfacet
  facet normal 0 0 1
    outer loop
      vertex -2.9071549730780317 43.835765056303835 11.309999999999999
      vertex -2.8594650837359885 44.0261537667805 11.309999999999999
      vertex -2.9456372511421387 46.43887501656074 11.309999999999999
    endloop
  endfacet
  facet normal 0 0 1
    outer loop
      vertex -2.8594650837359885 44.0261537667805 11.309999999999999
      vertex -2.7933434772941443 44.21095127700176 11.309999999999999
      vertex -2.9456372511421387 46.43887501656074 11.309999999999999
    endloop
  endfacet
  facet normal 0 0 1
    outer loop
      vertex -2.7933434772941443 44.21095127700176 11.309999999999999
      vertex -2.7094269409682807 44.388377885923575 11.309999999999999
      vertex -2.9456372511421387 46.43887501656074 11.309999999999999
    endloop
  endfacet
  facet normal 0 0 1
    outer loop
      vertex -2.7094269409682807 44.388377885923575 11.309999999999999
      vertex -2.6085236368766616 44.55672487831078 11.309999999999999
      vertex -2.6426126648451627 46.62050096392566 11.309999999999999
    endloop
  endfacet
  facet normal 0 0 1
    outer loop
      vertex -2.6085236368766616 44.55672487831078 11.309999999999999
      vertex -2.4916053189970446 44.71437098059887 11.309999999999999
      vertex -2.6426126648451627 46.62050096392566 11.309999999999999
    endloop
  endfacet
  facet normal 0 0 1
    outer loop
      vertex -2.4916053189970446 44.71437098059887 11.309999999999999
      vertex -2.359797974644666 44.85979797464467 11.309999999999999
      vertex -2.6426126648451627 46.62050096392566 11.309999999999999
    endloop
  endfacet
  facet normal 0 0 1
    outer loop
      vertex -2.7094269409682807 44.388377885923575 11.309999999999999
      vertex -2.6426126648451627 46.62050096392566 11.309999999999999
      vertex -2.9456372511421387 46.43887501656074 11.309999999999999
    endloop
  endfacet
  facet normal 0 0 1
    outer loop
      vertex -2.359797974644666 44.85979797464467 11.309999999999999
      vertex -2.3232447687858944 46.77155072931221 11.309999999999999
      vertex -2.6426126648451627 46.62050096392566 11.309999999999999
    endloop
  endfacet
  facet normal 0 0 1
    outer loop
      vertex -2.359797974644666 44.85979797464467 11.309999999999999
      vertex -2.214370980598862 44.99160531899705 11.309999999999999
      vertex -2.3232447687858944 46.77155072931221 11.309999999999999
    endloop
  endfacet
  facet normal 0 0 1
    outer loop
      vertex -2.214370980598862 44.99160531899705 11.309999999999999
      vertex -2.056724878310775 45.10852363687667 11.309999999999999
      vertex -2.3232447687858944 46.77155072931221 11.309999999999999
    endloop
  endfacet
  facet normal 0 0 1
    outer loop
      vertex -2.056724878310775 45.10852363687667 11.309999999999999
      vertex -1.8883778859235663 45.20942694096829 11.309999999999999
      vertex -1.9906092503876354 46.89056962090753 11.309999999999999
    endloop
  endfacet
  facet normal 0 0 1
    outer loop
      vertex -1.8883778859235663 45.20942694096829 11.309999999999999
      vertex -1.7109512770017505 45.29334347729415 11.309999999999999
      vertex -1.9906092503876354 46.89056962090753 11.309999999999999
    endloop
  endfacet
  facet normal 0 0 1
    outer loop
      vertex -1.7109512770017505 45.29334347729415 11.309999999999999
      vertex -1.5261537667804954 45.359465083736 11.309999999999999
      vertex -1.6479095715296326 46.976411421723206 11.309999999999999
    endloop
  endfacet
  facet normal 0 0 1
    outer loop
      vertex -2.056724878310775 45.10852363687667 11.309999999999999
      vertex -1.9906092503876354 46.89056962090753 11.309999999999999
      vertex -2.3232447687858944 46.77155072931221 11.309999999999999
    endloop
  endfacet
  facet normal 0 0 1
    outer loop
      vertex -1.7109512770017505 45.29334347729415 11.309999999999999
      vertex -1.6479095715296326 46.976411421723206 11.309999999999999
      vertex -1.9906092503876354 46.89056962090753 11.309999999999999
    endloop
  endfacet
  facet normal 0 0 1
    outer loop
      vertex 0.9021746527510026 44.21095127700176 11.309999999999999
      vertex 0.9682962591928468 44.0261537667805 11.309999999999999
      vertex 2.047706192017592 45.445637251142145 11.309999999999999
    endloop
  endfacet
  facet normal 0 0 1
    outer loop
      vertex 0.9021746527510026 44.21095127700176 11.309999999999999
      vertex 1.8372532198342824 45.729400235260705 11.309999999999999
      vertex 0.8182581164251392 44.388377885923575 11.309999999999999
    endloop
  endfacet
  facet normal 0 0 1
    outer loop
      vertex 0.8182581164251392 44.388377885923575 11.309999999999999
      vertex 1.6000000000000005 45.99116882454315 11.309999999999999
      vertex 0.7173548123335196 44.55672487831078 11.309999999999999
    endloop
  endfacet
  facet normal 0 0 1
    outer loop
      vertex 0.7173548123335196 44.55672487831078 11.309999999999999
      vertex 1.3382314107175528 46.22842204437743 11.309999999999999
      vertex 0.6004364944539031 44.71437098059887 11.309999999999999
    endloop
  endfacet
  facet normal 0 0 1
    outer loop
      vertex 0.4686291501015243 44.85979797464467 11.309999999999999
      vertex 0.6004364944539031 44.71437098059887 11.309999999999999
      vertex 1.054468426598997 46.43887501656074 11.309999999999999
    endloop
  endfacet
  facet normal 0 0 1
    outer loop
      vertex -1.6479095715296326 46.976411421723206 11.309999999999999
      vertex -1.5261537667804954 45.359465083736 11.309999999999999
      vertex -1.3357650563038272 45.407154973078036 11.309999999999999
    endloop
  endfacet
  facet normal 0 0 1
    outer loop
      vertex -1.3357650563038272 45.407154973078036 11.309999999999999
      vertex -1.1416186929306922 45.43595386561597 11.309999999999999
      vertex -1.298446117457989 47.02824942829149 11.309999999999999
    endloop
  endfacet
  facet normal 0 0 1
    outer loop
      vertex -1.1416186929306922 45.43595386561597 11.309999999999999
      vertex -0.9455844122715709 45.44558441227158 11.309999999999999
      vertex -0.9455844122715709 47.04558441227158 11.309999999999999
    endloop
  endfacet
  facet normal 0 0 1
    outer loop
      vertex -0.9455844122715709 45.44558441227158 11.309999999999999
      vertex -0.7495501316124497 45.43595386561597 11.309999999999999
      vertex -0.5927227070851526 47.02824942829149 11.309999999999999
    endloop
  endfacet
  facet normal 0 0 1
    outer loop
      vertex -0.5554037682393144 45.407154973078036 11.309999999999999
      vertex -0.5927227070851526 47.02824942829149 11.309999999999999
      vertex -0.7495501316124497 45.43595386561597 11.309999999999999
    endloop
  endfacet
  facet normal 0 0 1
    outer loop
      vertex -0.5554037682393144 45.407154973078036 11.309999999999999
      vertex -0.3650150577626462 45.359465083736 11.309999999999999
      vertex -0.24325925301350915 46.976411421723206 11.309999999999999
    endloop
  endfacet
  facet normal 0 0 1
    outer loop
      vertex -0.3650150577626462 45.359465083736 11.309999999999999
      vertex -0.1802175475413913 45.29334347729415 11.309999999999999
      vertex -0.24325925301350915 46.976411421723206 11.309999999999999
    endloop
  endfacet
  facet normal 0 0 1
    outer loop
      vertex -1.6479095715296326 46.976411421723206 11.309999999999999
      vertex -1.3357650563038272 45.407154973078036 11.309999999999999
      vertex -1.298446117457989 47.02824942829149 11.309999999999999
    endloop
  endfacet
  facet normal 0 0 1
    outer loop
      vertex -1.1416186929306922 45.43595386561597 11.309999999999999
      vertex -0.9455844122715709 47.04558441227158 11.309999999999999
      vertex -1.298446117457989 47.02824942829149 11.309999999999999
    endloop
  endfacet
  facet normal 0 0 1
    outer loop
      vertex -0.9455844122715709 45.44558441227158 11.309999999999999
      vertex -0.5927227070851526 47.02824942829149 11.309999999999999
      vertex -0.9455844122715709 47.04558441227158 11.309999999999999
    endloop
  endfacet
  facet normal 0 0 1
    outer loop
      vertex -0.5554037682393144 45.407154973078036 11.309999999999999
      vertex -0.24325925301350915 46.976411421723206 11.309999999999999
      vertex -0.5927227070851526 47.02824942829149 11.309999999999999
    endloop
  endfacet
  facet normal 0 0 1
    outer loop
      vertex -0.1802175475413913 45.29334347729415 11.309999999999999
      vertex -0.002790938619575578 45.20942694096829 11.309999999999999
      vertex 0.09944042584449364 46.89056962090753 11.309999999999999
    endloop
  endfacet
  facet normal 0 0 1
    outer loop
      vertex -0.002790938619575578 45.20942694096829 11.309999999999999
      vertex 0.1655560537676335 45.10852363687667 11.309999999999999
      vertex 0.4320759442427524 46.77155072931221 11.309999999999999
    endloop
  endfacet
  facet normal 0 0 1
    outer loop
      vertex 0.3232021560557201 44.99160531899705 11.309999999999999
      vertex 0.4686291501015243 44.85979797464467 11.309999999999999
      vertex 0.7514438403020207 46.62050096392566 11.309999999999999
    endloop
  endfacet
  facet normal 0 0 1
    outer loop
      vertex 0.3232021560557201 44.99160531899705 11.309999999999999
      vertex 0.7514438403020207 46.62050096392566 11.309999999999999
      vertex 0.1655560537676335 45.10852363687667 11.309999999999999
    endloop
  endfacet
  facet normal 0 0 1
    outer loop
      vertex 0.1655560537676335 45.10852363687667 11.309999999999999
      vertex 0.7514438403020207 46.62050096392566 11.309999999999999
      vertex 0.4320759442427524 46.77155072931221 11.309999999999999
    endloop
  endfacet
  facet normal 0 0 1
    outer loop
      vertex 0.7173548123335196 44.55672487831078 11.309999999999999
      vertex 1.6000000000000005 45.99116882454315 11.309999999999999
      vertex 1.3382314107175528 46.22842204437743 11.309999999999999
    endloop
  endfacet
  facet normal 0 0 1
    outer loop
      vertex 0.6004364944539031 44.71437098059887 11.309999999999999
      vertex 1.3382314107175528 46.22842204437743 11.309999999999999
      vertex 1.054468426598997 46.43887501656074 11.309999999999999
    endloop
  endfacet
  facet normal 0 0 1
    outer loop
      vertex 0.4686291501015243 44.85979797464467 11.309999999999999
      vertex 1.054468426598997 46.43887501656074 11.309999999999999
      vertex 0.7514438403020207 46.62050096392566 11.309999999999999
    endloop
  endfacet
  facet normal 0 0 1
    outer loop
      vertex -0.1802175475413913 45.29334347729415 11.309999999999999
      vertex 0.09944042584449364 46.89056962090753 11.309999999999999
      vertex -0.24325925301350915 46.976411421723206 11.309999999999999
    endloop
  endfacet
  facet normal 0 0 1
    outer loop
      vertex -0.002790938619575578 45.20942694096829 11.309999999999999
      vertex 0.4320759442427524 46.77155072931221 11.309999999999999
      vertex 0.09944042584449364 46.89056962090753 11.309999999999999
    endloop
  endfacet
  facet normal 0 0 1
    outer loop
      vertex 0.8182581164251392 42.50279093861958 11.309999999999999
      vertex 0.8165852921932434 42.50000000000001 11.309999999999999
      vertex 2.5243093263542966 42.50000000000001 11.309999999999999
    endloop
  endfacet
  facet normal 0 0 1
    outer loop
      vertex 0.8182581164251392 42.50279093861958 11.309999999999999
      vertex 2.5243093263542966 42.50000000000001 11.309999999999999
      vertex 0.9021746527510026 42.680217547541396 11.309999999999999
    endloop
  endfacet
  facet normal 0 0 1
    outer loop
      vertex 0.9021746527510026 42.680217547541396 11.309999999999999
      vertex 2.5852425971800588 42.74325925301352 11.309999999999999
      vertex 0.9682962591928468 42.865015057762655 11.309999999999999
    endloop
  endfacet
  facet normal 0 0 1
    outer loop
      vertex 0.9682962591928468 42.865015057762655 11.309999999999999
      vertex 2.5852425971800588 42.74325925301352 11.309999999999999
      vertex 1.01598614853489 43.05540376823932 11.309999999999999
    endloop
  endfacet
  facet normal 0 0 1
    outer loop
      vertex 0.9021746527510026 42.680217547541396 11.309999999999999
      vertex 2.5243093263542966 42.50000000000001 11.309999999999999
      vertex 2.5852425971800588 42.74325925301352 11.309999999999999
    endloop
  endfacet
  facet normal 0 0 1
    outer loop
      vertex 1.01598614853489 43.05540376823932 11.309999999999999
      vertex 2.5852425971800588 42.74325925301352 11.309999999999999
      vertex 1.044785041072823 43.24955013161246 11.309999999999999
    endloop
  endfacet
  facet normal 0 0 1
    outer loop
      vertex 1.044785041072823 43.24955013161246 11.309999999999999
      vertex 2.5852425971800588 42.74325925301352 11.309999999999999
      vertex 1.0544155877284291 43.44558441227158 11.309999999999999
    endloop
  endfacet
  facet normal 0 0 1
    outer loop
      vertex 1.0544155877284291 43.44558441227158 11.309999999999999
      vertex 2.5852425971800588 42.74325925301352 11.309999999999999
      vertex 2.499400796364381 44.49060925038764 11.309999999999999
    endloop
  endfacet
  facet normal 0 0 1
    outer loop
      vertex 2.5852425971800588 42.74325925301352 11.309999999999999
      vertex 2.637080603748338 43.09272270708516 11.309999999999999
      vertex 2.5852425971800588 44.14790957152964 11.309999999999999
    endloop
  endfacet
  facet normal 0 0 1
    outer loop
      vertex 2.637080603748338 43.09272270708516 11.309999999999999
      vertex 2.6544155877284292 43.44558441227158 11.309999999999999
      vertex 2.637080603748338 43.798446117458 11.309999999999999
    endloop
  endfacet
  facet normal 0 0 1
    outer loop
      vertex 2.5852425971800588 42.74325925301352 11.309999999999999
      vertex 2.5852425971800588 44.14790957152964 11.309999999999999
      vertex 2.499400796364381 44.49060925038764 11.309999999999999
    endloop
  endfacet
  facet normal 0 0 1
    outer loop
      vertex 2.637080603748338 43.09272270708516 11.309999999999999
      vertex 2.637080603748338 43.798446117458 11.309999999999999
      vertex 2.5852425971800588 44.14790957152964 11.309999999999999
    endloop
  endfacet
  facet normal 0 0 1
    outer loop
      vertex 1.0544155877284291 43.44558441227158 11.309999999999999
      vertex 2.499400796364381 44.49060925038764 11.309999999999999
      vertex 1.044785041072823 43.6416186929307 11.309999999999999
    endloop
  endfacet
  facet normal 0 0 1
    outer loop
      vertex 1.044785041072823 43.6416186929307 11.309999999999999
      vertex 2.3803819047690613 44.823244768785905 11.309999999999999
      vertex 1.01598614853489 43.835765056303835 11.309999999999999
    endloop
  endfacet
  facet normal 0 0 1
    outer loop
      vertex 1.01598614853489 43.835765056303835 11.309999999999999
      vertex 2.229332139382507 45.14261266484517 11.309999999999999
      vertex 0.9682962591928468 44.0261537667805 11.309999999999999
    endloop
  endfacet
  facet normal 0 0 1
    outer loop
      vertex 1.044785041072823 43.6416186929307 11.309999999999999
      vertex 2.499400796364381 44.49060925038764 11.309999999999999
      vertex 2.3803819047690613 44.823244768785905 11.309999999999999
    endloop
  endfacet
  facet normal 0 0 1
    outer loop
      vertex 1.01598614853489 43.835765056303835 11.309999999999999
      vertex 2.3803819047690613 44.823244768785905 11.309999999999999
      vertex 2.229332139382507 45.14261266484517 11.309999999999999
    endloop
  endfacet
  facet normal 0 0 1
    outer loop
      vertex 0.9682962591928468 44.0261537667805 11.309999999999999
      vertex 2.229332139382507 45.14261266484517 11.309999999999999
      vertex 2.047706192017592 45.445637251142145 11.309999999999999
    endloop
  endfacet
  facet normal 0 0 1
    outer loop
      vertex 0.9021746527510026 44.21095127700176 11.309999999999999
      vertex 2.047706192017592 45.445637251142145 11.309999999999999
      vertex 1.8372532198342824 45.729400235260705 11.309999999999999
    endloop
  endfacet
  facet normal 0 0 1
    outer loop
      vertex 0.8182581164251392 44.388377885923575 11.309999999999999
      vertex 1.8372532198342824 45.729400235260705 11.309999999999999
      vertex 1.6000000000000005 45.99116882454315 11.309999999999999
    endloop
  endfacet
  facet normal 0 0 -1
    outer loop
      vertex 84.88 39.975690673645715 0
      vertex 84.96718790945877 41.37323193328729 0
      vertex 85.1232592530135 39.91475740281995 0
    endloop
  endfacet
  facet normal 0 0 -1
    outer loop
      vertex 85.1232592530135 39.91475740281995 0
      vertex 85.60572234519798 41.21328738350151 0
      vertex 85.47272270708515 39.86291939625167 0
    endloop
  endfacet
  facet normal 0 0 -1
    outer loop
      vertex 85.47272270708515 39.86291939625167 0
      vertex 85.82558441227157 41.20248625276238 0
      vertex 85.82558441227157 39.84558441227158 0
    endloop
  endfacet
  facet normal 0 0 -1
    outer loop
      vertex 85.82558441227157 39.84558441227158 0
      vertex 86.04544647934516 41.21328738350151 0
      vertex 86.17844611745798 39.86291939625167 0
    endloop
  endfacet
  facet normal 0 0 -1
    outer loop
      vertex 86.17844611745798 39.86291939625167 0
      vertex 86.26319115452401 41.24558675492538 0
      vertex 86.52790957152963 39.91475740281995 0
    endloop
  endfacet
  facet normal 0 0 -1
    outer loop
      vertex 86.52790957152963 39.91475740281995 0
      vertex 86.68398091508436 41.37323193328729 0
      vertex 86.87060925038763 40.00059920363563 0
    endloop
  endfacet
  facet normal 0 0 -1
    outer loop
      vertex 86.87060925038763 40.00059920363563 0
      vertex 87.07178297943594 41.58051645522791 0
      vertex 87.2032447687859 40.11961809523095 0
    endloop
  endfacet
  facet normal 0 0 -1
    outer loop
      vertex 82.81884686428086 41.46796644359021 0
      vertex 82.6875839292702 42.50000000000001 0
      vertex 83.84734844737974 42.38819525949854 0
    endloop
  endfacet
  facet normal 0 0 -1
    outer loop
      vertex 82.81884686428086 41.46796644359021 0
      vertex 83.84734844737974 42.38819525949854 0
      vertex 83.9605164552279 42.19938584510721 0
    endloop
  endfacet
  facet normal 0 0 -1
    outer loop
      vertex 82.3556906736457 42.50000000000001 0
      vertex 82.29475740281994 42.74325925301352 0
      vertex 82.6875839292702 42.50000000000001 0
    endloop
  endfacet
  facet normal 0 0 -1
    outer loop
      vertex 82.6875839292702 42.50000000000001 0
      vertex 83.75323193328727 42.587187909458784 0
      vertex 83.84734844737974 42.38819525949854 0
    endloop
  endfacet
  facet normal 0 0 -1
    outer loop
      vertex 82.6875839292702 42.50000000000001 0
      vertex 83.62558675492537 43.007977670019145 0
      vertex 83.67907330643054 42.79444738698837 0
    endloop
  endfacet
  facet normal 0 0 -1
    outer loop
      vertex 82.6875839292702 42.50000000000001 0
      vertex 83.67907330643054 42.79444738698837 0
      vertex 83.75323193328727 42.587187909458784 0
    endloop
  endfacet
  facet normal 0 0 -1
    outer loop
      vertex 82.6875839292702 42.50000000000001 0
      vertex 83.59328738350149 43.22572234519799 0
      vertex 83.62558675492537 43.007977670019145 0
    endloop
  endfacet
  facet normal 0 0 -1
    outer loop
      vertex 82.29475740281994 42.74325925301352 0
      vertex 82.24291939625166 43.09272270708516 0
      vertex 82.29475740281994 44.14790957152964 0
    endloop
  endfacet
  facet normal 0 0 -1
    outer loop
      vertex 82.6875839292702 42.50000000000001 0
      vertex 82.29475740281994 42.74325925301352 0
      vertex 82.38059920363561 44.49060925038764 0
    endloop
  endfacet
  facet normal 0 0 -1
    outer loop
      vertex 82.24291939625166 43.09272270708516 0
      vertex 82.22558441227157 43.44558441227158 0
      vertex 82.24291939625166 43.798446117458 0
    endloop
  endfacet
  facet normal 0 0 -1
    outer loop
      vertex 82.24291939625166 43.09272270708516 0
      vertex 82.24291939625166 43.798446117458 0
      vertex 82.29475740281994 44.14790957152964 0
    endloop
  endfacet
  facet normal 0 0 -1
    outer loop
      vertex 82.29475740281994 42.74325925301352 0
      vertex 82.29475740281994 44.14790957152964 0
      vertex 82.38059920363561 44.49060925038764 0
    endloop
  endfacet
  facet normal 0 0 -1
    outer loop
      vertex 82.6875839292702 42.50000000000001 0
      vertex 83.58248625276237 43.44558441227158 0
      vertex 83.59328738350149 43.22572234519799 0
    endloop
  endfacet
  facet normal 0 0 -1
    outer loop
      vertex 82.6875839292702 42.50000000000001 0
      vertex 83.59328738350149 43.66544647934517 0
      vertex 83.58248625276237 43.44558441227158 0
    endloop
  endfacet
  facet normal 0 0 -1
    outer loop
      vertex 82.6875839292702 42.50000000000001 0
      vertex 83.62558675492537 43.88319115452401 0
      vertex 83.59328738350149 43.66544647934517 0
    endloop
  endfacet
  facet normal 0 0 -1
    outer loop
      vertex 82.6875839292702 42.50000000000001 0
      vertex 82.38059920363561 44.49060925038764 0
      vertex 82.49961809523093 44.823244768785905 0
    endloop
  endfacet
  facet normal 0 0 -1
    outer loop
      vertex 82.6875839292702 42.50000000000001 0
      vertex 82.49961809523093 44.823244768785905 0
      vertex 82.65066786061749 45.14261266484517 0
    endloop
  endfacet
  facet normal 0 0 -1
    outer loop
      vertex 82.6875839292702 42.50000000000001 0
      vertex 82.65066786061749 45.14261266484517 0
      vertex 82.83229380798241 45.445637251142145 0
    endloop
  endfacet
  facet normal 0 0 -1
    outer loop
      vertex 82.6875839292702 42.50000000000001 0
      vertex 82.83229380798241 45.445637251142145 0
      vertex 83.62558675492537 43.88319115452401 0
    endloop
  endfacet
  facet normal 0 0 -1
    outer loop
      vertex 82.83229380798241 45.445637251142145 0
      vertex 83.67907330643054 44.09672143755479 0
      vertex 83.62558675492537 43.88319115452401 0
    endloop
  endfacet
  facet normal 0 0 -1
    outer loop
      vertex 82.83229380798241 45.445637251142145 0
      vertex 83.75323193328727 44.303980915084374 0
      vertex 83.67907330643054 44.09672143755479 0
    endloop
  endfacet
  facet normal 0 0 -1
    outer loop
      vertex 83.04274678016571 45.729400235260705 0
      vertex 83.84734844737974 44.50297356504462 0
      vertex 83.75323193328727 44.303980915084374 0
    endloop
  endfacet
  facet normal 0 0 -1
    outer loop
      vertex 82.83229380798241 45.445637251142145 0
      vertex 83.04274678016571 45.729400235260705 0
      vertex 83.75323193328727 44.303980915084374 0
    endloop
  endfacet
  facet normal 0 0 -1
    outer loop
      vertex 83.04274678016571 45.729400235260705 0
      vertex 83.28 45.99116882454315 0
      vertex 83.84734844737974 44.50297356504462 0
    endloop
  endfacet
  facet normal 0 0 -1
    outer loop
      vertex 84.88 39.975690673645715 0
      vertex 84.88 41.41446874334489 0
      vertex 84.96718790945877 41.37323193328729 0
    endloop
  endfacet
  facet normal 0 0 -1
    outer loop
      vertex 82.81884686428086 41.46796644359021 0
      vertex 83.9605164552279 42.19938584510721 0
      vertex 84.04692705186237 42.082874643074355 0
    endloop
  endfacet
  facet normal 0 0 -1
    outer loop
      vertex 85.1232592530135 39.91475740281995 0
      vertex 85.38797767001913 41.24558675492538 0
      vertex 85.60572234519798 41.21328738350151 0
    endloop
  endfacet
  facet normal 0 0 -1
    outer loop
      vertex 85.1232592530135 39.91475740281995 0
      vertex 84.96718790945877 41.37323193328729 0
      vertex 85.17444738698836 41.29907330643054 0
    endloop
  endfacet
  facet normal 0 0 -1
    outer loop
      vertex 85.1232592530135 39.91475740281995 0
      vertex 85.17444738698836 41.29907330643054 0
      vertex 85.38797767001913 41.24558675492538 0
    endloop
  endfacet
  facet normal 0 0 -1
    outer loop
      vertex 85.47272270708515 39.86291939625167 0
      vertex 85.60572234519798 41.21328738350151 0
      vertex 85.82558441227157 41.20248625276238 0
    endloop
  endfacet
  facet normal 0 0 -1
    outer loop
      vertex 85.82558441227157 39.84558441227158 0
      vertex 85.82558441227157 41.20248625276238 0
      vertex 86.04544647934516 41.21328738350151 0
    endloop
  endfacet
  facet normal 0 0 -1
    outer loop
      vertex 86.17844611745798 39.86291939625167 0
      vertex 86.04544647934516 41.21328738350151 0
      vertex 86.26319115452401 41.24558675492538 0
    endloop
  endfacet
  facet normal 0 0 -1
    outer loop
      vertex 86.52790957152963 39.91475740281995 0
      vertex 86.26319115452401 41.24558675492538 0
      vertex 86.47672143755477 41.29907330643054 0
    endloop
  endfacet
  facet normal 0 0 -1
    outer loop
      vertex 86.52790957152963 39.91475740281995 0
      vertex 86.47672143755477 41.29907330643054 0
      vertex 86.68398091508436 41.37323193328729 0
    endloop
  endfacet
  facet normal 0 0 -1
    outer loop
      vertex 86.87060925038763 40.00059920363563 0
      vertex 86.68398091508436 41.37323193328729 0
      vertex 86.88297356504461 41.467348447379756 0
    endloop
  endfacet
  facet normal 0 0 -1
    outer loop
      vertex 86.87060925038763 40.00059920363563 0
      vertex 86.88297356504461 41.467348447379756 0
      vertex 87.07178297943594 41.58051645522791 0
    endloop
  endfacet
  facet normal 0 0 -1
    outer loop
      vertex 87.2032447687859 40.11961809523095 0
      vertex 87.07178297943594 41.58051645522791 0
      vertex 87.24859082038404 41.71164608705225 0
    endloop
  endfacet
  facet normal 0 0 -1
    outer loop
      vertex 87.2032447687859 40.11961809523095 0
      vertex 87.41169433172759 41.85947449281556 0
      vertex 87.52261266484516 40.2706678606175 0
    endloop
  endfacet
  facet normal 0 0 -1
    outer loop
      vertex 87.52261266484516 40.2706678606175 0
      vertex 87.69065236931523 42.19938584510721 0
      vertex 87.82563725114214 40.452293807982414 0
    endloop
  endfacet
  facet normal 0 0 -1
    outer loop
      vertex 87.2032447687859 40.11961809523095 0
      vertex 87.24859082038404 41.71164608705225 0
      vertex 87.41169433172759 41.85947449281556 0
    endloop
  endfacet
  facet normal 0 0 -1
    outer loop
      vertex 87.52261266484516 40.2706678606175 0
      vertex 87.41169433172759 41.85947449281556 0
      vertex 87.55952273749091 42.0225780041591 0
    endloop
  endfacet
  facet normal 0 0 -1
    outer loop
      vertex 87.52261266484516 40.2706678606175 0
      vertex 87.55952273749091 42.0225780041591 0
      vertex 87.69065236931523 42.19938584510721 0
    endloop
  endfacet
  facet normal 0 0 -1
    outer loop
      vertex 87.82563725114214 40.452293807982414 0
      vertex 87.69065236931523 42.19938584510721 0
      vertex 87.80382037716339 42.38819525949854 0
    endloop
  endfacet
  facet normal 0 0 -1
    outer loop
      vertex 87.82563725114214 40.452293807982414 0
      vertex 87.80382037716339 42.38819525949854 0
      vertex 87.89793689125587 42.587187909458784 0
    endloop
  endfacet
  facet normal 0 0 -1
    outer loop
      vertex 87.82563725114214 40.452293807982414 0
      vertex 87.89793689125587 42.587187909458784 0
      vertex 87.9720955181126 42.79444738698837 0
    endloop
  endfacet
  facet normal 0 0 -1
    outer loop
      vertex 87.82563725114214 40.452293807982414 0
      vertex 87.9720955181126 42.79444738698837 0
      vertex 88.1094002352607 40.662746780165726 0
    endloop
  endfacet
  facet normal 0 0 -1
    outer loop
      vertex 88.1094002352607 40.662746780165726 0
      vertex 87.9720955181126 42.79444738698837 0
      vertex 88.02558206961777 43.00797767001914 0
    endloop
  endfacet
  facet normal 0 0 -1
    outer loop
      vertex 88.1094002352607 40.662746780165726 0
      vertex 88.02558206961777 43.00797767001914 0
      vertex 88.05788144104164 43.22572234519799 0
    endloop
  endfacet
  facet normal 0 0 -1
    outer loop
      vertex 88.1094002352607 40.662746780165726 0
      vertex 88.05788144104164 43.22572234519799 0
      vertex 88.06868257178077 43.44558441227158 0
    endloop
  endfacet
  facet normal 0 0 -1
    outer loop
      vertex 88.1094002352607 40.662746780165726 0
      vertex 88.37116882454313 45.99116882454315 0
      vertex 88.37116882454313 40.900000000000006 0
    endloop
  endfacet
  facet normal 0 0 -1
    outer loop
      vertex 88.37116882454313 40.900000000000006 0
      vertex 88.60842204437742 45.729400235260705 0
      vertex 88.60842204437742 41.16176858928245 0
    endloop
  endfacet
  facet normal 0 0 -1
    outer loop
      vertex 88.60842204437742 41.16176858928245 0
      vertex 88.81887501656072 45.445637251142145 0
      vertex 88.81887501656072 41.44553157340101 0
    endloop
  endfacet
  facet normal 0 0 -1
    outer loop
      vertex 88.81887501656072 41.44553157340101 0
      vertex 89.00050096392565 45.14261266484517 0
      vertex 89.00050096392565 41.74855615969799 0
    endloop
  endfacet
  facet normal 0 0 -1
    outer loop
      vertex 89.00050096392565 41.74855615969799 0
      vertex 89.1515507293122 44.823244768785905 0
      vertex 89.1515507293122 42.06792405575725 0
    endloop
  endfacet
  facet normal 0 0 -1
    outer loop
      vertex 89.1515507293122 42.06792405575725 0
      vertex 89.27056962090752 44.49060925038764 0
      vertex 89.27056962090752 42.400559574155515 0
    endloop
  endfacet
  facet normal 0 0 -1
    outer loop
      vertex 88.1094002352607 40.662746780165726 0
      vertex 88.06868257178077 43.44558441227158 0
      vertex 88.1094002352607 46.22842204437743 0
    endloop
  endfacet
  facet normal 0 0 -1
    outer loop
      vertex 89.27056962090752 42.400559574155515 0
      vertex 89.3564114217232 44.14790957152964 0
      vertex 89.3564114217232 42.74325925301352 0
    endloop
  endfacet
  facet normal 0 0 -1
    outer loop
      vertex 89.3564114217232 42.74325925301352 0
      vertex 89.40824942829147 43.798446117458 0
      vertex 89.40824942829147 43.09272270708516 0
    endloop
  endfacet
  facet normal 0 0 -1
    outer loop
      vertex 89.40824942829147 43.09272270708516 0
      vertex 89.40824942829147 43.798446117458 0
      vertex 89.42558441227156 43.44558441227158 0
    endloop
  endfacet
  facet normal 0 0 -1
    outer loop
      vertex 89.3564114217232 42.74325925301352 0
      vertex 89.3564114217232 44.14790957152964 0
      vertex 89.40824942829147 43.798446117458 0
    endloop
  endfacet
  facet normal 0 0 -1
    outer loop
      vertex 89.1515507293122 42.06792405575725 0
      vertex 89.1515507293122 44.823244768785905 0
      vertex 89.27056962090752 44.49060925038764 0
    endloop
  endfacet
  facet normal 0 0 -1
    outer loop
      vertex 89.27056962090752 42.400559574155515 0
      vertex 89.27056962090752 44.49060925038764 0
      vertex 89.3564114217232 44.14790957152964 0
    endloop
  endfacet
  facet normal 0 0 -1
    outer loop
      vertex 83.28 45.99116882454315 0
      vertex 83.9605164552279 44.69178297943595 0
      vertex 83.84734844737974 44.50297356504462 0
    endloop
  endfacet
  facet normal 0 0 -1
    outer loop
      vertex 83.54176858928244 46.22842204437743 0
      vertex 84.09164608705223 44.86859082038406 0
      vertex 83.9605164552279 44.69178297943595 0
    endloop
  endfacet
  facet normal 0 0 -1
    outer loop
      vertex 83.28 45.99116882454315 0
      vertex 83.54176858928244 46.22842204437743 0
      vertex 83.9605164552279 44.69178297943595 0
    endloop
  endfacet
  facet normal 0 0 -1
    outer loop
      vertex 83.825531573401 46.43887501656074 0
      vertex 84.23947449281555 45.0316943317276 0
      vertex 84.09164608705223 44.86859082038406 0
    endloop
  endfacet
  facet normal 0 0 -1
    outer loop
      vertex 84.12855615969798 46.62050096392566 0
      vertex 84.4025780041591 45.179522737490906 0
      vertex 84.23947449281555 45.0316943317276 0
    endloop
  endfacet
  facet normal 0 0 -1
    outer loop
      vertex 83.54176858928244 46.22842204437743 0
      vertex 83.825531573401 46.43887501656074 0
      vertex 84.09164608705223 44.86859082038406 0
    endloop
  endfacet
  facet normal 0 0 -1
    outer loop
      vertex 83.825531573401 46.43887501656074 0
      vertex 84.12855615969798 46.62050096392566 0
      vertex 84.23947449281555 45.0316943317276 0
    endloop
  endfacet
  facet normal 0 0 -1
    outer loop
      vertex 84.44792405575724 46.77155072931221 0
      vertex 84.5793858451072 45.31065236931525 0
      vertex 84.4025780041591 45.179522737490906 0
    endloop
  endfacet
  facet normal 0 0 -1
    outer loop
      vertex 84.44792405575724 46.77155072931221 0
      vertex 84.76819525949853 45.4238203771634 0
      vertex 84.5793858451072 45.31065236931525 0
    endloop
  endfacet
  facet normal 0 0 -1
    outer loop
      vertex 84.12855615969798 46.62050096392566 0
      vertex 84.44792405575724 46.77155072931221 0
      vertex 84.4025780041591 45.179522737490906 0
    endloop
  endfacet
  facet normal 0 0 -1
    outer loop
      vertex 84.7805595741555 46.89056962090753 0
      vertex 84.96718790945877 45.517936891255864 0
      vertex 84.76819525949853 45.4238203771634 0
    endloop
  endfacet
  facet normal 0 0 -1
    outer loop
      vertex 84.44792405575724 46.77155072931221 0
      vertex 84.7805595741555 46.89056962090753 0
      vertex 84.76819525949853 45.4238203771634 0
    endloop
  endfacet
  facet normal 0 0 -1
    outer loop
      vertex 84.7805595741555 46.89056962090753 0
      vertex 85.1232592530135 46.976411421723206 0
      vertex 84.96718790945877 45.517936891255864 0
    endloop
  endfacet
  facet normal 0 0 -1
    outer loop
      vertex 85.1232592530135 46.976411421723206 0
      vertex 85.17444738698836 45.592095518112615 0
      vertex 84.96718790945877 45.517936891255864 0
    endloop
  endfacet
  facet normal 0 0 -1
    outer loop
      vertex 85.1232592530135 46.976411421723206 0
      vertex 85.38797767001913 45.64558206961778 0
      vertex 85.17444738698836 45.592095518112615 0
    endloop
  endfacet
  facet normal 0 0 -1
    outer loop
      vertex 85.47272270708515 47.02824942829149 0
      vertex 85.60572234519798 45.67788144104165 0
      vertex 85.38797767001913 45.64558206961778 0
    endloop
  endfacet
  facet normal 0 0 -1
    outer loop
      vertex 85.82558441227157 47.04558441227158 0
      vertex 85.82558441227157 45.68868257178078 0
      vertex 85.60572234519798 45.67788144104165 0
    endloop
  endfacet
  facet normal 0 0 -1
    outer loop
      vertex 86.17844611745798 47.02824942829149 0
      vertex 86.04544647934516 45.67788144104165 0
      vertex 85.82558441227157 45.68868257178078 0
    endloop
  endfacet
  facet normal 0 0 -1
    outer loop
      vertex 86.52790957152963 46.976411421723206 0
      vertex 86.26319115452401 45.64558206961778 0
      vertex 86.04544647934516 45.67788144104165 0
    endloop
  endfacet
  facet normal 0 0 -1
    outer loop
      vertex 86.52790957152963 46.976411421723206 0
      vertex 86.47672143755477 45.592095518112615 0
      vertex 86.26319115452401 45.64558206961778 0
    endloop
  endfacet
  facet normal 0 0 -1
    outer loop
      vertex 85.1232592530135 46.976411421723206 0
      vertex 85.47272270708515 47.02824942829149 0
      vertex 85.38797767001913 45.64558206961778 0
    endloop
  endfacet
  facet normal 0 0 -1
    outer loop
      vertex 85.47272270708515 47.02824942829149 0
      vertex 85.82558441227157 47.04558441227158 0
      vertex 85.60572234519798 45.67788144104165 0
    endloop
  endfacet
  facet normal 0 0 -1
    outer loop
      vertex 85.82558441227157 47.04558441227158 0
      vertex 86.17844611745798 47.02824942829149 0
      vertex 85.82558441227157 45.68868257178078 0
    endloop
  endfacet
  facet normal 0 0 -1
    outer loop
      vertex 86.17844611745798 47.02824942829149 0
      vertex 86.52790957152963 46.976411421723206 0
      vertex 86.04544647934516 45.67788144104165 0
    endloop
  endfacet
  facet normal 0 0 -1
    outer loop
      vertex 88.1094002352607 46.22842204437743 0
      vertex 87.89793689125587 44.303980915084374 0
      vertex 87.80382037716339 44.50297356504462 0
    endloop
  endfacet
  facet normal 0 0 -1
    outer loop
      vertex 87.82563725114214 46.43887501656074 0
      vertex 87.80382037716339 44.50297356504462 0
      vertex 87.69065236931523 44.69178297943595 0
    endloop
  endfacet
  facet normal 0 0 -1
    outer loop
      vertex 87.82563725114214 46.43887501656074 0
      vertex 87.69065236931523 44.69178297943595 0
      vertex 87.55952273749091 44.86859082038406 0
    endloop
  endfacet
  facet normal 0 0 -1
    outer loop
      vertex 88.37116882454313 40.900000000000006 0
      vertex 88.37116882454313 45.99116882454315 0
      vertex 88.60842204437742 45.729400235260705 0
    endloop
  endfacet
  facet normal 0 0 -1
    outer loop
      vertex 88.60842204437742 41.16176858928245 0
      vertex 88.60842204437742 45.729400235260705 0
      vertex 88.81887501656072 45.445637251142145 0
    endloop
  endfacet
  facet normal 0 0 -1
    outer loop
      vertex 88.1094002352607 40.662746780165726 0
      vertex 88.1094002352607 46.22842204437743 0
      vertex 88.37116882454313 45.99116882454315 0
    endloop
  endfacet
  facet normal 0 0 -1
    outer loop
      vertex 88.1094002352607 46.22842204437743 0
      vertex 88.06868257178077 43.44558441227158 0
      vertex 88.05788144104164 43.66544647934517 0
    endloop
  endfacet
  facet normal 0 0 -1
    outer loop
      vertex 88.1094002352607 46.22842204437743 0
      vertex 88.05788144104164 43.66544647934517 0
      vertex 88.02558206961777 43.88319115452401 0
    endloop
  endfacet
  facet normal 0 0 -1
    outer loop
      vertex 89.00050096392565 41.74855615969799 0
      vertex 89.00050096392565 45.14261266484517 0
      vertex 89.1515507293122 44.823244768785905 0
    endloop
  endfacet
  facet normal 0 0 -1
    outer loop
      vertex 88.81887501656072 41.44553157340101 0
      vertex 88.81887501656072 45.445637251142145 0
      vertex 89.00050096392565 45.14261266484517 0
    endloop
  endfacet
  facet normal 0 0 -1
    outer loop
      vertex 88.1094002352607 46.22842204437743 0
      vertex 88.02558206961777 43.88319115452401 0
      vertex 87.9720955181126 44.09672143755479 0
    endloop
  endfacet
  facet normal 0 0 -1
    outer loop
      vertex 88.1094002352607 46.22842204437743 0
      vertex 87.9720955181126 44.09672143755479 0
      vertex 87.89793689125587 44.303980915084374 0
    endloop
  endfacet
  facet normal 0 0 -1
    outer loop
      vertex 87.2032447687859 46.77155072931221 0
      vertex 87.07178297943594 45.31065236931525 0
      vertex 86.88297356504461 45.4238203771634 0
    endloop
  endfacet
  facet normal 0 0 -1
    outer loop
      vertex 86.87060925038763 46.89056962090753 0
      vertex 86.68398091508436 45.517936891255864 0
      vertex 86.47672143755477 45.592095518112615 0
    endloop
  endfacet
  facet normal 0 0 -1
    outer loop
      vertex 87.2032447687859 46.77155072931221 0
      vertex 86.88297356504461 45.4238203771634 0
      vertex 86.68398091508436 45.517936891255864 0
    endloop
  endfacet
  facet normal 0 0 -1
    outer loop
      vertex 87.52261266484516 46.62050096392566 0
      vertex 87.41169433172759 45.0316943317276 0
      vertex 87.24859082038404 45.179522737490906 0
    endloop
  endfacet
  facet normal 0 0 -1
    outer loop
      vertex 87.52261266484516 46.62050096392566 0
      vertex 87.24859082038404 45.179522737490906 0
      vertex 87.07178297943594 45.31065236931525 0
    endloop
  endfacet
  facet normal 0 0 -1
    outer loop
      vertex 87.82563725114214 46.43887501656074 0
      vertex 87.55952273749091 44.86859082038406 0
      vertex 87.41169433172759 45.0316943317276 0
    endloop
  endfacet
  facet normal 0 0 -1
    outer loop
      vertex 87.82563725114214 46.43887501656074 0
      vertex 88.1094002352607 46.22842204437743 0
      vertex 87.80382037716339 44.50297356504462 0
    endloop
  endfacet
  facet normal 0 0 -1
    outer loop
      vertex 87.52261266484516 46.62050096392566 0
      vertex 87.82563725114214 46.43887501656074 0
      vertex 87.41169433172759 45.0316943317276 0
    endloop
  endfacet
  facet normal 0 0 -1
    outer loop
      vertex 87.2032447687859 46.77155072931221 0
      vertex 87.52261266484516 46.62050096392566 0
      vertex 87.07178297943594 45.31065236931525 0
    endloop
  endfacet
  facet normal 0 0 -1
    outer loop
      vertex 86.52790957152963 46.976411421723206 0
      vertex 86.87060925038763 46.89056962090753 0
      vertex 86.47672143755477 45.592095518112615 0
    endloop
  endfacet
  facet normal 0 0 -1
    outer loop
      vertex 87.2032447687859 46.77155072931221 0
      vertex 86.68398091508436 45.517936891255864 0
      vertex 86.87060925038763 46.89056962090753 0
    endloop
  endfacet
  facet normal -0.2429801799032763 -0.9700312531945409 0
    outer loop
      vertex 84.88 39.975690673645715 0
      vertex 85.1232592530135 39.91475740281995 0
      vertex 84.88 39.975690673645715 11.309999999999999
    endloop
  endfacet
  facet normal -0.14673047445536555 -0.9891765099647805 0
    outer loop
      vertex 85.1232592530135 39.91475740281995 0
      vertex 85.47272270708515 39.86291939625167 0
      vertex 85.47272270708515 39.86291939625167 11.309999999999999
    endloop
  endfacet
  facet normal -0.04906767432742104 -0.9987954562051722 0
    outer loop
      vertex 85.47272270708515 39.86291939625167 0
      vertex 85.82558441227157 39.84558441227158 0
      vertex 85.82558441227157 39.84558441227158 11.309999999999999
    endloop
  endfacet
  facet normal 0.04906767432742104 -0.9987954562051722 0
    outer loop
      vertex 85.82558441227157 39.84558441227158 0
      vertex 86.17844611745798 39.86291939625167 0
      vertex 86.17844611745798 39.86291939625167 11.309999999999999
    endloop
  endfacet
  facet normal 0.14673047445536555 -0.9891765099647805 0
    outer loop
      vertex 86.17844611745798 39.86291939625167 0
      vertex 86.52790957152963 39.91475740281995 0
      vertex 86.52790957152963 39.91475740281995 11.309999999999999
    endloop
  endfacet
  facet normal 0.24298017990327098 -0.9700312531945422 0
    outer loop
      vertex 86.52790957152963 39.91475740281995 0
      vertex 86.87060925038763 40.00059920363563 0
      vertex 86.87060925038763 40.00059920363563 11.309999999999999
    endloop
  endfacet
  facet normal 0.3368898533922104 -0.9415440651830242 0
    outer loop
      vertex 86.87060925038763 40.00059920363563 0
      vertex 87.2032447687859 40.11961809523095 0
      vertex 87.2032447687859 40.11961809523095 11.309999999999999
    endloop
  endfacet
  facet normal 0.4275550934302857 -0.9039892931234417 0
    outer loop
      vertex 87.2032447687859 40.11961809523095 0
      vertex 87.52261266484516 40.2706678606175 0
      vertex 87.52261266484516 40.2706678606175 11.309999999999999
    endloop
  endfacet
  facet normal 0.5141027441932086 -0.8577286100002799 0
    outer loop
      vertex 87.52261266484516 40.2706678606175 0
      vertex 87.82563725114214 40.452293807982414 0
      vertex 87.82563725114214 40.452293807982414 11.309999999999999
    endloop
  endfacet
  facet normal 0.5956993044924404 -0.8032075314806396 0
    outer loop
      vertex 87.82563725114214 40.452293807982414 0
      vertex 88.1094002352607 40.662746780165726 0
      vertex 88.1094002352607 40.662746780165726 11.309999999999999
    endloop
  endfacet
  facet normal -0.9700312531945493 -0.24298017990324303 0
    outer loop
      vertex 82.3556906736457 42.50000000000001 0
      vertex 82.29475740281994 42.74325925301352 11.309999999999999
      vertex 82.29475740281994 42.74325925301352 0
    endloop
  endfacet
  facet normal -0.9891765099647825 -0.1467304744553517 0
    outer loop
      vertex 82.29475740281994 42.74325925301352 0
      vertex 82.24291939625166 43.09272270708516 11.309999999999999
      vertex 82.24291939625166 43.09272270708516 0
    endloop
  endfacet
  facet normal -0.9987954562051723 -0.049067674327420055 0
    outer loop
      vertex 82.24291939625166 43.09272270708516 0
      vertex 82.22558441227157 43.44558441227158 11.309999999999999
      vertex 82.22558441227157 43.44558441227158 0
    endloop
  endfacet
  facet normal -0.9987954562051723 0.049067674327420055 0
    outer loop
      vertex 82.22558441227157 43.44558441227158 0
      vertex 82.24291939625166 43.798446117458 11.309999999999999
      vertex 82.24291939625166 43.798446117458 0
    endloop
  endfacet
  facet normal -0.9891765099647825 0.1467304744553517 0
    outer loop
      vertex 82.24291939625166 43.798446117458 0
      vertex 82.29475740281994 44.14790957152964 11.309999999999999
      vertex 82.29475740281994 44.14790957152964 0
    endloop
  endfacet
  facet normal -0.9700312531945482 0.24298017990324736 0
    outer loop
      vertex 82.29475740281994 44.14790957152964 0
      vertex 82.38059920363561 44.49060925038764 11.309999999999999
      vertex 82.38059920363561 44.49060925038764 0
    endloop
  endfacet
  facet normal -0.9415440651830242 0.3368898533922104 0
    outer loop
      vertex 82.38059920363561 44.49060925038764 0
      vertex 82.49961809523093 44.823244768785905 11.309999999999999
      vertex 82.49961809523093 44.823244768785905 0
    endloop
  endfacet
  facet normal -0.9039892931234339 0.4275550934303021 0
    outer loop
      vertex 82.49961809523093 44.823244768785905 0
      vertex 82.65066786061749 45.14261266484517 11.309999999999999
      vertex 82.65066786061749 45.14261266484517 0
    endloop
  endfacet
  facet normal -0.8577286100002657 0.5141027441932322 0
    outer loop
      vertex 82.65066786061749 45.14261266484517 0
      vertex 82.83229380798241 45.445637251142145 11.309999999999999
      vertex 82.83229380798241 45.445637251142145 0
    endloop
  endfacet
  facet normal -0.8032075314806565 0.5956993044924178 0
    outer loop
      vertex 82.83229380798241 45.445637251142145 0
      vertex 83.04274678016571 45.729400235260705 11.309999999999999
      vertex 83.04274678016571 45.729400235260705 0
    endloop
  endfacet
  facet normal -0.7409511253549518 0.6715589548470264 0
    outer loop
      vertex 83.04274678016571 45.729400235260705 0
      vertex 83.28 45.99116882454315 11.309999999999999
      vertex 83.28 45.99116882454315 0
    endloop
  endfacet
  facet normal -0.6715589548470254 0.7409511253549528 0
    outer loop
      vertex 83.28 45.99116882454315 0
      vertex 83.28 45.99116882454315 11.309999999999999
      vertex 83.54176858928244 46.22842204437743 0
    endloop
  endfacet
  facet normal 0.6715589548470254 -0.7409511253549528 0
    outer loop
      vertex 88.1094002352607 40.662746780165726 0
      vertex 88.37116882454313 40.900000000000006 0
      vertex 88.37116882454313 40.900000000000006 11.309999999999999
    endloop
  endfacet
  facet normal 0.7409511253549518 -0.6715589548470264 0
    outer loop
      vertex 88.37116882454313 40.900000000000006 0
      vertex 88.60842204437742 41.16176858928245 0
      vertex 88.37116882454313 40.900000000000006 11.309999999999999
    endloop
  endfacet
  facet normal 0.8032075314806565 -0.5956993044924178 0
    outer loop
      vertex 88.60842204437742 41.16176858928245 0
      vertex 88.81887501656072 41.44553157340101 0
      vertex 88.60842204437742 41.16176858928245 11.309999999999999
    endloop
  endfacet
  facet normal 0.8577286100002657 -0.5141027441932322 0
    outer loop
      vertex 88.81887501656072 41.44553157340101 0
      vertex 89.00050096392565 41.74855615969799 0
      vertex 88.81887501656072 41.44553157340101 11.309999999999999
    endloop
  endfacet
  facet normal 0.9039892931234339 -0.4275550934303021 0
    outer loop
      vertex 89.00050096392565 41.74855615969799 0
      vertex 89.1515507293122 42.06792405575725 0
      vertex 89.00050096392565 41.74855615969799 11.309999999999999
    endloop
  endfacet
  facet normal 0.9415440651830242 -0.3368898533922104 0
    outer loop
      vertex 89.1515507293122 42.06792405575725 0
      vertex 89.27056962090752 42.400559574155515 0
      vertex 89.1515507293122 42.06792405575725 11.309999999999999
    endloop
  endfacet
  facet normal 0.9700312531945482 -0.24298017990324736 0
    outer loop
      vertex 89.27056962090752 42.400559574155515 0
      vertex 89.3564114217232 42.74325925301352 0
      vertex 89.27056962090752 42.400559574155515 11.309999999999999
    endloop
  endfacet
  facet normal 0.9891765099647825 -0.1467304744553517 0
    outer loop
      vertex 89.3564114217232 42.74325925301352 0
      vertex 89.40824942829147 43.09272270708516 0
      vertex 89.3564114217232 42.74325925301352 11.309999999999999
    endloop
  endfacet
  facet normal 0.9987954562051723 -0.049067674327420055 0
    outer loop
      vertex 89.40824942829147 43.09272270708516 0
      vertex 89.42558441227156 43.44558441227158 0
      vertex 89.40824942829147 43.09272270708516 11.309999999999999
    endloop
  endfacet
  facet normal 0.9987954562051723 0.049067674327420055 0
    outer loop
      vertex 89.42558441227156 43.44558441227158 0
      vertex 89.40824942829147 43.798446117458 0
      vertex 89.42558441227156 43.44558441227158 11.309999999999999
    endloop
  endfacet
  facet normal -0.5956993044924404 0.8032075314806396 0
    outer loop
      vertex 83.54176858928244 46.22842204437743 0
      vertex 83.54176858928244 46.22842204437743 11.309999999999999
      vertex 83.825531573401 46.43887501656074 0
    endloop
  endfacet
  facet normal -0.5141027441932086 0.8577286100002799 0
    outer loop
      vertex 83.825531573401 46.43887501656074 0
      vertex 83.825531573401 46.43887501656074 11.309999999999999
      vertex 84.12855615969798 46.62050096392566 0
    endloop
  endfacet
  facet normal -0.4275550934302857 0.9039892931234417 0
    outer loop
      vertex 84.12855615969798 46.62050096392566 0
      vertex 84.12855615969798 46.62050096392566 11.309999999999999
      vertex 84.44792405575724 46.77155072931221 0
    endloop
  endfacet
  facet normal -0.3368898533922104 0.9415440651830242 0
    outer loop
      vertex 84.44792405575724 46.77155072931221 0
      vertex 84.44792405575724 46.77155072931221 11.309999999999999
      vertex 84.7805595741555 46.89056962090753 0
    endloop
  endfacet
  facet normal -0.24298017990327098 0.9700312531945422 0
    outer loop
      vertex 84.7805595741555 46.89056962090753 0
      vertex 84.7805595741555 46.89056962090753 11.309999999999999
      vertex 85.1232592530135 46.976411421723206 0
    endloop
  endfacet
  facet normal -0.14673047445536555 0.9891765099647805 0
    outer loop
      vertex 85.1232592530135 46.976411421723206 0
      vertex 85.1232592530135 46.976411421723206 11.309999999999999
      vertex 85.47272270708515 47.02824942829149 0
    endloop
  endfacet
  facet normal -0.04906767432742104 0.9987954562051722 0
    outer loop
      vertex 85.47272270708515 47.02824942829149 0
      vertex 85.47272270708515 47.02824942829149 11.309999999999999
      vertex 85.82558441227157 47.04558441227158 0
    endloop
  endfacet
  facet normal 0.04906767432742104 0.9987954562051722 0
    outer loop
      vertex 85.82558441227157 47.04558441227158 0
      vertex 85.82558441227157 47.04558441227158 11.309999999999999
      vertex 86.17844611745798 47.02824942829149 0
    endloop
  endfacet
  facet normal 0.14673047445536555 0.9891765099647805 0
    outer loop
      vertex 86.17844611745798 47.02824942829149 0
      vertex 86.17844611745798 47.02824942829149 11.309999999999999
      vertex 86.52790957152963 46.976411421723206 0
    endloop
  endfacet
  facet normal 0.9891765099647825 0.1467304744553517 0
    outer loop
      vertex 89.40824942829147 43.798446117458 0
      vertex 89.3564114217232 44.14790957152964 0
      vertex 89.40824942829147 43.798446117458 11.309999999999999
    endloop
  endfacet
  facet normal 0.9700312531945482 0.24298017990324736 0
    outer loop
      vertex 89.3564114217232 44.14790957152964 0
      vertex 89.27056962090752 44.49060925038764 0
      vertex 89.3564114217232 44.14790957152964 11.309999999999999
    endloop
  endfacet
  facet normal 0.9415440651830242 0.3368898533922104 0
    outer loop
      vertex 89.27056962090752 44.49060925038764 0
      vertex 89.1515507293122 44.823244768785905 0
      vertex 89.27056962090752 44.49060925038764 11.309999999999999
    endloop
  endfacet
  facet normal 0.9039892931234339 0.4275550934303021 0
    outer loop
      vertex 89.1515507293122 44.823244768785905 0
      vertex 89.00050096392565 45.14261266484517 0
      vertex 89.1515507293122 44.823244768785905 11.309999999999999
    endloop
  endfacet
  facet normal 0.8577286100002657 0.5141027441932322 0
    outer loop
      vertex 89.00050096392565 45.14261266484517 0
      vertex 88.81887501656072 45.445637251142145 0
      vertex 89.00050096392565 45.14261266484517 11.309999999999999
    endloop
  endfacet
  facet normal 0.24298017990327098 0.9700312531945422 0
    outer loop
      vertex 86.52790957152963 46.976411421723206 0
      vertex 86.52790957152963 46.976411421723206 11.309999999999999
      vertex 86.87060925038763 46.89056962090753 0
    endloop
  endfacet
  facet normal 0.3368898533922104 0.9415440651830242 0
    outer loop
      vertex 87.2032447687859 46.77155072931221 0
      vertex 86.87060925038763 46.89056962090753 0
      vertex 86.87060925038763 46.89056962090753 11.309999999999999
    endloop
  endfacet
  facet normal 0.5956993044924404 0.8032075314806396 0
    outer loop
      vertex 87.82563725114214 46.43887501656074 0
      vertex 87.82563725114214 46.43887501656074 11.309999999999999
      vertex 88.1094002352607 46.22842204437743 0
    endloop
  endfacet
  facet normal 0.5141027441932086 0.8577286100002799 0
    outer loop
      vertex 87.52261266484516 46.62050096392566 0
      vertex 87.52261266484516 46.62050096392566 11.309999999999999
      vertex 87.82563725114214 46.43887501656074 0
    endloop
  endfacet
  facet normal 0.4275550934302857 0.9039892931234417 0
    outer loop
      vertex 87.2032447687859 46.77155072931221 0
      vertex 87.2032447687859 46.77155072931221 11.309999999999999
      vertex 87.52261266484516 46.62050096392566 0
    endloop
  endfacet
  facet normal 0.7409511253549518 0.6715589548470264 0
    outer loop
      vertex 88.60842204437742 45.729400235260705 0
      vertex 88.37116882454313 45.99116882454315 0
      vertex 88.60842204437742 45.729400235260705 11.309999999999999
    endloop
  endfacet
  facet normal 0.6715589548470254 0.7409511253549528 0
    outer loop
      vertex 88.1094002352607 46.22842204437743 0
      vertex 88.1094002352607 46.22842204437743 11.309999999999999
      vertex 88.37116882454313 45.99116882454315 0
    endloop
  endfacet
  facet normal 0.8032075314806565 0.5956993044924178 0
    outer loop
      vertex 88.60842204437742 45.729400235260705 0
      vertex 88.81887501656072 45.445637251142145 11.309999999999999
      vertex 88.81887501656072 45.445637251142145 0
    endloop
  endfacet
  facet normal -0.2429801799032763 -0.9700312531945409 0
    outer loop
      vertex 85.1232592530135 39.91475740281995 0
      vertex 85.1232592530135 39.91475740281995 11.309999999999999
      vertex 84.88 39.975690673645715 11.309999999999999
    endloop
  endfacet
  facet normal -0.14673047445536555 -0.9891765099647805 0
    outer loop
      vertex 85.1232592530135 39.91475740281995 0
      vertex 85.47272270708515 39.86291939625167 11.309999999999999
      vertex 85.1232592530135 39.91475740281995 11.309999999999999
    endloop
  endfacet
  facet normal -0.04906767432742104 -0.9987954562051722 0
    outer loop
      vertex 85.47272270708515 39.86291939625167 0
      vertex 85.82558441227157 39.84558441227158 11.309999999999999
      vertex 85.47272270708515 39.86291939625167 11.309999999999999
    endloop
  endfacet
  facet normal 0.04906767432742104 -0.9987954562051722 0
    outer loop
      vertex 85.82558441227157 39.84558441227158 0
      vertex 86.17844611745798 39.86291939625167 11.309999999999999
      vertex 85.82558441227157 39.84558441227158 11.309999999999999
    endloop
  endfacet
  facet normal 0.14673047445536555 -0.9891765099647805 0
    outer loop
      vertex 86.17844611745798 39.86291939625167 0
      vertex 86.52790957152963 39.91475740281995 11.309999999999999
      vertex 86.17844611745798 39.86291939625167 11.309999999999999
    endloop
  endfacet
  facet normal 0.24298017990327098 -0.9700312531945422 0
    outer loop
      vertex 86.52790957152963 39.91475740281995 0
      vertex 86.87060925038763 40.00059920363563 11.309999999999999
      vertex 86.52790957152963 39.91475740281995 11.309999999999999
    endloop
  endfacet
  facet normal 0.3368898533922104 -0.9415440651830242 0
    outer loop
      vertex 86.87060925038763 40.00059920363563 0
      vertex 87.2032447687859 40.11961809523095 11.309999999999999
      vertex 86.87060925038763 40.00059920363563 11.309999999999999
    endloop
  endfacet
  facet normal 0.4275550934302857 -0.9039892931234417 0
    outer loop
      vertex 87.2032447687859 40.11961809523095 0
      vertex 87.52261266484516 40.2706678606175 11.309999999999999
      vertex 87.2032447687859 40.11961809523095 11.309999999999999
    endloop
  endfacet
  facet normal 0.5141027441932086 -0.8577286100002799 0
    outer loop
      vertex 87.52261266484516 40.2706678606175 0
      vertex 87.82563725114214 40.452293807982414 11.309999999999999
      vertex 87.52261266484516 40.2706678606175 11.309999999999999
    endloop
  endfacet
  facet normal 0.5956993044924404 -0.8032075314806396 0
    outer loop
      vertex 87.82563725114214 40.452293807982414 0
      vertex 88.1094002352607 40.662746780165726 11.309999999999999
      vertex 87.82563725114214 40.452293807982414 11.309999999999999
    endloop
  endfacet
  facet normal -0.9700312531945493 -0.24298017990324303 0
    outer loop
      vertex 82.3556906736457 42.50000000000001 0
      vertex 82.3556906736457 42.50000000000001 11.309999999999999
      vertex 82.29475740281994 42.74325925301352 11.309999999999999
    endloop
  endfacet
  facet normal -0.9891765099647825 -0.1467304744553517 0
    outer loop
      vertex 82.29475740281994 42.74325925301352 0
      vertex 82.29475740281994 42.74325925301352 11.309999999999999
      vertex 82.24291939625166 43.09272270708516 11.309999999999999
    endloop
  endfacet
  facet normal -0.9987954562051723 -0.049067674327420055 0
    outer loop
      vertex 82.24291939625166 43.09272270708516 0
      vertex 82.24291939625166 43.09272270708516 11.309999999999999
      vertex 82.22558441227157 43.44558441227158 11.309999999999999
    endloop
  endfacet
  facet normal -0.9987954562051723 0.049067674327420055 0
    outer loop
      vertex 82.22558441227157 43.44558441227158 0
      vertex 82.22558441227157 43.44558441227158 11.309999999999999
      vertex 82.24291939625166 43.798446117458 11.309999999999999
    endloop
  endfacet
  facet normal -0.9891765099647825 0.1467304744553517 0
    outer loop
      vertex 82.24291939625166 43.798446117458 0
      vertex 82.24291939625166 43.798446117458 11.309999999999999
      vertex 82.29475740281994 44.14790957152964 11.309999999999999
    endloop
  endfacet
  facet normal -0.9700312531945482 0.24298017990324736 0
    outer loop
      vertex 82.29475740281994 44.14790957152964 0
      vertex 82.29475740281994 44.14790957152964 11.309999999999999
      vertex 82.38059920363561 44.49060925038764 11.309999999999999
    endloop
  endfacet
  facet normal -0.9415440651830242 0.3368898533922104 0
    outer loop
      vertex 82.38059920363561 44.49060925038764 0
      vertex 82.38059920363561 44.49060925038764 11.309999999999999
      vertex 82.49961809523093 44.823244768785905 11.309999999999999
    endloop
  endfacet
  facet normal -0.9039892931234339 0.4275550934303021 0
    outer loop
      vertex 82.49961809523093 44.823244768785905 0
      vertex 82.49961809523093 44.823244768785905 11.309999999999999
      vertex 82.65066786061749 45.14261266484517 11.309999999999999
    endloop
  endfacet
  facet normal -0.8577286100002657 0.5141027441932322 0
    outer loop
      vertex 82.65066786061749 45.14261266484517 0
      vertex 82.65066786061749 45.14261266484517 11.309999999999999
      vertex 82.83229380798241 45.445637251142145 11.309999999999999
    endloop
  endfacet
  facet normal -0.8032075314806565 0.5956993044924178 0
    outer loop
      vertex 82.83229380798241 45.445637251142145 0
      vertex 82.83229380798241 45.445637251142145 11.309999999999999
      vertex 83.04274678016571 45.729400235260705 11.309999999999999
    endloop
  endfacet
  facet normal -0.7409511253549518 0.6715589548470264 0
    outer loop
      vertex 83.04274678016571 45.729400235260705 0
      vertex 83.04274678016571 45.729400235260705 11.309999999999999
      vertex 83.28 45.99116882454315 11.309999999999999
    endloop
  endfacet
  facet normal -0.6715589548470254 0.7409511253549528 0
    outer loop
      vertex 83.54176858928244 46.22842204437743 0
      vertex 83.28 45.99116882454315 11.309999999999999
      vertex 83.54176858928244 46.22842204437743 11.309999999999999
    endloop
  endfacet
  facet normal 0.6715589548470254 -0.7409511253549528 0
    outer loop
      vertex 88.1094002352607 40.662746780165726 0
      vertex 88.37116882454313 40.900000000000006 11.309999999999999
      vertex 88.1094002352607 40.662746780165726 11.309999999999999
    endloop
  endfacet
  facet normal 0.7409511253549518 -0.6715589548470264 0
    outer loop
      vertex 88.60842204437742 41.16176858928245 0
      vertex 88.60842204437742 41.16176858928245 11.309999999999999
      vertex 88.37116882454313 40.900000000000006 11.309999999999999
    endloop
  endfacet
  facet normal 0.8032075314806565 -0.5956993044924178 0
    outer loop
      vertex 88.81887501656072 41.44553157340101 0
      vertex 88.81887501656072 41.44553157340101 11.309999999999999
      vertex 88.60842204437742 41.16176858928245 11.309999999999999
    endloop
  endfacet
  facet normal 0.8577286100002657 -0.5141027441932322 0
    outer loop
      vertex 89.00050096392565 41.74855615969799 0
      vertex 89.00050096392565 41.74855615969799 11.309999999999999
      vertex 88.81887501656072 41.44553157340101 11.309999999999999
    endloop
  endfacet
  facet normal 0.9039892931234339 -0.4275550934303021 0
    outer loop
      vertex 89.1515507293122 42.06792405575725 0
      vertex 89.1515507293122 42.06792405575725 11.309999999999999
      vertex 89.00050096392565 41.74855615969799 11.309999999999999
    endloop
  endfacet
  facet normal 0.9415440651830242 -0.3368898533922104 0
    outer loop
      vertex 89.27056962090752 42.400559574155515 0
      vertex 89.27056962090752 42.400559574155515 11.309999999999999
      vertex 89.1515507293122 42.06792405575725 11.309999999999999
    endloop
  endfacet
  facet normal 0.9700312531945482 -0.24298017990324736 0
    outer loop
      vertex 89.3564114217232 42.74325925301352 0
      vertex 89.3564114217232 42.74325925301352 11.309999999999999
      vertex 89.27056962090752 42.400559574155515 11.309999999999999
    endloop
  endfacet
  facet normal 0.9891765099647825 -0.1467304744553517 0
    outer loop
      vertex 89.40824942829147 43.09272270708516 0
      vertex 89.40824942829147 43.09272270708516 11.309999999999999
      vertex 89.3564114217232 42.74325925301352 11.309999999999999
    endloop
  endfacet
  facet normal 0.9987954562051723 -0.049067674327420055 0
    outer loop
      vertex 89.42558441227156 43.44558441227158 0
      vertex 89.42558441227156 43.44558441227158 11.309999999999999
      vertex 89.40824942829147 43.09272270708516 11.309999999999999
    endloop
  endfacet
  facet normal 0.9987954562051723 0.049067674327420055 0
    outer loop
      vertex 89.40824942829147 43.798446117458 0
      vertex 89.40824942829147 43.798446117458 11.309999999999999
      vertex 89.42558441227156 43.44558441227158 11.309999999999999
    endloop
  endfacet
  facet normal -0.5956993044924404 0.8032075314806396 0
    outer loop
      vertex 83.825531573401 46.43887501656074 0
      vertex 83.54176858928244 46.22842204437743 11.309999999999999
      vertex 83.825531573401 46.43887501656074 11.309999999999999
    endloop
  endfacet
  facet normal -0.5141027441932086 0.8577286100002799 0
    outer loop
      vertex 84.12855615969798 46.62050096392566 0
      vertex 83.825531573401 46.43887501656074 11.309999999999999
      vertex 84.12855615969798 46.62050096392566 11.309999999999999
    endloop
  endfacet
  facet normal -0.4275550934302857 0.9039892931234417 0
    outer loop
      vertex 84.44792405575724 46.77155072931221 0
      vertex 84.12855615969798 46.62050096392566 11.309999999999999
      vertex 84.44792405575724 46.77155072931221 11.309999999999999
    endloop
  endfacet
  facet normal -0.3368898533922104 0.9415440651830242 0
    outer loop
      vertex 84.7805595741555 46.89056962090753 0
      vertex 84.44792405575724 46.77155072931221 11.309999999999999
      vertex 84.7805595741555 46.89056962090753 11.309999999999999
    endloop
  endfacet
  facet normal -0.24298017990327098 0.9700312531945422 0
    outer loop
      vertex 85.1232592530135 46.976411421723206 0
      vertex 84.7805595741555 46.89056962090753 11.309999999999999
      vertex 85.1232592530135 46.976411421723206 11.309999999999999
    endloop
  endfacet
  facet normal -0.14673047445536555 0.9891765099647805 0
    outer loop
      vertex 85.47272270708515 47.02824942829149 0
      vertex 85.1232592530135 46.976411421723206 11.309999999999999
      vertex 85.47272270708515 47.02824942829149 11.309999999999999
    endloop
  endfacet
  facet normal -0.04906767432742104 0.9987954562051722 0
    outer loop
      vertex 85.82558441227157 47.04558441227158 0
      vertex 85.47272270708515 47.02824942829149 11.309999999999999
      vertex 85.82558441227157 47.04558441227158 11.309999999999999
    endloop
  endfacet
  facet normal 0.04906767432742104 0.9987954562051722 0
    outer loop
      vertex 86.17844611745798 47.02824942829149 0
      vertex 85.82558441227157 47.04558441227158 11.309999999999999
      vertex 86.17844611745798 47.02824942829149 11.309999999999999
    endloop
  endfacet
  facet normal 0.14673047445536555 0.9891765099647805 0
    outer loop
      vertex 86.52790957152963 46.976411421723206 0
      vertex 86.17844611745798 47.02824942829149 11.309999999999999
      vertex 86.52790957152963 46.976411421723206 11.309999999999999
    endloop
  endfacet
  facet normal 0.9891765099647825 0.1467304744553517 0
    outer loop
      vertex 89.3564114217232 44.14790957152964 0
      vertex 89.3564114217232 44.14790957152964 11.309999999999999
      vertex 89.40824942829147 43.798446117458 11.309999999999999
    endloop
  endfacet
  facet normal 0.9700312531945482 0.24298017990324736 0
    outer loop
      vertex 89.27056962090752 44.49060925038764 0
      vertex 89.27056962090752 44.49060925038764 11.309999999999999
      vertex 89.3564114217232 44.14790957152964 11.309999999999999
    endloop
  endfacet
  facet normal 0.9415440651830242 0.3368898533922104 0
    outer loop
      vertex 89.1515507293122 44.823244768785905 0
      vertex 89.1515507293122 44.823244768785905 11.309999999999999
      vertex 89.27056962090752 44.49060925038764 11.309999999999999
    endloop
  endfacet
  facet normal 0.9039892931234339 0.4275550934303021 0
    outer loop
      vertex 89.00050096392565 45.14261266484517 0
      vertex 89.00050096392565 45.14261266484517 11.309999999999999
      vertex 89.1515507293122 44.823244768785905 11.309999999999999
    endloop
  endfacet
  facet normal 0.8577286100002657 0.5141027441932322 0
    outer loop
      vertex 88.81887501656072 45.445637251142145 0
      vertex 88.81887501656072 45.445637251142145 11.309999999999999
      vertex 89.00050096392565 45.14261266484517 11.309999999999999
    endloop
  endfacet
  facet normal 0.24298017990327098 0.9700312531945422 0
    outer loop
      vertex 86.87060925038763 46.89056962090753 0
      vertex 86.52790957152963 46.976411421723206 11.309999999999999
      vertex 86.87060925038763 46.89056962090753 11.309999999999999
    endloop
  endfacet
  facet normal 0.3368898533922104 0.9415440651830242 0
    outer loop
      vertex 87.2032447687859 46.77155072931221 0
      vertex 86.87060925038763 46.89056962090753 11.309999999999999
      vertex 87.2032447687859 46.77155072931221 11.309999999999999
    endloop
  endfacet
  facet normal 0.5141027441932086 0.8577286100002799 0
    outer loop
      vertex 87.82563725114214 46.43887501656074 0
      vertex 87.52261266484516 46.62050096392566 11.309999999999999
      vertex 87.82563725114214 46.43887501656074 11.309999999999999
    endloop
  endfacet
  facet normal 0.4275550934302857 0.9039892931234417 0
    outer loop
      vertex 87.52261266484516 46.62050096392566 0
      vertex 87.2032447687859 46.77155072931221 11.309999999999999
      vertex 87.52261266484516 46.62050096392566 11.309999999999999
    endloop
  endfacet
  facet normal 0.8032075314806565 0.5956993044924178 0
    outer loop
      vertex 88.60842204437742 45.729400235260705 0
      vertex 88.60842204437742 45.729400235260705 11.309999999999999
      vertex 88.81887501656072 45.445637251142145 11.309999999999999
    endloop
  endfacet
  facet normal 0.6715589548470254 0.7409511253549528 0
    outer loop
      vertex 88.37116882454313 45.99116882454315 0
      vertex 88.1094002352607 46.22842204437743 11.309999999999999
      vertex 88.37116882454313 45.99116882454315 11.309999999999999
    endloop
  endfacet
  facet normal 0.7409511253549518 0.6715589548470264 0
    outer loop
      vertex 88.37116882454313 45.99116882454315 0
      vertex 88.37116882454313 45.99116882454315 11.309999999999999
      vertex 88.60842204437742 45.729400235260705 11.309999999999999
    endloop
  endfacet
  facet normal 0.5956993044924404 0.8032075314806396 0
    outer loop
      vertex 88.1094002352607 46.22842204437743 0
      vertex 87.82563725114214 46.43887501656074 11.309999999999999
      vertex 88.1094002352607 46.22842204437743 11.309999999999999
    endloop
  endfacet
  facet normal 0 0 1
    outer loop
      vertex 84.88 39.975690673645715 11.309999999999999
      vertex 85.1232592530135 39.91475740281995 11.309999999999999
      vertex 85.06021754754138 41.59782534724901 11.309999999999999
    endloop
  endfacet
  facet normal 0 0 1
    outer loop
      vertex 85.1232592530135 39.91475740281995 11.309999999999999
      vertex 85.47272270708515 39.86291939625167 11.309999999999999
      vertex 85.43540376823931 41.48401385146512 11.309999999999999
    endloop
  endfacet
  facet normal 0 0 1
    outer loop
      vertex 85.47272270708515 39.86291939625167 11.309999999999999
      vertex 85.82558441227157 39.84558441227158 11.309999999999999
      vertex 85.82558441227157 41.44558441227158 11.309999999999999
    endloop
  endfacet
  facet normal 0 0 1
    outer loop
      vertex 85.82558441227157 39.84558441227158 11.309999999999999
      vertex 86.17844611745798 39.86291939625167 11.309999999999999
      vertex 86.02161869293069 41.455214958927186 11.309999999999999
    endloop
  endfacet
  facet normal 0 0 1
    outer loop
      vertex 86.17844611745798 39.86291939625167 11.309999999999999
      vertex 86.52790957152963 39.91475740281995 11.309999999999999
      vertex 86.21576505630382 41.48401385146512 11.309999999999999
    endloop
  endfacet
  facet normal 0 0 1
    outer loop
      vertex 86.52790957152963 39.91475740281995 11.309999999999999
      vertex 86.87060925038763 40.00059920363563 11.309999999999999
      vertex 86.59095127700175 41.59782534724901 11.309999999999999
    endloop
  endfacet
  facet normal 0 0 1
    outer loop
      vertex 82.3556906736457 42.50000000000001 11.309999999999999
      vertex 82.37571400877414 42.50000000000001 11.309999999999999
      vertex 82.29475740281994 42.74325925301352 11.309999999999999
    endloop
  endfacet
  facet normal 0 0 1
    outer loop
      vertex 82.37571400877414 42.50000000000001 11.309999999999999
      vertex 84.06341470780674 42.50000000000001 11.309999999999999
      vertex 84.06174188357485 42.50279093861958 11.309999999999999
    endloop
  endfacet
  facet normal 0 0 1
    outer loop
      vertex 82.37571400877414 42.50000000000001 11.309999999999999
      vertex 84.06174188357485 42.50279093861958 11.309999999999999
      vertex 83.977825347249 42.680217547541396 11.309999999999999
    endloop
  endfacet
  facet normal 0 0 1
    outer loop
      vertex 82.37571400877414 42.50000000000001 11.309999999999999
      vertex 83.977825347249 42.680217547541396 11.309999999999999
      vertex 83.91170374080716 42.865015057762655 11.309999999999999
    endloop
  endfacet
  facet normal 0 0 1
    outer loop
      vertex 82.37571400877414 42.50000000000001 11.309999999999999
      vertex 83.91170374080716 42.865015057762655 11.309999999999999
      vertex 83.8640138514651 43.05540376823932 11.309999999999999
    endloop
  endfacet
  facet normal 0 0 1
    outer loop
      vertex 82.37571400877414 42.50000000000001 11.309999999999999
      vertex 83.8640138514651 43.05540376823932 11.309999999999999
      vertex 83.83521495892717 43.24955013161246 11.309999999999999
    endloop
  endfacet
  facet normal 0 0 1
    outer loop
      vertex 82.29475740281994 42.74325925301352 11.309999999999999
      vertex 82.24291939625166 43.798446117458 11.309999999999999
      vertex 82.24291939625166 43.09272270708516 11.309999999999999
    endloop
  endfacet
  facet normal 0 0 1
    outer loop
      vertex 82.37571400877414 42.50000000000001 11.309999999999999
      vertex 82.29475740281994 44.14790957152964 11.309999999999999
      vertex 82.29475740281994 42.74325925301352 11.309999999999999
    endloop
  endfacet
  facet normal 0 0 1
    outer loop
      vertex 82.24291939625166 43.09272270708516 11.309999999999999
      vertex 82.24291939625166 43.798446117458 11.309999999999999
      vertex 82.22558441227157 43.44558441227158 11.309999999999999
    endloop
  endfacet
  facet normal 0 0 1
    outer loop
      vertex 82.29475740281994 42.74325925301352 11.309999999999999
      vertex 82.29475740281994 44.14790957152964 11.309999999999999
      vertex 82.24291939625166 43.798446117458 11.309999999999999
    endloop
  endfacet
  facet normal 0 0 1
    outer loop
      vertex 82.37571400877414 42.50000000000001 11.309999999999999
      vertex 82.38059920363561 44.49060925038764 11.309999999999999
      vertex 82.29475740281994 44.14790957152964 11.309999999999999
    endloop
  endfacet
  facet normal 0 0 1
    outer loop
      vertex 82.37571400877414 42.50000000000001 11.309999999999999
      vertex 83.83521495892717 43.24955013161246 11.309999999999999
      vertex 83.82558441227157 43.44558441227158 11.309999999999999
    endloop
  endfacet
  facet normal 0 0 1
    outer loop
      vertex 82.37571400877414 42.50000000000001 11.309999999999999
      vertex 83.82558441227157 43.44558441227158 11.309999999999999
      vertex 83.83521495892717 43.6416186929307 11.309999999999999
    endloop
  endfacet
  facet normal 0 0 1
    outer loop
      vertex 82.37571400877414 42.50000000000001 11.309999999999999
      vertex 83.83521495892717 43.6416186929307 11.309999999999999
      vertex 83.8640138514651 43.835765056303835 11.309999999999999
    endloop
  endfacet
  facet normal 0 0 1
    outer loop
      vertex 82.37571400877414 42.50000000000001 11.309999999999999
      vertex 83.8640138514651 43.835765056303835 11.309999999999999
      vertex 83.91170374080716 44.0261537667805 11.309999999999999
    endloop
  endfacet
  facet normal 0 0 1
    outer loop
      vertex 82.37571400877414 42.50000000000001 11.309999999999999
      vertex 82.49961809523093 44.823244768785905 11.309999999999999
      vertex 82.38059920363561 44.49060925038764 11.309999999999999
    endloop
  endfacet
  facet normal 0 0 1
    outer loop
      vertex 82.37571400877414 42.50000000000001 11.309999999999999
      vertex 82.65066786061749 45.14261266484517 11.309999999999999
      vertex 82.49961809523093 44.823244768785905 11.309999999999999
    endloop
  endfacet
  facet normal 0 0 1
    outer loop
      vertex 82.37571400877414 42.50000000000001 11.309999999999999
      vertex 82.83229380798241 45.445637251142145 11.309999999999999
      vertex 82.65066786061749 45.14261266484517 11.309999999999999
    endloop
  endfacet
  facet normal 0 0 1
    outer loop
      vertex 82.37571400877414 42.50000000000001 11.309999999999999
      vertex 83.04274678016571 45.729400235260705 11.309999999999999
      vertex 82.83229380798241 45.445637251142145 11.309999999999999
    endloop
  endfacet
  facet normal 0 0 1
    outer loop
      vertex 82.37571400877414 42.50000000000001 11.309999999999999
      vertex 83.28 45.99116882454315 11.309999999999999
      vertex 83.04274678016571 45.729400235260705 11.309999999999999
    endloop
  endfacet
  facet normal 0 0 1
    outer loop
      vertex 82.37571400877414 42.50000000000001 11.309999999999999
      vertex 83.54176858928244 46.22842204437743 11.309999999999999
      vertex 83.28 45.99116882454315 11.309999999999999
    endloop
  endfacet
  facet normal 0 0 1
    outer loop
      vertex 82.37571400877414 42.50000000000001 11.309999999999999
      vertex 83.825531573401 46.43887501656074 11.309999999999999
      vertex 83.54176858928244 46.22842204437743 11.309999999999999
    endloop
  endfacet
  facet normal 0 0 1
    outer loop
      vertex 82.37571400877414 42.50000000000001 11.309999999999999
      vertex 84.12855615969798 46.62050096392566 11.309999999999999
      vertex 83.825531573401 46.43887501656074 11.309999999999999
    endloop
  endfacet
  facet normal 0 0 1
    outer loop
      vertex 84.88 39.975690673645715 11.309999999999999
      vertex 85.06021754754138 41.59782534724901 11.309999999999999
      vertex 84.88279093861958 41.681741883574865 11.309999999999999
    endloop
  endfacet
  facet normal 0 0 1
    outer loop
      vertex 84.88 39.975690673645715 11.309999999999999
      vertex 84.88279093861958 41.681741883574865 11.309999999999999
      vertex 84.8111006122855 41.724711411547645 11.309999999999999
    endloop
  endfacet
  facet normal 0 0 1
    outer loop
      vertex 85.1232592530135 39.91475740281995 11.309999999999999
      vertex 85.43540376823931 41.48401385146512 11.309999999999999
      vertex 85.24501505776264 41.53170374080716 11.309999999999999
    endloop
  endfacet
  facet normal 0 0 1
    outer loop
      vertex 85.47272270708515 39.86291939625167 11.309999999999999
      vertex 85.62955013161245 41.455214958927186 11.309999999999999
      vertex 85.43540376823931 41.48401385146512 11.309999999999999
    endloop
  endfacet
  facet normal 0 0 1
    outer loop
      vertex 85.47272270708515 39.86291939625167 11.309999999999999
      vertex 85.82558441227157 41.44558441227158 11.309999999999999
      vertex 85.62955013161245 41.455214958927186 11.309999999999999
    endloop
  endfacet
  facet normal 0 0 1
    outer loop
      vertex 85.1232592530135 39.91475740281995 11.309999999999999
      vertex 85.24501505776264 41.53170374080716 11.309999999999999
      vertex 85.06021754754138 41.59782534724901 11.309999999999999
    endloop
  endfacet
  facet normal 0 0 1
    outer loop
      vertex 85.82558441227157 39.84558441227158 11.309999999999999
      vertex 86.02161869293069 41.455214958927186 11.309999999999999
      vertex 85.82558441227157 41.44558441227158 11.309999999999999
    endloop
  endfacet
  facet normal 0 0 1
    outer loop
      vertex 86.17844611745798 39.86291939625167 11.309999999999999
      vertex 86.21576505630382 41.48401385146512 11.309999999999999
      vertex 86.02161869293069 41.455214958927186 11.309999999999999
    endloop
  endfacet
  facet normal 0 0 1
    outer loop
      vertex 86.52790957152963 39.91475740281995 11.309999999999999
      vertex 86.40615376678049 41.53170374080716 11.309999999999999
      vertex 86.21576505630382 41.48401385146512 11.309999999999999
    endloop
  endfacet
  facet normal 0 0 1
    outer loop
      vertex 86.87060925038763 40.00059920363563 11.309999999999999
      vertex 87.2032447687859 40.11961809523095 11.309999999999999
      vertex 86.93672487831077 41.78264518766649 11.309999999999999
    endloop
  endfacet
  facet normal 0 0 1
    outer loop
      vertex 86.52790957152963 39.91475740281995 11.309999999999999
      vertex 86.59095127700175 41.59782534724901 11.309999999999999
      vertex 86.40615376678049 41.53170374080716 11.309999999999999
    endloop
  endfacet
  facet normal 0 0 1
    outer loop
      vertex 86.87060925038763 40.00059920363563 11.309999999999999
      vertex 86.76837788592356 41.681741883574865 11.309999999999999
      vertex 86.59095127700175 41.59782534724901 11.309999999999999
    endloop
  endfacet
  facet normal 0 0 1
    outer loop
      vertex 86.87060925038763 40.00059920363563 11.309999999999999
      vertex 86.93672487831077 41.78264518766649 11.309999999999999
      vertex 86.76837788592356 41.681741883574865 11.309999999999999
    endloop
  endfacet
  facet normal 0 0 1
    outer loop
      vertex 87.2032447687859 40.11961809523095 11.309999999999999
      vertex 87.09437098059885 41.899563505546105 11.309999999999999
      vertex 86.93672487831077 41.78264518766649 11.309999999999999
    endloop
  endfacet
  facet normal 0 0 1
    outer loop
      vertex 87.2032447687859 40.11961809523095 11.309999999999999
      vertex 87.23979797464466 42.03137084989849 11.309999999999999
      vertex 87.09437098059885 41.899563505546105 11.309999999999999
    endloop
  endfacet
  facet normal 0 0 1
    outer loop
      vertex 87.2032447687859 40.11961809523095 11.309999999999999
      vertex 87.52261266484516 40.2706678606175 11.309999999999999
      vertex 87.23979797464466 42.03137084989849 11.309999999999999
    endloop
  endfacet
  facet normal 0 0 1
    outer loop
      vertex 87.52261266484516 40.2706678606175 11.309999999999999
      vertex 87.82563725114214 40.452293807982414 11.309999999999999
      vertex 87.58942694096828 42.50279093861958 11.309999999999999
    endloop
  endfacet
  facet normal 0 0 1
    outer loop
      vertex 87.52261266484516 40.2706678606175 11.309999999999999
      vertex 87.37160531899704 42.176797843944286 11.309999999999999
      vertex 87.23979797464466 42.03137084989849 11.309999999999999
    endloop
  endfacet
  facet normal 0 0 1
    outer loop
      vertex 87.52261266484516 40.2706678606175 11.309999999999999
      vertex 87.48852363687666 42.334443946232376 11.309999999999999
      vertex 87.37160531899704 42.176797843944286 11.309999999999999
    endloop
  endfacet
  facet normal 0 0 1
    outer loop
      vertex 87.52261266484516 40.2706678606175 11.309999999999999
      vertex 87.58942694096828 42.50279093861958 11.309999999999999
      vertex 87.48852363687666 42.334443946232376 11.309999999999999
    endloop
  endfacet
  facet normal 0 0 1
    outer loop
      vertex 87.82563725114214 40.452293807982414 11.309999999999999
      vertex 87.67334347729414 42.680217547541396 11.309999999999999
      vertex 87.58942694096828 42.50279093861958 11.309999999999999
    endloop
  endfacet
  facet normal 0 0 1
    outer loop
      vertex 87.82563725114214 40.452293807982414 11.309999999999999
      vertex 87.73946508373598 42.865015057762655 11.309999999999999
      vertex 87.67334347729414 42.680217547541396 11.309999999999999
    endloop
  endfacet
  facet normal 0 0 1
    outer loop
      vertex 87.82563725114214 40.452293807982414 11.309999999999999
      vertex 87.78715497307803 43.05540376823932 11.309999999999999
      vertex 87.73946508373598 42.865015057762655 11.309999999999999
    endloop
  endfacet
  facet normal 0 0 1
    outer loop
      vertex 87.82563725114214 40.452293807982414 11.309999999999999
      vertex 87.81595386561597 43.24955013161246 11.309999999999999
      vertex 87.78715497307803 43.05540376823932 11.309999999999999
    endloop
  endfacet
  facet normal 0 0 1
    outer loop
      vertex 87.82563725114214 40.452293807982414 11.309999999999999
      vertex 87.82558441227157 43.44558441227158 11.309999999999999
      vertex 87.81595386561597 43.24955013161246 11.309999999999999
    endloop
  endfacet
  facet normal 0 0 1
    outer loop
      vertex 87.82563725114214 40.452293807982414 11.309999999999999
      vertex 88.1094002352607 40.662746780165726 11.309999999999999
      vertex 87.82563725114214 46.43887501656074 11.309999999999999
    endloop
  endfacet
  facet normal 0 0 1
    outer loop
      vertex 87.82563725114214 40.452293807982414 11.309999999999999
      vertex 87.82563725114214 46.43887501656074 11.309999999999999
      vertex 87.82558441227157 43.44558441227158 11.309999999999999
    endloop
  endfacet
  facet normal 0 0 1
    outer loop
      vertex 88.1094002352607 40.662746780165726 11.309999999999999
      vertex 88.37116882454313 40.900000000000006 11.309999999999999
      vertex 88.1094002352607 46.22842204437743 11.309999999999999
    endloop
  endfacet
  facet normal 0 0 1
    outer loop
      vertex 88.37116882454313 40.900000000000006 11.309999999999999
      vertex 88.60842204437742 41.16176858928245 11.309999999999999
      vertex 88.37116882454313 45.99116882454315 11.309999999999999
    endloop
  endfacet
  facet normal 0 0 1
    outer loop
      vertex 88.60842204437742 41.16176858928245 11.309999999999999
      vertex 88.81887501656072 41.44553157340101 11.309999999999999
      vertex 88.60842204437742 45.729400235260705 11.309999999999999
    endloop
  endfacet
  facet normal 0 0 1
    outer loop
      vertex 88.81887501656072 41.44553157340101 11.309999999999999
      vertex 89.00050096392565 41.74855615969799 11.309999999999999
      vertex 88.81887501656072 45.445637251142145 11.309999999999999
    endloop
  endfacet
  facet normal 0 0 1
    outer loop
      vertex 89.00050096392565 41.74855615969799 11.309999999999999
      vertex 89.1515507293122 42.06792405575725 11.309999999999999
      vertex 89.00050096392565 45.14261266484517 11.309999999999999
    endloop
  endfacet
  facet normal 0 0 1
    outer loop
      vertex 89.1515507293122 42.06792405575725 11.309999999999999
      vertex 89.27056962090752 42.400559574155515 11.309999999999999
      vertex 89.1515507293122 44.823244768785905 11.309999999999999
    endloop
  endfacet
  facet normal 0 0 1
    outer loop
      vertex 89.27056962090752 42.400559574155515 11.309999999999999
      vertex 89.3564114217232 42.74325925301352 11.309999999999999
      vertex 89.27056962090752 44.49060925038764 11.309999999999999
    endloop
  endfacet
  facet normal 0 0 1
    outer loop
      vertex 89.3564114217232 42.74325925301352 11.309999999999999
      vertex 89.40824942829147 43.09272270708516 11.309999999999999
      vertex 89.3564114217232 44.14790957152964 11.309999999999999
    endloop
  endfacet
  facet normal 0 0 1
    outer loop
      vertex 89.40824942829147 43.09272270708516 11.309999999999999
      vertex 89.42558441227156 43.44558441227158 11.309999999999999
      vertex 89.40824942829147 43.798446117458 11.309999999999999
    endloop
  endfacet
  facet normal 0 0 1
    outer loop
      vertex 89.40824942829147 43.09272270708516 11.309999999999999
      vertex 89.40824942829147 43.798446117458 11.309999999999999
      vertex 89.3564114217232 44.14790957152964 11.309999999999999
    endloop
  endfacet
  facet normal 0 0 1
    outer loop
      vertex 89.3564114217232 42.74325925301352 11.309999999999999
      vertex 89.3564114217232 44.14790957152964 11.309999999999999
      vertex 89.27056962090752 44.49060925038764 11.309999999999999
    endloop
  endfacet
  facet normal 0 0 1
    outer loop
      vertex 82.37571400877414 42.50000000000001 11.309999999999999
      vertex 83.91170374080716 44.0261537667805 11.309999999999999
      vertex 84.44792405575724 46.77155072931221 11.309999999999999
    endloop
  endfacet
  facet normal 0 0 1
    outer loop
      vertex 83.91170374080716 44.0261537667805 11.309999999999999
      vertex 83.977825347249 44.21095127700176 11.309999999999999
      vertex 84.44792405575724 46.77155072931221 11.309999999999999
    endloop
  endfacet
  facet normal 0 0 1
    outer loop
      vertex 82.37571400877414 42.50000000000001 11.309999999999999
      vertex 84.44792405575724 46.77155072931221 11.309999999999999
      vertex 84.12855615969798 46.62050096392566 11.309999999999999
    endloop
  endfacet
  facet normal 0 0 1
    outer loop
      vertex 83.977825347249 44.21095127700176 11.309999999999999
      vertex 84.06174188357485 44.388377885923575 11.309999999999999
      vertex 84.44792405575724 46.77155072931221 11.309999999999999
    endloop
  endfacet
  facet normal 0 0 1
    outer loop
      vertex 84.06174188357485 44.388377885923575 11.309999999999999
      vertex 84.16264518766647 44.55672487831078 11.309999999999999
      vertex 84.44792405575724 46.77155072931221 11.309999999999999
    endloop
  endfacet
  facet normal 0 0 1
    outer loop
      vertex 84.16264518766647 44.55672487831078 11.309999999999999
      vertex 84.2795635055461 44.71437098059887 11.309999999999999
      vertex 84.44792405575724 46.77155072931221 11.309999999999999
    endloop
  endfacet
  facet normal 0 0 1
    outer loop
      vertex 84.2795635055461 44.71437098059887 11.309999999999999
      vertex 84.41137084989847 44.85979797464467 11.309999999999999
      vertex 84.44792405575724 46.77155072931221 11.309999999999999
    endloop
  endfacet
  facet normal 0 0 1
    outer loop
      vertex 84.41137084989847 44.85979797464467 11.309999999999999
      vertex 84.55679784394428 44.99160531899705 11.309999999999999
      vertex 84.44792405575724 46.77155072931221 11.309999999999999
    endloop
  endfacet
  facet normal 0 0 1
    outer loop
      vertex 84.55679784394428 44.99160531899705 11.309999999999999
      vertex 84.71444394623236 45.10852363687667 11.309999999999999
      vertex 84.44792405575724 46.77155072931221 11.309999999999999
    endloop
  endfacet
  facet normal 0 0 1
    outer loop
      vertex 84.71444394623236 45.10852363687667 11.309999999999999
      vertex 84.88279093861958 45.20942694096829 11.309999999999999
      vertex 84.7805595741555 46.89056962090753 11.309999999999999
    endloop
  endfacet
  facet normal 0 0 1
    outer loop
      vertex 84.88279093861958 45.20942694096829 11.309999999999999
      vertex 85.06021754754138 45.29334347729415 11.309999999999999
      vertex 84.7805595741555 46.89056962090753 11.309999999999999
    endloop
  endfacet
  facet normal 0 0 1
    outer loop
      vertex 84.71444394623236 45.10852363687667 11.309999999999999
      vertex 84.7805595741555 46.89056962090753 11.309999999999999
      vertex 84.44792405575724 46.77155072931221 11.309999999999999
    endloop
  endfacet
  facet normal 0 0 1
    outer loop
      vertex 85.06021754754138 45.29334347729415 11.309999999999999
      vertex 85.1232592530135 46.976411421723206 11.309999999999999
      vertex 84.7805595741555 46.89056962090753 11.309999999999999
    endloop
  endfacet
  facet normal 0 0 1
    outer loop
      vertex 85.06021754754138 45.29334347729415 11.309999999999999
      vertex 85.24501505776264 45.359465083736 11.309999999999999
      vertex 85.1232592530135 46.976411421723206 11.309999999999999
    endloop
  endfacet
  facet normal 0 0 1
    outer loop
      vertex 85.24501505776264 45.359465083736 11.309999999999999
      vertex 85.43540376823931 45.407154973078036 11.309999999999999
      vertex 85.1232592530135 46.976411421723206 11.309999999999999
    endloop
  endfacet
  facet normal 0 0 1
    outer loop
      vertex 85.43540376823931 45.407154973078036 11.309999999999999
      vertex 85.62955013161245 45.43595386561597 11.309999999999999
      vertex 85.47272270708515 47.02824942829149 11.309999999999999
    endloop
  endfacet
  facet normal 0 0 1
    outer loop
      vertex 85.62955013161245 45.43595386561597 11.309999999999999
      vertex 85.82558441227157 45.44558441227158 11.309999999999999
      vertex 85.82558441227157 47.04558441227158 11.309999999999999
    endloop
  endfacet
  facet normal 0 0 1
    outer loop
      vertex 85.82558441227157 45.44558441227158 11.309999999999999
      vertex 86.02161869293069 45.43595386561597 11.309999999999999
      vertex 86.17844611745798 47.02824942829149 11.309999999999999
    endloop
  endfacet
  facet normal 0 0 1
    outer loop
      vertex 86.21576505630382 45.407154973078036 11.309999999999999
      vertex 86.17844611745798 47.02824942829149 11.309999999999999
      vertex 86.02161869293069 45.43595386561597 11.309999999999999
    endloop
  endfacet
  facet normal 0 0 1
    outer loop
      vertex 86.21576505630382 45.407154973078036 11.309999999999999
      vertex 86.40615376678049 45.359465083736 11.309999999999999
      vertex 86.52790957152963 46.976411421723206 11.309999999999999
    endloop
  endfacet
  facet normal 0 0 1
    outer loop
      vertex 85.43540376823931 45.407154973078036 11.309999999999999
      vertex 85.47272270708515 47.02824942829149 11.309999999999999
      vertex 85.1232592530135 46.976411421723206 11.309999999999999
    endloop
  endfacet
  facet normal 0 0 1
    outer loop
      vertex 85.62955013161245 45.43595386561597 11.309999999999999
      vertex 85.82558441227157 47.04558441227158 11.309999999999999
      vertex 85.47272270708515 47.02824942829149 11.309999999999999
    endloop
  endfacet
  facet normal 0 0 1
    outer loop
      vertex 85.82558441227157 45.44558441227158 11.309999999999999
      vertex 86.17844611745798 47.02824942829149 11.309999999999999
      vertex 85.82558441227157 47.04558441227158 11.309999999999999
    endloop
  endfacet
  facet normal 0 0 1
    outer loop
      vertex 86.21576505630382 45.407154973078036 11.309999999999999
      vertex 86.52790957152963 46.976411421723206 11.309999999999999
      vertex 86.17844611745798 47.02824942829149 11.309999999999999
    endloop
  endfacet
  facet normal 0 0 1
    outer loop
      vertex 87.82558441227157 43.44558441227158 11.309999999999999
      vertex 87.82563725114214 46.43887501656074 11.309999999999999
      vertex 87.81595386561597 43.6416186929307 11.309999999999999
    endloop
  endfacet
  facet normal 0 0 1
    outer loop
      vertex 87.81595386561597 43.6416186929307 11.309999999999999
      vertex 87.82563725114214 46.43887501656074 11.309999999999999
      vertex 87.78715497307803 43.835765056303835 11.309999999999999
    endloop
  endfacet
  facet normal 0 0 1
    outer loop
      vertex 87.78715497307803 43.835765056303835 11.309999999999999
      vertex 87.82563725114214 46.43887501656074 11.309999999999999
      vertex 87.73946508373598 44.0261537667805 11.309999999999999
    endloop
  endfacet
  facet normal 0 0 1
    outer loop
      vertex 87.73946508373598 44.0261537667805 11.309999999999999
      vertex 87.82563725114214 46.43887501656074 11.309999999999999
      vertex 87.67334347729414 44.21095127700176 11.309999999999999
    endloop
  endfacet
  facet normal 0 0 1
    outer loop
      vertex 87.67334347729414 44.21095127700176 11.309999999999999
      vertex 87.82563725114214 46.43887501656074 11.309999999999999
      vertex 87.58942694096828 44.388377885923575 11.309999999999999
    endloop
  endfacet
  facet normal 0 0 1
    outer loop
      vertex 87.58942694096828 44.388377885923575 11.309999999999999
      vertex 87.52261266484516 46.62050096392566 11.309999999999999
      vertex 87.48852363687666 44.55672487831078 11.309999999999999
    endloop
  endfacet
  facet normal 0 0 1
    outer loop
      vertex 87.37160531899704 44.71437098059887 11.309999999999999
      vertex 87.52261266484516 46.62050096392566 11.309999999999999
      vertex 87.23979797464466 44.85979797464467 11.309999999999999
    endloop
  endfacet
  facet normal 0 0 1
    outer loop
      vertex 87.48852363687666 44.55672487831078 11.309999999999999
      vertex 87.52261266484516 46.62050096392566 11.309999999999999
      vertex 87.37160531899704 44.71437098059887 11.309999999999999
    endloop
  endfacet
  facet normal 0 0 1
    outer loop
      vertex 88.37116882454313 40.900000000000006 11.309999999999999
      vertex 88.37116882454313 45.99116882454315 11.309999999999999
      vertex 88.1094002352607 46.22842204437743 11.309999999999999
    endloop
  endfacet
  facet normal 0 0 1
    outer loop
      vertex 88.1094002352607 40.662746780165726 11.309999999999999
      vertex 88.1094002352607 46.22842204437743 11.309999999999999
      vertex 87.82563725114214 46.43887501656074 11.309999999999999
    endloop
  endfacet
  facet normal 0 0 1
    outer loop
      vertex 88.60842204437742 41.16176858928245 11.309999999999999
      vertex 88.60842204437742 45.729400235260705 11.309999999999999
      vertex 88.37116882454313 45.99116882454315 11.309999999999999
    endloop
  endfacet
  facet normal 0 0 1
    outer loop
      vertex 88.81887501656072 41.44553157340101 11.309999999999999
      vertex 88.81887501656072 45.445637251142145 11.309999999999999
      vertex 88.60842204437742 45.729400235260705 11.309999999999999
    endloop
  endfacet
  facet normal 0 0 1
    outer loop
      vertex 89.00050096392565 41.74855615969799 11.309999999999999
      vertex 89.00050096392565 45.14261266484517 11.309999999999999
      vertex 88.81887501656072 45.445637251142145 11.309999999999999
    endloop
  endfacet
  facet normal 0 0 1
    outer loop
      vertex 89.27056962090752 42.400559574155515 11.309999999999999
      vertex 89.27056962090752 44.49060925038764 11.309999999999999
      vertex 89.1515507293122 44.823244768785905 11.309999999999999
    endloop
  endfacet
  facet normal 0 0 1
    outer loop
      vertex 89.1515507293122 42.06792405575725 11.309999999999999
      vertex 89.1515507293122 44.823244768785905 11.309999999999999
      vertex 89.00050096392565 45.14261266484517 11.309999999999999
    endloop
  endfacet
  facet normal 0 0 1
    outer loop
      vertex 86.76837788592356 45.20942694096829 11.309999999999999
      vertex 86.87060925038763 46.89056962090753 11.309999999999999
      vertex 86.59095127700175 45.29334347729415 11.309999999999999
    endloop
  endfacet
  facet normal 0 0 1
    outer loop
      vertex 87.09437098059885 44.99160531899705 11.309999999999999
      vertex 87.2032447687859 46.77155072931221 11.309999999999999
      vertex 86.93672487831077 45.10852363687667 11.309999999999999
    endloop
  endfacet
  facet normal 0 0 1
    outer loop
      vertex 87.09437098059885 44.99160531899705 11.309999999999999
      vertex 87.23979797464466 44.85979797464467 11.309999999999999
      vertex 87.2032447687859 46.77155072931221 11.309999999999999
    endloop
  endfacet
  facet normal 0 0 1
    outer loop
      vertex 86.76837788592356 45.20942694096829 11.309999999999999
      vertex 86.93672487831077 45.10852363687667 11.309999999999999
      vertex 86.87060925038763 46.89056962090753 11.309999999999999
    endloop
  endfacet
  facet normal 0 0 1
    outer loop
      vertex 86.40615376678049 45.359465083736 11.309999999999999
      vertex 86.59095127700175 45.29334347729415 11.309999999999999
      vertex 86.52790957152963 46.976411421723206 11.309999999999999
    endloop
  endfacet
  facet normal 0 0 1
    outer loop
      vertex 87.58942694096828 44.388377885923575 11.309999999999999
      vertex 87.82563725114214 46.43887501656074 11.309999999999999
      vertex 87.52261266484516 46.62050096392566 11.309999999999999
    endloop
  endfacet
  facet normal 0 0 1
    outer loop
      vertex 87.23979797464466 44.85979797464467 11.309999999999999
      vertex 87.52261266484516 46.62050096392566 11.309999999999999
      vertex 87.2032447687859 46.77155072931221 11.309999999999999
    endloop
  endfacet
  facet normal 0 0 1
    outer loop
      vertex 86.59095127700175 45.29334347729415 11.309999999999999
      vertex 86.87060925038763 46.89056962090753 11.309999999999999
      vertex 86.52790957152963 46.976411421723206 11.309999999999999
    endloop
  endfacet
  facet normal 0 0 1
    outer loop
      vertex 86.93672487831077 45.10852363687667 11.309999999999999
      vertex 87.2032447687859 46.77155072931221 11.309999999999999
      vertex 86.87060925038763 46.89056962090753 11.309999999999999
    endloop
  endfacet
  facet normal 0 0 -1
    outer loop
      vertex 2.0611531357191457 1.0320335564097987 0
      vertex 0.8330729481376234 0.41712535692564806 0
      vertex 0.7883539129477587 0.47742199584090084 0
    endloop
  endfacet
  facet normal 0 0 -1
    outer loop
      vertex 2.0611531357191457 1.0320335564097987 0
      vertex 0.6405255071844504 0.6405255071844504 0
      vertex 0.47742199584090084 0.7883539129477586 0
    endloop
  endfacet
  facet normal 0 0 -1
    outer loop
      vertex 2.0611531357191457 1.0320335564097987 0
      vertex 0.7883539129477587 0.47742199584090084 0
      vertex 0.6405255071844504 0.6405255071844504 0
    endloop
  endfacet
  facet normal 0 0 -1
    outer loop
      vertex 0 2.5243093263542975 0
      vertex 0.3006141548927975 0.9194835447720984 0
      vertex 0.11180474050146828 1.032651552620253 0
    endloop
  endfacet
  facet normal 0 0 -1
    outer loop
      vertex 0 2.5243093263542975 0
      vertex 0.47742199584090084 0.7883539129477586 0
      vertex 0.3006141548927975 0.9194835447720984 0
    endloop
  endfacet
  facet normal 0 0 -1
    outer loop
      vertex 0 2.5243093263542975 0
      vertex 0.11180474050146828 1.032651552620253 0
      vertex 0 1.0855312566551172 0
    endloop
  endfacet
  facet normal 0 0 -1
    outer loop
      vertex 2.0611531357191457 1.0320335564097987 0
      vertex 0.47742199584090084 0.7883539129477586 0
      vertex 0 2.5243093263542975 0
    endloop
  endfacet
  facet normal 0 0 -1
    outer loop
      vertex 2.192416070729798 0 0
      vertex 2.0611531357191457 1.0320335564097987 0
      vertex 32.5700857016478 16.27407636663902 0
    endloop
  endfacet
  facet normal 0 0 -1
    outer loop
      vertex 2.192416070729798 0 0
      vertex 48.39039367825822 23.606983684129993 0
      vertex 2.5243093263542975 0 0
    endloop
  endfacet
  facet normal 0 0 -1
    outer loop
      vertex 2.0611531357191457 1.0320335564097987 0
      vertex 0 2.5243093263542975 0
      vertex 0 39.975690673645715 0
    endloop
  endfacet
  facet normal 0 0 -1
    outer loop
      vertex 2.0611531357191457 1.0320335564097987 0
      vertex 9.003016315870012 16.840393678258227 0
      vertex 9.44658283817455 16.63060233744357 0
    endloop
  endfacet
  facet normal 0 0 -1
    outer loop
      vertex 2.0611531357191457 1.0320335564097987 0
      vertex 9.44658283817455 16.63060233744357 0
      vertex 9.908576613727687 16.46529832133896 0
    endloop
  endfacet
  facet normal 0 0 -1
    outer loop
      vertex 2.0611531357191457 1.0320335564097987 0
      vertex 7.202651938487273 18.472148834901994 0
      vertex 7.494947733186315 18.078033579181778 0
    endloop
  endfacet
  facet normal 0 0 -1
    outer loop
      vertex 2.0611531357191457 1.0320335564097987 0
      vertex 6.7406023374435655 19.336582838174554 0
      vertex 6.950393678258224 18.893016315870014 0
    endloop
  endfacet
  facet normal 0 0 -1
    outer loop
      vertex 2.0611531357191457 1.0320335564097987 0
      vertex 6.950393678258224 18.893016315870014 0
      vertex 7.202651938487273 18.472148834901994 0
    endloop
  endfacet
  facet normal 0 0 -1
    outer loop
      vertex 2.0611531357191457 1.0320335564097987 0
      vertex 8.188033579181772 17.38494773318632 0
      vertex 8.58214883490199 17.09265193848728 0
    endloop
  endfacet
  facet normal 0 0 -1
    outer loop
      vertex 2.0611531357191457 1.0320335564097987 0
      vertex 7.824466094067262 17.714466094067266 0
      vertex 8.188033579181772 17.38494773318632 0
    endloop
  endfacet
  facet normal 0 0 -1
    outer loop
      vertex 2.0611531357191457 1.0320335564097987 0
      vertex 7.494947733186315 18.078033579181778 0
      vertex 7.824466094067262 17.714466094067266 0
    endloop
  endfacet
  facet normal 0 0 -1
    outer loop
      vertex 2.0611531357191457 1.0320335564097987 0
      vertex 8.58214883490199 17.09265193848728 0
      vertex 9.003016315870012 16.840393678258227 0
    endloop
  endfacet
  facet normal 0 0 -1
    outer loop
      vertex 2.0611531357191457 1.0320335564097987 0
      vertex 6.5752983213389555 19.798576613727693 0
      vertex 6.7406023374435655 19.336582838174554 0
    endloop
  endfacet
  facet normal 0 0 -1
    outer loop
      vertex 2.0611531357191457 1.0320335564097987 0
      vertex 6.456073597983847 20.274548389919364 0
      vertex 6.5752983213389555 19.798576613727693 0
    endloop
  endfacet
  facet normal 0 0 -1
    outer loop
      vertex 2.0611531357191457 1.0320335564097987 0
      vertex 6.384076366639015 20.7599142983522 0
      vertex 6.456073597983847 20.274548389919364 0
    endloop
  endfacet
  facet normal 0 0 -1
    outer loop
      vertex 2.0611531357191457 1.0320335564097987 0
      vertex 6.359999999999999 21.250000000000004 0
      vertex 6.384076366639015 20.7599142983522 0
    endloop
  endfacet
  facet normal 0 0 -1
    outer loop
      vertex 2.0611531357191457 1.0320335564097987 0
      vertex 9.908576613727687 16.46529832133896 0
      vertex 10.384548389919358 16.346073597983853 0
    endloop
  endfacet
  facet normal 0 0 -1
    outer loop
      vertex 2.0611531357191457 1.0320335564097987 0
      vertex 10.384548389919358 16.346073597983853 0
      vertex 10.869914298352196 16.27407636663902 0
    endloop
  endfacet
  facet normal 0 0 -1
    outer loop
      vertex 2.0611531357191457 1.0320335564097987 0
      vertex 10.869914298352196 16.27407636663902 0
      vertex 11.36 16.250000000000004 0
    endloop
  endfacet
  facet normal 0 0 -1
    outer loop
      vertex 2.0611531357191457 1.0320335564097987 0
      vertex 11.36 16.250000000000004 0
      vertex 11.850085701647803 16.27407636663902 0
    endloop
  endfacet
  facet normal 0 0 -1
    outer loop
      vertex 2.0611531357191457 1.0320335564097987 0
      vertex 11.850085701647803 16.27407636663902 0
      vertex 31.589914298352195 16.27407636663902 0
    endloop
  endfacet
  facet normal 0 0 -1
    outer loop
      vertex 31.589914298352195 16.27407636663902 0
      vertex 11.850085701647803 16.27407636663902 0
      vertex 12.335451610080641 16.346073597983853 0
    endloop
  endfacet
  facet normal 0 0 -1
    outer loop
      vertex 12.335451610080641 16.346073597983853 0
      vertex 12.811423386272311 16.46529832133896 0
      vertex 31.10454838991936 16.346073597983853 0
    endloop
  endfacet
  facet normal 0 0 -1
    outer loop
      vertex 12.811423386272311 16.46529832133896 0
      vertex 13.27341716182545 16.63060233744357 0
      vertex 30.628576613727688 16.46529832133896 0
    endloop
  endfacet
  facet normal -1 0 0
    outer loop
      vertex 0 2.5243093263542975 0
      vertex 0 2.5243093263542975 11.309999999999999
      vertex 0 39.975690673645715 0
    endloop
  endfacet
  facet normal 0 0 -1
    outer loop
      vertex 2.192416070729798 0 0
      vertex 32.5700857016478 16.27407636663902 0
      vertex 33.05545161008064 16.346073597983853 0
    endloop
  endfacet
  facet normal 0 0 -1
    outer loop
      vertex 2.0611531357191457 1.0320335564097987 0
      vertex 31.589914298352195 16.27407636663902 0
      vertex 32.08 16.250000000000004 0
    endloop
  endfacet
  facet normal 0 0 -1
    outer loop
      vertex 2.0611531357191457 1.0320335564097987 0
      vertex 32.08 16.250000000000004 0
      vertex 32.5700857016478 16.27407636663902 0
    endloop
  endfacet
  facet normal 0 0 -1
    outer loop
      vertex 2.192416070729798 0 0
      vertex 33.05545161008064 16.346073597983853 0
      vertex 33.53142338627231 16.46529832133896 0
    endloop
  endfacet
  facet normal 0 0 -1
    outer loop
      vertex 2.192416070729798 0 0
      vertex 33.53142338627231 16.46529832133896 0
      vertex 33.99341716182545 16.63060233744357 0
    endloop
  endfacet
  facet normal 0 0 -1
    outer loop
      vertex 2.192416070729798 0 0
      vertex 33.99341716182545 16.63060233744357 0
      vertex 34.436983684129984 16.840393678258227 0
    endloop
  endfacet
  facet normal 0 0 -1
    outer loop
      vertex 2.192416070729798 0 0
      vertex 34.436983684129984 16.840393678258227 0
      vertex 48.39039367825822 23.606983684129993 0
    endloop
  endfacet
  facet normal 0 0 -1
    outer loop
      vertex 13.27341716182545 16.63060233744357 0
      vertex 13.716983684129987 16.840393678258227 0
      vertex 30.16658283817455 16.63060233744357 0
    endloop
  endfacet
  facet normal 0 0 -1
    outer loop
      vertex 13.716983684129987 16.840393678258227 0
      vertex 14.13785116509801 17.09265193848728 0
      vertex 29.72301631587001 16.840393678258227 0
    endloop
  endfacet
  facet normal 0 0 -1
    outer loop
      vertex 14.13785116509801 17.09265193848728 0
      vertex 14.531966420818227 17.38494773318632 0
      vertex 29.30214883490199 17.09265193848728 0
    endloop
  endfacet
  facet normal 0 0 -1
    outer loop
      vertex 14.531966420818227 17.38494773318632 0
      vertex 14.895533905932737 17.714466094067266 0
      vertex 28.90803357918177 17.38494773318632 0
    endloop
  endfacet
  facet normal 0 0 -1
    outer loop
      vertex 14.895533905932737 17.714466094067266 0
      vertex 15.225052266813684 18.078033579181778 0
      vertex 28.54446609406726 17.714466094067266 0
    endloop
  endfacet
  facet normal 0 0 -1
    outer loop
      vertex 13.27341716182545 16.63060233744357 0
      vertex 30.16658283817455 16.63060233744357 0
      vertex 30.628576613727688 16.46529832133896 0
    endloop
  endfacet
  facet normal 0 0 -1
    outer loop
      vertex 13.716983684129987 16.840393678258227 0
      vertex 29.72301631587001 16.840393678258227 0
      vertex 30.16658283817455 16.63060233744357 0
    endloop
  endfacet
  facet normal 0 0 -1
    outer loop
      vertex 14.13785116509801 17.09265193848728 0
      vertex 29.30214883490199 17.09265193848728 0
      vertex 29.72301631587001 16.840393678258227 0
    endloop
  endfacet
  facet normal 0 0 -1
    outer loop
      vertex 15.225052266813684 18.078033579181778 0
      vertex 28.214947733186314 18.078033579181778 0
      vertex 28.54446609406726 17.714466094067266 0
    endloop
  endfacet
  facet normal 0 0 -1
    outer loop
      vertex 14.531966420818227 17.38494773318632 0
      vertex 28.90803357918177 17.38494773318632 0
      vertex 29.30214883490199 17.09265193848728 0
    endloop
  endfacet
  facet normal 0 0 -1
    outer loop
      vertex 14.895533905932737 17.714466094067266 0
      vertex 28.54446609406726 17.714466094067266 0
      vertex 28.90803357918177 17.38494773318632 0
    endloop
  endfacet
  facet normal 0 0 -1
    outer loop
      vertex 15.517348061512726 18.472148834901994 0
      vertex 28.214947733186314 18.078033579181778 0
      vertex 15.225052266813684 18.078033579181778 0
    endloop
  endfacet
  facet normal 0 0 -1
    outer loop
      vertex 15.769606321741776 18.893016315870014 0
      vertex 27.92265193848727 18.472148834901994 0
      vertex 15.517348061512726 18.472148834901994 0
    endloop
  endfacet
  facet normal 0 0 -1
    outer loop
      vertex 15.979397662556433 19.336582838174554 0
      vertex 27.670393678258222 18.893016315870014 0
      vertex 15.769606321741776 18.893016315870014 0
    endloop
  endfacet
  facet normal 0 0 -1
    outer loop
      vertex 16.144701678661043 19.798576613727693 0
      vertex 27.460602337443564 19.336582838174554 0
      vertex 15.979397662556433 19.336582838174554 0
    endloop
  endfacet
  facet normal 0 0 -1
    outer loop
      vertex 16.263926402016153 20.274548389919364 0
      vertex 27.295298321338954 19.798576613727693 0
      vertex 16.144701678661043 19.798576613727693 0
    endloop
  endfacet
  facet normal 0 0 -1
    outer loop
      vertex 16.335923633360984 20.7599142983522 0
      vertex 27.176073597983844 20.274548389919364 0
      vertex 16.263926402016153 20.274548389919364 0
    endloop
  endfacet
  facet normal 0 0 -1
    outer loop
      vertex 27.104076366639013 20.7599142983522 0
      vertex 16.335923633360984 20.7599142983522 0
      vertex 16.36 21.250000000000004 0
    endloop
  endfacet
  facet normal 0 0 -1
    outer loop
      vertex 15.517348061512726 18.472148834901994 0
      vertex 27.92265193848727 18.472148834901994 0
      vertex 28.214947733186314 18.078033579181778 0
    endloop
  endfacet
  facet normal 0 0 -1
    outer loop
      vertex 15.769606321741776 18.893016315870014 0
      vertex 27.670393678258222 18.893016315870014 0
      vertex 27.92265193848727 18.472148834901994 0
    endloop
  endfacet
  facet normal 0 0 -1
    outer loop
      vertex 15.979397662556433 19.336582838174554 0
      vertex 27.460602337443564 19.336582838174554 0
      vertex 27.670393678258222 18.893016315870014 0
    endloop
  endfacet
  facet normal 0 0 -1
    outer loop
      vertex 16.144701678661043 19.798576613727693 0
      vertex 27.295298321338954 19.798576613727693 0
      vertex 27.460602337443564 19.336582838174554 0
    endloop
  endfacet
  facet normal 0 0 -1
    outer loop
      vertex 16.263926402016153 20.274548389919364 0
      vertex 27.176073597983844 20.274548389919364 0
      vertex 27.295298321338954 19.798576613727693 0
    endloop
  endfacet
  facet normal 0 0 -1
    outer loop
      vertex 16.335923633360984 20.7599142983522 0
      vertex 27.104076366639013 20.7599142983522 0
      vertex 27.176073597983844 20.274548389919364 0
    endloop
  endfacet
  facet normal 0 0 -1
    outer loop
      vertex 27.104076366639013 20.7599142983522 0
      vertex 16.36 21.250000000000004 0
      vertex 27.08 21.250000000000004 0
    endloop
  endfacet
  facet normal 0 0 -1
    outer loop
      vertex 12.335451610080641 16.346073597983853 0
      vertex 31.10454838991936 16.346073597983853 0
      vertex 31.589914298352195 16.27407636663902 0
    endloop
  endfacet
  facet normal 0 0 -1
    outer loop
      vertex 12.811423386272311 16.46529832133896 0
      vertex 30.628576613727688 16.46529832133896 0
      vertex 31.10454838991936 16.346073597983853 0
    endloop
  endfacet
  facet normal 0 0 -1
    outer loop
      vertex 2.5243093263542975 0 0
      vertex 50.022148834901984 17.09265193848728 0
      vertex 50.44301631587001 16.840393678258227 0
    endloop
  endfacet
  facet normal 0 0 -1
    outer loop
      vertex 2.5243093263542975 0 0
      vertex 49.62803357918177 17.38494773318632 0
      vertex 50.022148834901984 17.09265193848728 0
    endloop
  endfacet
  facet normal 0 0 -1
    outer loop
      vertex 2.5243093263542975 0 0
      vertex 50.44301631587001 16.840393678258227 0
      vertex 50.88658283817455 16.63060233744357 0
    endloop
  endfacet
  facet normal 0 0 -1
    outer loop
      vertex 2.5243093263542975 0 0
      vertex 48.93494773318631 18.078033579181778 0
      vertex 49.26446609406726 17.714466094067266 0
    endloop
  endfacet
  facet normal 0 0 -1
    outer loop
      vertex 2.5243093263542975 0 0
      vertex 48.64265193848727 18.472148834901994 0
      vertex 48.93494773318631 18.078033579181778 0
    endloop
  endfacet
  facet normal 0 0 -1
    outer loop
      vertex 2.5243093263542975 0 0
      vertex 48.39039367825822 18.893016315870014 0
      vertex 48.64265193848727 18.472148834901994 0
    endloop
  endfacet
  facet normal 0 0 -1
    outer loop
      vertex 2.5243093263542975 0 0
      vertex 48.18060233744356 19.336582838174554 0
      vertex 48.39039367825822 18.893016315870014 0
    endloop
  endfacet
  facet normal 0 0 -1
    outer loop
      vertex 2.5243093263542975 0 0
      vertex 48.01529832133895 19.798576613727693 0
      vertex 48.18060233744356 19.336582838174554 0
    endloop
  endfacet
  facet normal 0 0 -1
    outer loop
      vertex 2.5243093263542975 0 0
      vertex 47.89607359798384 20.274548389919364 0
      vertex 48.01529832133895 19.798576613727693 0
    endloop
  endfacet
  facet normal 0 0 -1
    outer loop
      vertex 2.5243093263542975 0 0
      vertex 47.82407636663901 20.7599142983522 0
      vertex 47.89607359798384 20.274548389919364 0
    endloop
  endfacet
  facet normal 0 0 -1
    outer loop
      vertex 2.5243093263542975 0 0
      vertex 47.8 21.250000000000004 0
      vertex 47.82407636663901 20.7599142983522 0
    endloop
  endfacet
  facet normal 0 0 -1
    outer loop
      vertex 2.5243093263542975 0 0
      vertex 47.82407636663901 21.740085701647807 0
      vertex 47.8 21.250000000000004 0
    endloop
  endfacet
  facet normal 0 0 -1
    outer loop
      vertex 2.5243093263542975 0 0
      vertex 47.89607359798384 22.225451610080643 0
      vertex 47.82407636663901 21.740085701647807 0
    endloop
  endfacet
  facet normal 0 0 -1
    outer loop
      vertex 2.5243093263542975 0 0
      vertex 49.26446609406726 17.714466094067266 0
      vertex 49.62803357918177 17.38494773318632 0
    endloop
  endfacet
  facet normal 0 0 -1
    outer loop
      vertex 2.5243093263542975 0 0
      vertex 48.01529832133895 22.701423386272314 0
      vertex 47.89607359798384 22.225451610080643 0
    endloop
  endfacet
  facet normal 0 0 -1
    outer loop
      vertex 2.5243093263542975 0 0
      vertex 48.18060233744356 23.163417161825453 0
      vertex 48.01529832133895 22.701423386272314 0
    endloop
  endfacet
  facet normal 0 0 -1
    outer loop
      vertex 2.5243093263542975 0 0
      vertex 48.39039367825822 23.606983684129993 0
      vertex 48.18060233744356 23.163417161825453 0
    endloop
  endfacet
  facet normal 0 0 -1
    outer loop
      vertex 48.39039367825822 23.606983684129993 0
      vertex 34.436983684129984 16.840393678258227 0
      vertex 34.85785116509801 17.09265193848728 0
    endloop
  endfacet
  facet normal 0 0 -1
    outer loop
      vertex 48.39039367825822 23.606983684129993 0
      vertex 34.85785116509801 17.09265193848728 0
      vertex 35.25196642081823 17.38494773318632 0
    endloop
  endfacet
  facet normal 0 0 -1
    outer loop
      vertex 48.39039367825822 23.606983684129993 0
      vertex 35.25196642081823 17.38494773318632 0
      vertex 35.615533905932736 17.714466094067266 0
    endloop
  endfacet
  facet normal 0 0 -1
    outer loop
      vertex 48.39039367825822 23.606983684129993 0
      vertex 35.615533905932736 17.714466094067266 0
      vertex 35.94505226681368 18.078033579181778 0
    endloop
  endfacet
  facet normal 0 0 -1
    outer loop
      vertex 48.93494773318631 24.42196642081823 0
      vertex 35.94505226681368 18.078033579181778 0
      vertex 36.237348061512726 18.472148834901994 0
    endloop
  endfacet
  facet normal 0 0 -1
    outer loop
      vertex 48.93494773318631 24.42196642081823 0
      vertex 36.237348061512726 18.472148834901994 0
      vertex 36.489606321741775 18.893016315870014 0
    endloop
  endfacet
  facet normal 0 0 1
    outer loop
      vertex 0.7173548123335196 0.1655560537676335 11.309999999999999
      vertex 2.5243093263542975 0 11.309999999999999
      vertex 0.6004364944539031 0.3232021560557201 11.309999999999999
    endloop
  endfacet
  facet normal 0 0 1
    outer loop
      vertex 0.6004364944539031 0.3232021560557201 11.309999999999999
      vertex 2.5243093263542975 0 11.309999999999999
      vertex 0 2.5243093263542975 11.309999999999999
    endloop
  endfacet
  facet normal 0 0 1
    outer loop
      vertex 0.3232021560557201 0.6004364944539031 11.309999999999999
      vertex 0 2.5243093263542975 11.309999999999999
      vertex 0.1655560537676335 0.7173548123335196 11.309999999999999
    endloop
  endfacet
  facet normal 0 0 1
    outer loop
      vertex 0.0688993877145023 0.7752885884523631 11.309999999999999
      vertex 0.1655560537676335 0.7173548123335196 11.309999999999999
      vertex 0 2.5243093263542975 11.309999999999999
    endloop
  endfacet
  facet normal 0 0 1
    outer loop
      vertex 0.4686291501015243 0.4686291501015243 11.309999999999999
      vertex 0 2.5243093263542975 11.309999999999999
      vertex 0.3232021560557201 0.6004364944539031 11.309999999999999
    endloop
  endfacet
  facet normal 0 0 1
    outer loop
      vertex 0.4686291501015243 0.4686291501015243 11.309999999999999
      vertex 0.6004364944539031 0.3232021560557201 11.309999999999999
      vertex 0 2.5243093263542975 11.309999999999999
    endloop
  endfacet
  facet normal 0 0 1
    outer loop
      vertex 0.8165852921932436 0 11.309999999999999
      vertex 2.5243093263542975 0 11.309999999999999
      vertex 0.7173548123335196 0.1655560537676335 11.309999999999999
    endloop
  endfacet
  facet normal 0 0 1
    outer loop
      vertex 2.5243093263542975 0 11.309999999999999
      vertex 1.6 1.6 11.309999999999999
      vertex 0 2.5243093263542975 11.309999999999999
    endloop
  endfacet
  facet normal 0 0 1
    outer loop
      vertex 1.6 1.6 11.309999999999999
      vertex 1.6 40.900000000000006 11.309999999999999
      vertex 0 2.5243093263542975 11.309999999999999
    endloop
  endfacet
  facet normal 0 -1 0
    outer loop
      vertex 2.5243093263542975 0 0
      vertex 82.3556906736457 0 11.309999999999999
      vertex 2.5243093263542975 0 11.309999999999999
    endloop
  endfacet
  facet normal 0 0 1
    outer loop
      vertex 2.5243093263542975 0 11.309999999999999
      vertex 82.3556906736457 0 11.309999999999999
      vertex 1.6 1.6 11.309999999999999
    endloop
  endfacet
  facet normal 0 0 1
    outer loop
      vertex 1.6 1.6 11.309999999999999
      vertex 82.3556906736457 0 11.309999999999999
      vertex 21.12 1.6 11.309999999999999
    endloop
  endfacet
  facet normal 0 0 1
    outer loop
      vertex 21.12 1.6 11.309999999999999
      vertex 82.3556906736457 0 11.309999999999999
      vertex 22.32 1.6 11.309999999999999
    endloop
  endfacet
  facet normal 0 0 1
    outer loop
      vertex 21.12 1.6 11.309999999999999
      vertex 22.32 1.6 11.309999999999999
      vertex 22.32 40.900000000000006 11.309999999999999
    endloop
  endfacet
  facet normal 0 0 -1
    outer loop
      vertex 2.0611531357191457 1.0320335564097987 0
      vertex 2.5243093263542966 42.50000000000001 0
      vertex 6.359999999999999 21.250000000000004 0
    endloop
  endfacet
  facet normal 0 0 -1
    outer loop
      vertex 2.0611531357191457 1.0320335564097987 0
      vertex 0 39.975690673645715 0
      vertex 2.5243093263542966 42.50000000000001 0
    endloop
  endfacet
  facet normal 0 0 -1
    outer loop
      vertex 2.5243093263542966 42.50000000000001 0
      vertex 6.384076366639015 21.740085701647807 0
      vertex 6.359999999999999 21.250000000000004 0
    endloop
  endfacet
  facet normal 0 0 -1
    outer loop
      vertex 2.5243093263542966 42.50000000000001 0
      vertex 6.456073597983847 22.225451610080643 0
      vertex 6.384076366639015 21.740085701647807 0
    endloop
  endfacet
  facet normal 0 0 -1
    outer loop
      vertex 2.5243093263542966 42.50000000000001 0
      vertex 6.5752983213389555 22.701423386272314 0
      vertex 6.456073597983847 22.225451610080643 0
    endloop
  endfacet
  facet normal 0 0 -1
    outer loop
      vertex 2.5243093263542966 42.50000000000001 0
      vertex 6.7406023374435655 23.163417161825453 0
      vertex 6.5752983213389555 22.701423386272314 0
    endloop
  endfacet
  facet normal 0 0 -1
    outer loop
      vertex 2.5243093263542966 42.50000000000001 0
      vertex 6.950393678258224 23.606983684129993 0
      vertex 6.7406023374435655 23.163417161825453 0
    endloop
  endfacet
  facet normal 0 0 -1
    outer loop
      vertex 2.5243093263542966 42.50000000000001 0
      vertex 7.202651938487273 24.027851165098014 0
      vertex 6.950393678258224 23.606983684129993 0
    endloop
  endfacet
  facet normal 0 0 -1
    outer loop
      vertex 2.5243093263542966 42.50000000000001 0
      vertex 7.494947733186315 24.42196642081823 0
      vertex 7.202651938487273 24.027851165098014 0
    endloop
  endfacet
  facet normal 0 0 -1
    outer loop
      vertex 2.5243093263542966 42.50000000000001 0
      vertex 7.824466094067262 24.78553390593274 0
      vertex 7.494947733186315 24.42196642081823 0
    endloop
  endfacet
  facet normal 0 0 -1
    outer loop
      vertex 2.5243093263542966 42.50000000000001 0
      vertex 8.188033579181772 25.115052266813688 0
      vertex 7.824466094067262 24.78553390593274 0
    endloop
  endfacet
  facet normal 0 0 -1
    outer loop
      vertex 2.5243093263542966 42.50000000000001 0
      vertex 8.58214883490199 25.407348061512728 0
      vertex 8.188033579181772 25.115052266813688 0
    endloop
  endfacet
  facet normal 0 0 -1
    outer loop
      vertex 2.5243093263542966 42.50000000000001 0
      vertex 9.003016315870012 25.65960632174178 0
      vertex 8.58214883490199 25.407348061512728 0
    endloop
  endfacet
  facet normal 0 0 -1
    outer loop
      vertex 2.5243093263542966 42.50000000000001 0
      vertex 9.44658283817455 25.869397662556437 0
      vertex 9.003016315870012 25.65960632174178 0
    endloop
  endfacet
  facet normal 0 0 -1
    outer loop
      vertex 13.716983684129987 25.65960632174178 0
      vertex 13.27341716182545 25.869397662556437 0
      vertex 29.72301631587001 25.65960632174178 0
    endloop
  endfacet
  facet normal 0 0 -1
    outer loop
      vertex 13.27341716182545 25.869397662556437 0
      vertex 12.811423386272311 26.034701678661047 0
      vertex 30.16658283817455 25.869397662556437 0
    endloop
  endfacet
  facet normal 0 0 -1
    outer loop
      vertex 12.811423386272311 26.034701678661047 0
      vertex 12.335451610080641 26.153926402016154 0
      vertex 30.628576613727688 26.034701678661047 0
    endloop
  endfacet
  facet normal 0 0 -1
    outer loop
      vertex 2.5243093263542966 42.50000000000001 0
      vertex 9.908576613727687 26.034701678661047 0
      vertex 9.44658283817455 25.869397662556437 0
    endloop
  endfacet
  facet normal 0 0 -1
    outer loop
      vertex 2.5243093263542966 42.50000000000001 0
      vertex 10.384548389919358 26.153926402016154 0
      vertex 9.908576613727687 26.034701678661047 0
    endloop
  endfacet
  facet normal 0 0 -1
    outer loop
      vertex 2.5243093263542966 42.50000000000001 0
      vertex 10.869914298352196 26.22592363336099 0
      vertex 10.384548389919358 26.153926402016154 0
    endloop
  endfacet
  facet normal 0 0 -1
    outer loop
      vertex 2.5243093263542966 42.50000000000001 0
      vertex 11.36 26.250000000000004 0
      vertex 10.869914298352196 26.22592363336099 0
    endloop
  endfacet
  facet normal 0 0 -1
    outer loop
      vertex 2.5243093263542966 42.50000000000001 0
      vertex 11.850085701647803 26.22592363336099 0
      vertex 11.36 26.250000000000004 0
    endloop
  endfacet
  facet normal 0 0 -1
    outer loop
      vertex 2.5243093263542966 42.50000000000001 0
      vertex 12.335451610080641 26.153926402016154 0
      vertex 11.850085701647803 26.22592363336099 0
    endloop
  endfacet
  facet normal 0 0 -1
    outer loop
      vertex 2.5243093263542966 42.50000000000001 0
      vertex 32.08 26.250000000000004 0
      vertex 12.335451610080641 26.153926402016154 0
    endloop
  endfacet
  facet normal 0 0 -1
    outer loop
      vertex 0 39.975690673645715 0
      vertex 0.0577540075772413 41.44178435459549 0
      vertex 0.11180474050146828 41.467348447379756 0
    endloop
  endfacet
  facet normal 0 0 -1
    outer loop
      vertex 0 39.975690673645715 0
      vertex 0.11180474050146828 41.467348447379756 0
      vertex 0.3006141548927975 41.58051645522791 0
    endloop
  endfacet
  facet normal 0 0 -1
    outer loop
      vertex 0 39.975690673645715 0
      vertex 0.3006141548927975 41.58051645522791 0
      vertex 0.47742199584090084 41.71164608705225 0
    endloop
  endfacet
  facet normal 0 0 -1
    outer loop
      vertex 0 39.975690673645715 0
      vertex 0.47742199584090084 41.71164608705225 0
      vertex 0.6405255071844504 41.85947449281556 0
    endloop
  endfacet
  facet normal 0 0 -1
    outer loop
      vertex 0 39.975690673645715 0
      vertex 0.6405255071844504 41.85947449281556 0
      vertex 0.7883539129477586 42.0225780041591 0
    endloop
  endfacet
  facet normal 0 0 -1
    outer loop
      vertex 0 39.975690673645715 0
      vertex 0.7883539129477586 42.0225780041591 0
      vertex 2.5243093263542966 42.50000000000001 0
    endloop
  endfacet
  facet normal 0 0 -1
    outer loop
      vertex 2.5243093263542966 42.50000000000001 0
      vertex 0.7883539129477586 42.0225780041591 0
      vertex 0.9194835447720984 42.19938584510721 0
    endloop
  endfacet
  facet normal 0 0 -1
    outer loop
      vertex 2.5243093263542966 42.50000000000001 0
      vertex 0.9194835447720984 42.19938584510721 0
      vertex 1.032651552620253 42.38819525949854 0
    endloop
  endfacet
  facet normal 0 0 -1
    outer loop
      vertex 2.5243093263542966 42.50000000000001 0
      vertex 1.032651552620253 42.38819525949854 0
      vertex 1.085531256655116 42.50000000000001 0
    endloop
  endfacet
  facet normal 0 0 -1
    outer loop
      vertex 16.36 21.250000000000004 0
      vertex 16.335923633360984 21.740085701647807 0
      vertex 27.08 21.250000000000004 0
    endloop
  endfacet
  facet normal 0 0 -1
    outer loop
      vertex 16.263926402016153 22.225451610080643 0
      vertex 27.104076366639013 21.740085701647807 0
      vertex 16.335923633360984 21.740085701647807 0
    endloop
  endfacet
  facet normal 0 0 -1
    outer loop
      vertex 16.144701678661043 22.701423386272314 0
      vertex 27.176073597983844 22.225451610080643 0
      vertex 16.263926402016153 22.225451610080643 0
    endloop
  endfacet
  facet normal 0 0 -1
    outer loop
      vertex 15.979397662556433 23.163417161825453 0
      vertex 27.295298321338954 22.701423386272314 0
      vertex 16.144701678661043 22.701423386272314 0
    endloop
  endfacet
  facet normal 0 0 -1
    outer loop
      vertex 15.769606321741776 23.606983684129993 0
      vertex 27.460602337443564 23.163417161825453 0
      vertex 15.979397662556433 23.163417161825453 0
    endloop
  endfacet
  facet normal 0 0 -1
    outer loop
      vertex 15.517348061512726 24.027851165098014 0
      vertex 27.670393678258222 23.606983684129993 0
      vertex 15.769606321741776 23.606983684129993 0
    endloop
  endfacet
  facet normal 0 0 -1
    outer loop
      vertex 15.225052266813684 24.42196642081823 0
      vertex 27.92265193848727 24.027851165098014 0
      vertex 15.517348061512726 24.027851165098014 0
    endloop
  endfacet
  facet normal 0 0 -1
    outer loop
      vertex 16.335923633360984 21.740085701647807 0
      vertex 27.104076366639013 21.740085701647807 0
      vertex 27.08 21.250000000000004 0
    endloop
  endfacet
  facet normal 0 0 -1
    outer loop
      vertex 16.263926402016153 22.225451610080643 0
      vertex 27.176073597983844 22.225451610080643 0
      vertex 27.104076366639013 21.740085701647807 0
    endloop
  endfacet
  facet normal 0 0 -1
    outer loop
      vertex 16.144701678661043 22.701423386272314 0
      vertex 27.295298321338954 22.701423386272314 0
      vertex 27.176073597983844 22.225451610080643 0
    endloop
  endfacet
  facet normal 0 0 -1
    outer loop
      vertex 15.979397662556433 23.163417161825453 0
      vertex 27.460602337443564 23.163417161825453 0
      vertex 27.295298321338954 22.701423386272314 0
    endloop
  endfacet
  facet normal 0 0 -1
    outer loop
      vertex 15.769606321741776 23.606983684129993 0
      vertex 27.670393678258222 23.606983684129993 0
      vertex 27.460602337443564 23.163417161825453 0
    endloop
  endfacet
  facet normal 0 0 -1
    outer loop
      vertex 15.517348061512726 24.027851165098014 0
      vertex 27.92265193848727 24.027851165098014 0
      vertex 27.670393678258222 23.606983684129993 0
    endloop
  endfacet
  facet normal 0 0 -1
    outer loop
      vertex 15.225052266813684 24.42196642081823 0
      vertex 28.214947733186314 24.42196642081823 0
      vertex 27.92265193848727 24.027851165098014 0
    endloop
  endfacet
  facet normal 0 0 -1
    outer loop
      vertex 14.895533905932737 24.78553390593274 0
      vertex 28.214947733186314 24.42196642081823 0
      vertex 15.225052266813684 24.42196642081823 0
    endloop
  endfacet
  facet normal 0 0 -1
    outer loop
      vertex 14.531966420818227 25.115052266813688 0
      vertex 14.13785116509801 25.407348061512728 0
      vertex 28.90803357918177 25.115052266813688 0
    endloop
  endfacet
  facet normal 0 0 -1
    outer loop
      vertex 28.54446609406726 24.78553390593274 0
      vertex 14.895533905932737 24.78553390593274 0
      vertex 14.531966420818227 25.115052266813688 0
    endloop
  endfacet
  facet normal 0 0 -1
    outer loop
      vertex 14.13785116509801 25.407348061512728 0
      vertex 13.716983684129987 25.65960632174178 0
      vertex 29.30214883490199 25.407348061512728 0
    endloop
  endfacet
  facet normal 0 0 -1
    outer loop
      vertex 14.895533905932737 24.78553390593274 0
      vertex 28.54446609406726 24.78553390593274 0
      vertex 28.214947733186314 24.42196642081823 0
    endloop
  endfacet
  facet normal 0 0 -1
    outer loop
      vertex 14.531966420818227 25.115052266813688 0
      vertex 28.90803357918177 25.115052266813688 0
      vertex 28.54446609406726 24.78553390593274 0
    endloop
  endfacet
  facet normal 0 0 -1
    outer loop
      vertex 14.13785116509801 25.407348061512728 0
      vertex 29.30214883490199 25.407348061512728 0
      vertex 28.90803357918177 25.115052266813688 0
    endloop
  endfacet
  facet normal 0 0 -1
    outer loop
      vertex 13.716983684129987 25.65960632174178 0
      vertex 29.72301631587001 25.65960632174178 0
      vertex 29.30214883490199 25.407348061512728 0
    endloop
  endfacet
  facet normal 0 0 -1
    outer loop
      vertex 13.27341716182545 25.869397662556437 0
      vertex 30.16658283817455 25.869397662556437 0
      vertex 29.72301631587001 25.65960632174178 0
    endloop
  endfacet
  facet normal 0 0 -1
    outer loop
      vertex 12.811423386272311 26.034701678661047 0
      vertex 30.628576613727688 26.034701678661047 0
      vertex 30.16658283817455 25.869397662556437 0
    endloop
  endfacet
  facet normal 0 0 -1
    outer loop
      vertex 31.10454838991936 26.153926402016154 0
      vertex 30.628576613727688 26.034701678661047 0
      vertex 12.335451610080641 26.153926402016154 0
    endloop
  endfacet
  facet normal 0 0 -1
    outer loop
      vertex 31.589914298352195 26.22592363336099 0
      vertex 31.10454838991936 26.153926402016154 0
      vertex 12.335451610080641 26.153926402016154 0
    endloop
  endfacet
  facet normal 0 0 -1
    outer loop
      vertex 32.08 26.250000000000004 0
      vertex 31.589914298352195 26.22592363336099 0
      vertex 12.335451610080641 26.153926402016154 0
    endloop
  endfacet
  facet normal 0 0 -1
    outer loop
      vertex 2.5243093263542966 42.50000000000001 0
      vertex 32.5700857016478 26.22592363336099 0
      vertex 32.08 26.250000000000004 0
    endloop
  endfacet
  facet normal 0 0 -1
    outer loop
      vertex 2.5243093263542966 42.50000000000001 0
      vertex 33.05545161008064 26.153926402016154 0
      vertex 32.5700857016478 26.22592363336099 0
    endloop
  endfacet
  facet normal 0 0 -1
    outer loop
      vertex 2.5243093263542966 42.50000000000001 0
      vertex 33.99341716182545 25.869397662556437 0
      vertex 33.53142338627231 26.034701678661047 0
    endloop
  endfacet
  facet normal 0 0 -1
    outer loop
      vertex 2.5243093263542966 42.50000000000001 0
      vertex 33.53142338627231 26.034701678661047 0
      vertex 33.05545161008064 26.153926402016154 0
    endloop
  endfacet
  facet normal 0 0 -1
    outer loop
      vertex 2.5243093263542966 42.50000000000001 0
      vertex 82.3556906736457 42.50000000000001 0
      vertex 33.99341716182545 25.869397662556437 0
    endloop
  endfacet
  facet normal 0 1 0
    outer loop
      vertex 2.5243093263542966 42.50000000000001 0
      vertex 2.5243093263542966 42.50000000000001 11.309999999999999
      vertex 82.3556906736457 42.50000000000001 0
    endloop
  endfacet
  facet normal -1 0 0
    outer loop
      vertex 0 2.5243093263542975 11.309999999999999
      vertex 0 39.975690673645715 11.309999999999999
      vertex 0 39.975690673645715 0
    endloop
  endfacet
  facet normal 0 0 1
    outer loop
      vertex 0 2.5243093263542975 11.309999999999999
      vertex 1.6 40.900000000000006 11.309999999999999
      vertex 0 39.975690673645715 11.309999999999999
    endloop
  endfacet
  facet normal 0 0 1
    outer loop
      vertex 0 39.975690673645715 11.309999999999999
      vertex 1.6 40.900000000000006 11.309999999999999
      vertex 0 41.68341470780676 11.309999999999999
    endloop
  endfacet
  facet normal 0 0 1
    outer loop
      vertex 0 41.68341470780676 11.309999999999999
      vertex 1.6 40.900000000000006 11.309999999999999
      vertex 0.1655560537676335 41.78264518766649 11.309999999999999
    endloop
  endfacet
  facet normal 0 0 1
    outer loop
      vertex 0.1655560537676335 41.78264518766649 11.309999999999999
      vertex 1.6 40.900000000000006 11.309999999999999
      vertex 0.3232021560557201 41.899563505546105 11.309999999999999
    endloop
  endfacet
  facet normal 0 0 1
    outer loop
      vertex 0.3232021560557201 41.899563505546105 11.309999999999999
      vertex 1.6 40.900000000000006 11.309999999999999
      vertex 0.4686291501015243 42.03137084989849 11.309999999999999
    endloop
  endfacet
  facet normal 0 0 1
    outer loop
      vertex 0.4686291501015243 42.03137084989849 11.309999999999999
      vertex 1.6 40.900000000000006 11.309999999999999
      vertex 21.12 40.900000000000006 11.309999999999999
    endloop
  endfacet
  facet normal 0 0 1
    outer loop
      vertex 0.4686291501015243 42.03137084989849 11.309999999999999
      vertex 21.12 40.900000000000006 11.309999999999999
      vertex 0.6004364944539031 42.176797843944286 11.309999999999999
    endloop
  endfacet
  facet normal 0 0 1
    outer loop
      vertex 0.6004364944539031 42.176797843944286 11.309999999999999
      vertex 21.12 40.900000000000006 11.309999999999999
      vertex 0.7173548123335196 42.334443946232376 11.309999999999999
    endloop
  endfacet
  facet normal 0 0 1
    outer loop
      vertex 0.7173548123335196 42.334443946232376 11.309999999999999
      vertex 21.12 40.900000000000006 11.309999999999999
      vertex 0.8165852921932434 42.50000000000001 11.309999999999999
    endloop
  endfacet
  facet normal 0 0 1
    outer loop
      vertex 0.8165852921932434 42.50000000000001 11.309999999999999
      vertex 21.12 40.900000000000006 11.309999999999999
      vertex 2.5243093263542966 42.50000000000001 11.309999999999999
    endloop
  endfacet
  facet normal 0 0 1
    outer loop
      vertex 2.5243093263542966 42.50000000000001 11.309999999999999
      vertex 21.12 40.900000000000006 11.309999999999999
      vertex 22.32 40.900000000000006 11.309999999999999
    endloop
  endfacet
  facet normal 0 0 1
    outer loop
      vertex 21.12 1.6 11.309999999999999
      vertex 22.32 40.900000000000006 11.309999999999999
      vertex 21.12 40.900000000000006 11.309999999999999
    endloop
  endfacet
  facet normal 0 0 1
    outer loop
      vertex 41.84 1.6 11.309999999999999
      vertex 43.04 40.900000000000006 11.309999999999999
      vertex 41.84 40.900000000000006 11.309999999999999
    endloop
  endfacet
  facet normal 0 0 1
    outer loop
      vertex 2.5243093263542966 42.50000000000001 11.309999999999999
      vertex 22.32 40.900000000000006 11.309999999999999
      vertex 41.84 40.900000000000006 11.309999999999999
    endloop
  endfacet
  facet normal 0 0 1
    outer loop
      vertex 2.5243093263542966 42.50000000000001 11.309999999999999
      vertex 41.84 40.900000000000006 11.309999999999999
      vertex 43.04 40.900000000000006 11.309999999999999
    endloop
  endfacet
  facet normal 0 0 1
    outer loop
      vertex 2.5243093263542966 42.50000000000001 11.309999999999999
      vertex 43.04 40.900000000000006 11.309999999999999
      vertex 62.56 40.900000000000006 11.309999999999999
    endloop
  endfacet
  facet normal 0 0 -1
    outer loop
      vertex 2.5243093263542975 0 0
      vertex 50.88658283817455 16.63060233744357 0
      vertex 82.3556906736457 0 0
    endloop
  endfacet
  facet normal 0 -1 0
    outer loop
      vertex 2.5243093263542975 0 0
      vertex 82.3556906736457 0 0
      vertex 82.3556906736457 0 11.309999999999999
    endloop
  endfacet
  facet normal 0 0 -1
    outer loop
      vertex 82.3556906736457 0 0
      vertex 51.34857661372769 16.46529832133896 0
      vertex 51.82454838991936 16.346073597983853 0
    endloop
  endfacet
  facet normal 0 0 -1
    outer loop
      vertex 82.3556906736457 0 0
      vertex 50.88658283817455 16.63060233744357 0
      vertex 51.34857661372769 16.46529832133896 0
    endloop
  endfacet
  facet normal 0 0 -1
    outer loop
      vertex 82.3556906736457 0 0
      vertex 51.82454838991936 16.346073597983853 0
      vertex 52.3099142983522 16.27407636663902 0
    endloop
  endfacet
  facet normal 0 0 -1
    outer loop
      vertex 82.3556906736457 0 0
      vertex 52.3099142983522 16.27407636663902 0
      vertex 52.8 16.250000000000004 0
    endloop
  endfacet
  facet normal 0 0 -1
    outer loop
      vertex 82.3556906736457 0 0
      vertex 52.8 16.250000000000004 0
      vertex 53.2900857016478 16.27407636663902 0
    endloop
  endfacet
  facet normal 0 0 -1
    outer loop
      vertex 82.3556906736457 0 0
      vertex 53.2900857016478 16.27407636663902 0
      vertex 53.77545161008064 16.346073597983853 0
    endloop
  endfacet
  facet normal 0 0 -1
    outer loop
      vertex 82.3556906736457 0 0
      vertex 53.77545161008064 16.346073597983853 0
      vertex 54.25142338627231 16.46529832133896 0
    endloop
  endfacet
  facet normal 0 0 -1
    outer loop
      vertex 82.3556906736457 0 0
      vertex 54.25142338627231 16.46529832133896 0
      vertex 54.71341716182545 16.63060233744357 0
    endloop
  endfacet
  facet normal 0 0 -1
    outer loop
      vertex 82.3556906736457 0 0
      vertex 54.71341716182545 16.63060233744357 0
      vertex 55.15698368412998 16.840393678258227 0
    endloop
  endfacet
  facet normal 0 0 -1
    outer loop
      vertex 82.3556906736457 0 0
      vertex 55.15698368412998 16.840393678258227 0
      vertex 55.57785116509801 17.09265193848728 0
    endloop
  endfacet
  facet normal 0 0 -1
    outer loop
      vertex 82.3556906736457 0 0
      vertex 55.57785116509801 17.09265193848728 0
      vertex 55.97196642081823 17.38494773318632 0
    endloop
  endfacet
  facet normal 0 0 -1
    outer loop
      vertex 82.3556906736457 0 0
      vertex 55.97196642081823 17.38494773318632 0
      vertex 56.335533905932735 17.714466094067266 0
    endloop
  endfacet
  facet normal 0 0 -1
    outer loop
      vertex 56.335533905932735 17.714466094067266 0
      vertex 56.66505226681368 18.078033579181778 0
      vertex 69.98446609406726 17.714466094067266 0
    endloop
  endfacet
  facet normal 0 0 -1
    outer loop
      vertex 69.98446609406726 17.714466094067266 0
      vertex 56.66505226681368 18.078033579181778 0
      vertex 69.6549477331863 18.078033579181778 0
    endloop
  endfacet
  facet normal 0 0 -1
    outer loop
      vertex 56.957348061512725 18.472148834901994 0
      vertex 69.6549477331863 18.078033579181778 0
      vertex 56.66505226681368 18.078033579181778 0
    endloop
  endfacet
  facet normal 0 0 -1
    outer loop
      vertex 57.209606321741774 18.893016315870014 0
      vertex 69.36265193848728 18.472148834901994 0
      vertex 56.957348061512725 18.472148834901994 0
    endloop
  endfacet
  facet normal 0 0 -1
    outer loop
      vertex 57.419397662556435 19.336582838174554 0
      vertex 69.11039367825822 18.893016315870014 0
      vertex 57.209606321741774 18.893016315870014 0
    endloop
  endfacet
  facet normal 0 0 -1
    outer loop
      vertex 57.58470167866104 19.798576613727693 0
      vertex 68.90060233744356 19.336582838174554 0
      vertex 57.419397662556435 19.336582838174554 0
    endloop
  endfacet
  facet normal 0 0 -1
    outer loop
      vertex 57.70392640201615 20.274548389919364 0
      vertex 68.73529832133895 19.798576613727693 0
      vertex 57.58470167866104 19.798576613727693 0
    endloop
  endfacet
  facet normal 0 0 -1
    outer loop
      vertex 57.77592363336098 20.7599142983522 0
      vertex 68.61607359798384 20.274548389919364 0
      vertex 57.70392640201615 20.274548389919364 0
    endloop
  endfacet
  facet normal 0 0 -1
    outer loop
      vertex 68.54407636663902 20.7599142983522 0
      vertex 57.77592363336098 20.7599142983522 0
      vertex 57.8 21.250000000000004 0
    endloop
  endfacet
  facet normal 0 0 -1
    outer loop
      vertex 56.957348061512725 18.472148834901994 0
      vertex 69.36265193848728 18.472148834901994 0
      vertex 69.6549477331863 18.078033579181778 0
    endloop
  endfacet
  facet normal 0 0 -1
    outer loop
      vertex 69.36265193848728 18.472148834901994 0
      vertex 57.209606321741774 18.893016315870014 0
      vertex 69.11039367825822 18.893016315870014 0
    endloop
  endfacet
  facet normal 0 0 -1
    outer loop
      vertex 69.11039367825822 18.893016315870014 0
      vertex 57.419397662556435 19.336582838174554 0
      vertex 68.90060233744356 19.336582838174554 0
    endloop
  endfacet
  facet normal 0 0 -1
    outer loop
      vertex 57.58470167866104 19.798576613727693 0
      vertex 68.73529832133895 19.798576613727693 0
      vertex 68.90060233744356 19.336582838174554 0
    endloop
  endfacet
  facet normal 0 0 -1
    outer loop
      vertex 68.73529832133895 19.798576613727693 0
      vertex 57.70392640201615 20.274548389919364 0
      vertex 68.61607359798384 20.274548389919364 0
    endloop
  endfacet
  facet normal 0 0 -1
    outer loop
      vertex 57.77592363336098 20.7599142983522 0
      vertex 68.54407636663902 20.7599142983522 0
      vertex 68.61607359798384 20.274548389919364 0
    endloop
  endfacet
  facet normal 0 0 -1
    outer loop
      vertex 68.54407636663902 20.7599142983522 0
      vertex 57.8 21.250000000000004 0
      vertex 68.52 21.250000000000004 0
    endloop
  endfacet
  facet normal 0 0 -1
    outer loop
      vertex 82.3556906736457 0 0
      vertex 83.84734844737974 0.11180474050146828 0
      vertex 83.79446874334488 0 0
    endloop
  endfacet
  facet normal 0 0 -1
    outer loop
      vertex 82.3556906736457 0 0
      vertex 83.9605164552279 0.3006141548927975 0
      vertex 83.84734844737974 0.11180474050146828 0
    endloop
  endfacet
  facet normal 0 0 -1
    outer loop
      vertex 82.3556906736457 0 0
      vertex 84.09164608705223 0.47742199584090084 0
      vertex 83.9605164552279 0.3006141548927975 0
    endloop
  endfacet
  facet normal 0 0 -1
    outer loop
      vertex 82.3556906736457 0 0
      vertex 84.88 2.524309326354297 0
      vertex 84.09164608705223 0.47742199584090084 0
    endloop
  endfacet
  facet normal 0 0 -1
    outer loop
      vertex 84.88 2.524309326354297 0
      vertex 84.23947449281555 0.6405255071844504 0
      vertex 84.09164608705223 0.47742199584090084 0
    endloop
  endfacet
  facet normal 0 0 -1
    outer loop
      vertex 84.88 2.524309326354297 0
      vertex 84.4025780041591 0.7883539129477586 0
      vertex 84.23947449281555 0.6405255071844504 0
    endloop
  endfacet
  facet normal 0 0 -1
    outer loop
      vertex 84.88 2.524309326354297 0
      vertex 84.5793858451072 0.9194835447720984 0
      vertex 84.4025780041591 0.7883539129477586 0
    endloop
  endfacet
  facet normal 0 0 -1
    outer loop
      vertex 84.88 2.524309326354297 0
      vertex 84.76819525949853 1.032651552620253 0
      vertex 84.5793858451072 0.9194835447720984 0
    endloop
  endfacet
  facet normal 0 0 -1
    outer loop
      vertex 84.88 2.524309326354297 0
      vertex 84.82224599242275 1.0582156454045215 0
      vertex 84.76819525949853 1.032651552620253 0
    endloop
  endfacet
  facet normal 0 0 -1
    outer loop
      vertex 82.3556906736457 0 0
      vertex 56.335533905932735 17.714466094067266 0
      vertex 69.98446609406726 17.714466094067266 0
    endloop
  endfacet
  facet normal 0 0 -1
    outer loop
      vertex 82.3556906736457 0 0
      vertex 70.34803357918177 17.38494773318632 0
      vertex 70.74214883490198 17.09265193848728 0
    endloop
  endfacet
  facet normal 0 0 -1
    outer loop
      vertex 82.3556906736457 0 0
      vertex 71.16301631587001 16.840393678258227 0
      vertex 71.60658283817455 16.63060233744357 0
    endloop
  endfacet
  facet normal 0 0 -1
    outer loop
      vertex 82.3556906736457 0 0
      vertex 71.60658283817455 16.63060233744357 0
      vertex 72.06857661372769 16.46529832133896 0
    endloop
  endfacet
  facet normal 0 0 -1
    outer loop
      vertex 82.3556906736457 0 0
      vertex 70.74214883490198 17.09265193848728 0
      vertex 71.16301631587001 16.840393678258227 0
    endloop
  endfacet
  facet normal 0 0 -1
    outer loop
      vertex 82.3556906736457 0 0
      vertex 72.06857661372769 16.46529832133896 0
      vertex 72.54454838991936 16.346073597983853 0
    endloop
  endfacet
  facet normal 0 0 -1
    outer loop
      vertex 82.3556906736457 0 0
      vertex 72.54454838991936 16.346073597983853 0
      vertex 73.0299142983522 16.27407636663902 0
    endloop
  endfacet
  facet normal 0 0 -1
    outer loop
      vertex 82.3556906736457 0 0
      vertex 73.0299142983522 16.27407636663902 0
      vertex 73.52 16.250000000000004 0
    endloop
  endfacet
  facet normal 0 0 -1
    outer loop
      vertex 82.3556906736457 0 0
      vertex 73.52 16.250000000000004 0
      vertex 74.0100857016478 16.27407636663902 0
    endloop
  endfacet
  facet normal 0 0 -1
    outer loop
      vertex 82.3556906736457 0 0
      vertex 74.0100857016478 16.27407636663902 0
      vertex 74.49545161008064 16.346073597983853 0
    endloop
  endfacet
  facet normal 0 0 -1
    outer loop
      vertex 82.3556906736457 0 0
      vertex 74.49545161008064 16.346073597983853 0
      vertex 74.9714233862723 16.46529832133896 0
    endloop
  endfacet
  facet normal 0 0 -1
    outer loop
      vertex 82.3556906736457 0 0
      vertex 74.9714233862723 16.46529832133896 0
      vertex 75.43341716182545 16.63060233744357 0
    endloop
  endfacet
  facet normal 0 0 -1
    outer loop
      vertex 82.3556906736457 0 0
      vertex 69.98446609406726 17.714466094067266 0
      vertex 70.34803357918177 17.38494773318632 0
    endloop
  endfacet
  facet normal 0 0 -1
    outer loop
      vertex 82.3556906736457 0 0
      vertex 75.43341716182545 16.63060233744357 0
      vertex 75.87698368412998 16.840393678258227 0
    endloop
  endfacet
  facet normal 0 0 -1
    outer loop
      vertex 82.3556906736457 0 0
      vertex 75.87698368412998 16.840393678258227 0
      vertex 76.29785116509801 17.09265193848728 0
    endloop
  endfacet
  facet normal 0 0 -1
    outer loop
      vertex 82.3556906736457 0 0
      vertex 76.29785116509801 17.09265193848728 0
      vertex 76.69196642081822 17.38494773318632 0
    endloop
  endfacet
  facet normal 0 0 -1
    outer loop
      vertex 82.3556906736457 0 0
      vertex 76.69196642081822 17.38494773318632 0
      vertex 77.05553390593273 17.714466094067266 0
    endloop
  endfacet
  facet normal 0 0 -1
    outer loop
      vertex 82.3556906736457 0 0
      vertex 77.05553390593273 17.714466094067266 0
      vertex 77.38505226681369 18.078033579181778 0
    endloop
  endfacet
  facet normal 0 0 -1
    outer loop
      vertex 82.3556906736457 0 0
      vertex 77.38505226681369 18.078033579181778 0
      vertex 77.67734806151272 18.472148834901994 0
    endloop
  endfacet
  facet normal 0 0 -1
    outer loop
      vertex 82.3556906736457 0 0
      vertex 77.67734806151272 18.472148834901994 0
      vertex 77.92960632174177 18.893016315870014 0
    endloop
  endfacet
  facet normal 0 0 -1
    outer loop
      vertex 82.3556906736457 0 0
      vertex 77.92960632174177 18.893016315870014 0
      vertex 78.13939766255643 19.336582838174554 0
    endloop
  endfacet
  facet normal 0 0 -1
    outer loop
      vertex 82.3556906736457 0 0
      vertex 78.13939766255643 19.336582838174554 0
      vertex 78.30470167866105 19.798576613727693 0
    endloop
  endfacet
  facet normal 0 0 -1
    outer loop
      vertex 82.3556906736457 0 0
      vertex 78.30470167866105 19.798576613727693 0
      vertex 78.42392640201615 20.274548389919364 0
    endloop
  endfacet
  facet normal 0 0 -1
    outer loop
      vertex 82.3556906736457 0 0
      vertex 78.42392640201615 20.274548389919364 0
      vertex 78.49592363336097 20.7599142983522 0
    endloop
  endfacet
  facet normal 0 0 -1
    outer loop
      vertex 82.3556906736457 0 0
      vertex 78.49592363336097 20.7599142983522 0
      vertex 78.52 21.250000000000004 0
    endloop
  endfacet
  facet normal 0 0 -1
    outer loop
      vertex 82.3556906736457 0 0
      vertex 78.52 21.250000000000004 0
      vertex 78.49592363336097 21.740085701647807 0
    endloop
  endfacet
  facet normal 0 0 -1
    outer loop
      vertex 82.3556906736457 0 0
      vertex 78.49592363336097 21.740085701647807 0
      vertex 78.42392640201615 22.225451610080643 0
    endloop
  endfacet
  facet normal 0 0 -1
    outer loop
      vertex 82.3556906736457 0 0
      vertex 82.81884686428086 41.46796644359021 0
      vertex 84.88 2.524309326354297 0
    endloop
  endfacet
  facet normal 0 0 -1
    outer loop
      vertex 82.3556906736457 0 0
      vertex 78.42392640201615 22.225451610080643 0
      vertex 82.81884686428086 41.46796644359021 0
    endloop
  endfacet
  facet normal 0 0 1
    outer loop
      vertex 22.32 1.6 11.309999999999999
      vertex 82.3556906736457 0 11.309999999999999
      vertex 41.84 1.6 11.309999999999999
    endloop
  endfacet
  facet normal 0 0 1
    outer loop
      vertex 41.84 1.6 11.309999999999999
      vertex 82.3556906736457 0 11.309999999999999
      vertex 43.04 1.6 11.309999999999999
    endloop
  endfacet
  facet normal 0 0 1
    outer loop
      vertex 43.04 1.6 11.309999999999999
      vertex 82.3556906736457 0 11.309999999999999
      vertex 62.56 1.6 11.309999999999999
    endloop
  endfacet
  facet normal 0 0 1
    outer loop
      vertex 41.84 1.6 11.309999999999999
      vertex 43.04 1.6 11.309999999999999
      vertex 43.04 40.900000000000006 11.309999999999999
    endloop
  endfacet
  facet normal 0 0 1
    outer loop
      vertex 62.56 1.6 11.309999999999999
      vertex 63.76 1.6 11.309999999999999
      vertex 63.76 40.900000000000006 11.309999999999999
    endloop
  endfacet
  facet normal 0 0 1
    outer loop
      vertex 62.56 1.6 11.309999999999999
      vertex 82.3556906736457 0 11.309999999999999
      vertex 63.76 1.6 11.309999999999999
    endloop
  endfacet
  facet normal 0 0 1
    outer loop
      vertex 63.76 1.6 11.309999999999999
      vertex 82.3556906736457 0 11.309999999999999
      vertex 84.06341470780674 0 11.309999999999999
    endloop
  endfacet
  facet normal 0 0 1
    outer loop
      vertex 63.76 1.6 11.309999999999999
      vertex 84.06341470780674 0 11.309999999999999
      vertex 84.16264518766647 0.1655560537676335 11.309999999999999
    endloop
  endfacet
  facet normal 0 0 1
    outer loop
      vertex 63.76 1.6 11.309999999999999
      vertex 84.16264518766647 0.1655560537676335 11.309999999999999
      vertex 84.2795635055461 0.3232021560557201 11.309999999999999
    endloop
  endfacet
  facet normal 0 0 1
    outer loop
      vertex 63.76 1.6 11.309999999999999
      vertex 84.2795635055461 0.3232021560557201 11.309999999999999
      vertex 84.41137084989847 0.4686291501015243 11.309999999999999
    endloop
  endfacet
  facet normal 0 0 1
    outer loop
      vertex 63.76 1.6 11.309999999999999
      vertex 84.41137084989847 0.4686291501015243 11.309999999999999
      vertex 83.28 1.6 11.309999999999999
    endloop
  endfacet
  facet normal 0 0 1
    outer loop
      vertex 83.28 1.6 11.309999999999999
      vertex 84.41137084989847 0.4686291501015243 11.309999999999999
      vertex 84.55679784394428 0.6004364944539031 11.309999999999999
    endloop
  endfacet
  facet normal 0 0 1
    outer loop
      vertex 83.28 1.6 11.309999999999999
      vertex 84.55679784394428 0.6004364944539031 11.309999999999999
      vertex 84.71444394623236 0.7173548123335196 11.309999999999999
    endloop
  endfacet
  facet normal 0 0 1
    outer loop
      vertex 83.28 1.6 11.309999999999999
      vertex 84.71444394623236 0.7173548123335196 11.309999999999999
      vertex 84.88 0.8165852921932392 11.309999999999999
    endloop
  endfacet
  facet normal 0 0 1
    outer loop
      vertex 83.28 1.6 11.309999999999999
      vertex 84.88 0.8165852921932392 11.309999999999999
      vertex 84.88 2.524309326354297 11.309999999999999
    endloop
  endfacet
  facet normal 1 0 0
    outer loop
      vertex 84.88 2.524309326354297 0
      vertex 84.88 39.975690673645715 11.309999999999999
      vertex 84.88 2.524309326354297 11.309999999999999
    endloop
  endfacet
  facet normal 0 0 1
    outer loop
      vertex 83.28 1.6 11.309999999999999
      vertex 84.88 2.524309326354297 11.309999999999999
      vertex 84.88 39.975690673645715 11.309999999999999
    endloop
  endfacet
  facet normal 0 0 -1
    outer loop
      vertex 48.39039367825822 23.606983684129993 0
      vertex 35.94505226681368 18.078033579181778 0
      vertex 48.64265193848727 24.027851165098014 0
    endloop
  endfacet
  facet normal 0 0 -1
    outer loop
      vertex 35.94505226681368 18.078033579181778 0
      vertex 48.93494773318631 24.42196642081823 0
      vertex 48.64265193848727 24.027851165098014 0
    endloop
  endfacet
  facet normal 0 0 -1
    outer loop
      vertex 48.93494773318631 24.42196642081823 0
      vertex 36.489606321741775 18.893016315870014 0
      vertex 49.26446609406726 24.78553390593274 0
    endloop
  endfacet
  facet normal 0 0 -1
    outer loop
      vertex 36.489606321741775 18.893016315870014 0
      vertex 49.62803357918177 25.115052266813688 0
      vertex 49.26446609406726 24.78553390593274 0
    endloop
  endfacet
  facet normal 0 0 -1
    outer loop
      vertex 36.489606321741775 18.893016315870014 0
      vertex 50.022148834901984 25.407348061512728 0
      vertex 49.62803357918177 25.115052266813688 0
    endloop
  endfacet
  facet normal 0 0 -1
    outer loop
      vertex 36.489606321741775 18.893016315870014 0
      vertex 50.44301631587001 25.65960632174178 0
      vertex 50.022148834901984 25.407348061512728 0
    endloop
  endfacet
  facet normal 0 0 -1
    outer loop
      vertex 82.3556906736457 42.50000000000001 0
      vertex 36.489606321741775 18.893016315870014 0
      vertex 36.699397662556436 19.336582838174554 0
    endloop
  endfacet
  facet normal 0 0 -1
    outer loop
      vertex 82.3556906736457 42.50000000000001 0
      vertex 36.699397662556436 19.336582838174554 0
      vertex 36.86470167866104 19.798576613727693 0
    endloop
  endfacet
  facet normal 0 0 -1
    outer loop
      vertex 82.3556906736457 42.50000000000001 0
      vertex 36.86470167866104 19.798576613727693 0
      vertex 36.98392640201615 20.274548389919364 0
    endloop
  endfacet
  facet normal 0 0 -1
    outer loop
      vertex 82.3556906736457 42.50000000000001 0
      vertex 35.615533905932736 24.78553390593274 0
      vertex 35.25196642081823 25.115052266813688 0
    endloop
  endfacet
  facet normal 0 0 -1
    outer loop
      vertex 82.3556906736457 42.50000000000001 0
      vertex 36.98392640201615 20.274548389919364 0
      vertex 37.05592363336098 20.7599142983522 0
    endloop
  endfacet
  facet normal 0 0 -1
    outer loop
      vertex 82.3556906736457 42.50000000000001 0
      vertex 37.05592363336098 20.7599142983522 0
      vertex 37.08 21.250000000000004 0
    endloop
  endfacet
  facet normal 0 0 -1
    outer loop
      vertex 82.3556906736457 42.50000000000001 0
      vertex 37.08 21.250000000000004 0
      vertex 37.05592363336098 21.740085701647807 0
    endloop
  endfacet
  facet normal 0 0 -1
    outer loop
      vertex 82.3556906736457 42.50000000000001 0
      vertex 37.05592363336098 21.740085701647807 0
      vertex 36.98392640201615 22.225451610080643 0
    endloop
  endfacet
  facet normal 0 0 -1
    outer loop
      vertex 82.3556906736457 42.50000000000001 0
      vertex 36.98392640201615 22.225451610080643 0
      vertex 36.86470167866104 22.701423386272314 0
    endloop
  endfacet
  facet normal 0 0 -1
    outer loop
      vertex 82.3556906736457 42.50000000000001 0
      vertex 36.86470167866104 22.701423386272314 0
      vertex 36.699397662556436 23.163417161825453 0
    endloop
  endfacet
  facet normal 0 0 -1
    outer loop
      vertex 82.3556906736457 42.50000000000001 0
      vertex 36.699397662556436 23.163417161825453 0
      vertex 36.489606321741775 23.606983684129993 0
    endloop
  endfacet
  facet normal 0 0 -1
    outer loop
      vertex 82.3556906736457 42.50000000000001 0
      vertex 36.489606321741775 23.606983684129993 0
      vertex 36.237348061512726 24.027851165098014 0
    endloop
  endfacet
  facet normal 0 0 -1
    outer loop
      vertex 82.3556906736457 42.50000000000001 0
      vertex 36.237348061512726 24.027851165098014 0
      vertex 35.94505226681368 24.42196642081823 0
    endloop
  endfacet
  facet normal 0 0 -1
    outer loop
      vertex 82.3556906736457 42.50000000000001 0
      vertex 35.94505226681368 24.42196642081823 0
      vertex 35.615533905932736 24.78553390593274 0
    endloop
  endfacet
  facet normal 0 0 -1
    outer loop
      vertex 82.3556906736457 42.50000000000001 0
      vertex 34.436983684129984 25.65960632174178 0
      vertex 33.99341716182545 25.869397662556437 0
    endloop
  endfacet
  facet normal 0 0 -1
    outer loop
      vertex 82.3556906736457 42.50000000000001 0
      vertex 35.25196642081823 25.115052266813688 0
      vertex 34.85785116509801 25.407348061512728 0
    endloop
  endfacet
  facet normal 0 0 -1
    outer loop
      vertex 82.3556906736457 42.50000000000001 0
      vertex 34.85785116509801 25.407348061512728 0
      vertex 34.436983684129984 25.65960632174178 0
    endloop
  endfacet
  facet normal 0 0 -1
    outer loop
      vertex 57.8 21.250000000000004 0
      vertex 57.77592363336098 21.740085701647807 0
      vertex 68.52 21.250000000000004 0
    endloop
  endfacet
  facet normal 0 0 -1
    outer loop
      vertex 57.70392640201615 22.225451610080643 0
      vertex 68.54407636663902 21.740085701647807 0
      vertex 57.77592363336098 21.740085701647807 0
    endloop
  endfacet
  facet normal 0 0 -1
    outer loop
      vertex 57.58470167866104 22.701423386272314 0
      vertex 68.61607359798384 22.225451610080643 0
      vertex 57.70392640201615 22.225451610080643 0
    endloop
  endfacet
  facet normal 0 0 -1
    outer loop
      vertex 57.419397662556435 23.163417161825453 0
      vertex 68.73529832133895 22.701423386272314 0
      vertex 57.58470167866104 22.701423386272314 0
    endloop
  endfacet
  facet normal 0 0 -1
    outer loop
      vertex 57.209606321741774 23.606983684129993 0
      vertex 68.90060233744356 23.163417161825453 0
      vertex 57.419397662556435 23.163417161825453 0
    endloop
  endfacet
  facet normal 0 0 -1
    outer loop
      vertex 56.957348061512725 24.027851165098014 0
      vertex 69.11039367825822 23.606983684129993 0
      vertex 57.209606321741774 23.606983684129993 0
    endloop
  endfacet
  facet normal 0 0 -1
    outer loop
      vertex 56.66505226681368 24.42196642081823 0
      vertex 69.36265193848728 24.027851165098014 0
      vertex 56.957348061512725 24.027851165098014 0
    endloop
  endfacet
  facet normal 0 0 -1
    outer loop
      vertex 57.77592363336098 21.740085701647807 0
      vertex 68.54407636663902 21.740085701647807 0
      vertex 68.52 21.250000000000004 0
    endloop
  endfacet
  facet normal 0 0 -1
    outer loop
      vertex 57.70392640201615 22.225451610080643 0
      vertex 68.61607359798384 22.225451610080643 0
      vertex 68.54407636663902 21.740085701647807 0
    endloop
  endfacet
  facet normal 0 0 -1
    outer loop
      vertex 57.58470167866104 22.701423386272314 0
      vertex 68.73529832133895 22.701423386272314 0
      vertex 68.61607359798384 22.225451610080643 0
    endloop
  endfacet
  facet normal 0 0 -1
    outer loop
      vertex 57.419397662556435 23.163417161825453 0
      vertex 68.90060233744356 23.163417161825453 0
      vertex 68.73529832133895 22.701423386272314 0
    endloop
  endfacet
  facet normal 0 0 -1
    outer loop
      vertex 57.209606321741774 23.606983684129993 0
      vertex 69.11039367825822 23.606983684129993 0
      vertex 68.90060233744356 23.163417161825453 0
    endloop
  endfacet
  facet normal 0 0 -1
    outer loop
      vertex 56.957348061512725 24.027851165098014 0
      vertex 69.36265193848728 24.027851165098014 0
      vertex 69.11039367825822 23.606983684129993 0
    endloop
  endfacet
  facet normal 0 0 -1
    outer loop
      vertex 56.66505226681368 24.42196642081823 0
      vertex 69.6549477331863 24.42196642081823 0
      vertex 69.36265193848728 24.027851165098014 0
    endloop
  endfacet
  facet normal 0 0 -1
    outer loop
      vertex 69.98446609406726 24.78553390593274 0
      vertex 56.335533905932735 24.78553390593274 0
      vertex 55.97196642081823 25.115052266813688 0
    endloop
  endfacet
  facet normal 0 0 -1
    outer loop
      vertex 56.335533905932735 24.78553390593274 0
      vertex 69.6549477331863 24.42196642081823 0
      vertex 56.66505226681368 24.42196642081823 0
    endloop
  endfacet
  facet normal 0 0 -1
    outer loop
      vertex 56.335533905932735 24.78553390593274 0
      vertex 69.98446609406726 24.78553390593274 0
      vertex 69.6549477331863 24.42196642081823 0
    endloop
  endfacet
  facet normal 0 0 -1
    outer loop
      vertex 55.97196642081823 25.115052266813688 0
      vertex 70.34803357918177 25.115052266813688 0
      vertex 69.98446609406726 24.78553390593274 0
    endloop
  endfacet
  facet normal 0 0 -1
    outer loop
      vertex 82.6875839292702 42.50000000000001 0
      vertex 50.44301631587001 25.65960632174178 0
      vertex 36.489606321741775 18.893016315870014 0
    endloop
  endfacet
  facet normal 0 0 -1
    outer loop
      vertex 82.81884686428086 41.46796644359021 0
      vertex 55.97196642081823 25.115052266813688 0
      vertex 55.57785116509801 25.407348061512728 0
    endloop
  endfacet
  facet normal 0 0 -1
    outer loop
      vertex 82.81884686428086 41.46796644359021 0
      vertex 55.57785116509801 25.407348061512728 0
      vertex 55.15698368412998 25.65960632174178 0
    endloop
  endfacet
  facet normal 0 0 -1
    outer loop
      vertex 82.6875839292702 42.50000000000001 0
      vertex 50.88658283817455 25.869397662556437 0
      vertex 50.44301631587001 25.65960632174178 0
    endloop
  endfacet
  facet normal 0 0 -1
    outer loop
      vertex 82.6875839292702 42.50000000000001 0
      vertex 51.34857661372769 26.034701678661047 0
      vertex 50.88658283817455 25.869397662556437 0
    endloop
  endfacet
  facet normal 0 0 -1
    outer loop
      vertex 82.6875839292702 42.50000000000001 0
      vertex 51.82454838991936 26.153926402016154 0
      vertex 51.34857661372769 26.034701678661047 0
    endloop
  endfacet
  facet normal 0 0 -1
    outer loop
      vertex 82.81884686428086 41.46796644359021 0
      vertex 52.8 26.250000000000004 0
      vertex 52.3099142983522 26.22592363336099 0
    endloop
  endfacet
  facet normal 0 0 -1
    outer loop
      vertex 82.81884686428086 41.46796644359021 0
      vertex 53.2900857016478 26.22592363336099 0
      vertex 52.8 26.250000000000004 0
    endloop
  endfacet
  facet normal 0 0 -1
    outer loop
      vertex 82.6875839292702 42.50000000000001 0
      vertex 52.3099142983522 26.22592363336099 0
      vertex 51.82454838991936 26.153926402016154 0
    endloop
  endfacet
  facet normal 0 0 -1
    outer loop
      vertex 82.81884686428086 41.46796644359021 0
      vertex 53.77545161008064 26.153926402016154 0
      vertex 53.2900857016478 26.22592363336099 0
    endloop
  endfacet
  facet normal 0 0 -1
    outer loop
      vertex 82.81884686428086 41.46796644359021 0
      vertex 54.25142338627231 26.034701678661047 0
      vertex 53.77545161008064 26.153926402016154 0
    endloop
  endfacet
  facet normal 0 0 -1
    outer loop
      vertex 82.81884686428086 41.46796644359021 0
      vertex 54.71341716182545 25.869397662556437 0
      vertex 54.25142338627231 26.034701678661047 0
    endloop
  endfacet
  facet normal 0 0 -1
    outer loop
      vertex 82.81884686428086 41.46796644359021 0
      vertex 55.15698368412998 25.65960632174178 0
      vertex 54.71341716182545 25.869397662556437 0
    endloop
  endfacet
  facet normal 0 0 -1
    outer loop
      vertex 82.81884686428086 41.46796644359021 0
      vertex 70.34803357918177 25.115052266813688 0
      vertex 55.97196642081823 25.115052266813688 0
    endloop
  endfacet
  facet normal 0 0 -1
    outer loop
      vertex 82.81884686428086 41.46796644359021 0
      vertex 70.74214883490198 25.407348061512728 0
      vertex 70.34803357918177 25.115052266813688 0
    endloop
  endfacet
  facet normal 0 0 -1
    outer loop
      vertex 82.81884686428086 41.46796644359021 0
      vertex 71.16301631587001 25.65960632174178 0
      vertex 70.74214883490198 25.407348061512728 0
    endloop
  endfacet
  facet normal 0 0 -1
    outer loop
      vertex 82.81884686428086 41.46796644359021 0
      vertex 71.60658283817455 25.869397662556437 0
      vertex 71.16301631587001 25.65960632174178 0
    endloop
  endfacet
  facet normal 0 0 -1
    outer loop
      vertex 82.81884686428086 41.46796644359021 0
      vertex 72.06857661372769 26.034701678661047 0
      vertex 71.60658283817455 25.869397662556437 0
    endloop
  endfacet
  facet normal 0 0 -1
    outer loop
      vertex 82.81884686428086 41.46796644359021 0
      vertex 72.54454838991936 26.153926402016154 0
      vertex 72.06857661372769 26.034701678661047 0
    endloop
  endfacet
  facet normal 0 0 -1
    outer loop
      vertex 82.81884686428086 41.46796644359021 0
      vertex 73.0299142983522 26.22592363336099 0
      vertex 72.54454838991936 26.153926402016154 0
    endloop
  endfacet
  facet normal 0 0 -1
    outer loop
      vertex 82.81884686428086 41.46796644359021 0
      vertex 73.52 26.250000000000004 0
      vertex 73.0299142983522 26.22592363336099 0
    endloop
  endfacet
  facet normal 0 0 -1
    outer loop
      vertex 82.81884686428086 41.46796644359021 0
      vertex 74.0100857016478 26.22592363336099 0
      vertex 73.52 26.250000000000004 0
    endloop
  endfacet
  facet normal 0 0 -1
    outer loop
      vertex 82.81884686428086 41.46796644359021 0
      vertex 74.49545161008064 26.153926402016154 0
      vertex 74.0100857016478 26.22592363336099 0
    endloop
  endfacet
  facet normal 0 0 -1
    outer loop
      vertex 82.81884686428086 41.46796644359021 0
      vertex 74.9714233862723 26.034701678661047 0
      vertex 74.49545161008064 26.153926402016154 0
    endloop
  endfacet
  facet normal 0 0 -1
    outer loop
      vertex 82.81884686428086 41.46796644359021 0
      vertex 78.42392640201615 22.225451610080643 0
      vertex 78.30470167866105 22.701423386272314 0
    endloop
  endfacet
  facet normal 0 0 -1
    outer loop
      vertex 82.81884686428086 41.46796644359021 0
      vertex 78.30470167866105 22.701423386272314 0
      vertex 78.13939766255643 23.163417161825453 0
    endloop
  endfacet
  facet normal 0 0 -1
    outer loop
      vertex 82.81884686428086 41.46796644359021 0
      vertex 76.29785116509801 25.407348061512728 0
      vertex 75.87698368412998 25.65960632174178 0
    endloop
  endfacet
  facet normal 0 0 -1
    outer loop
      vertex 82.81884686428086 41.46796644359021 0
      vertex 77.38505226681369 24.42196642081823 0
      vertex 77.05553390593273 24.78553390593274 0
    endloop
  endfacet
  facet normal 0 0 -1
    outer loop
      vertex 82.81884686428086 41.46796644359021 0
      vertex 77.05553390593273 24.78553390593274 0
      vertex 76.69196642081822 25.115052266813688 0
    endloop
  endfacet
  facet normal 0 0 -1
    outer loop
      vertex 82.81884686428086 41.46796644359021 0
      vertex 76.69196642081822 25.115052266813688 0
      vertex 76.29785116509801 25.407348061512728 0
    endloop
  endfacet
  facet normal 0 0 -1
    outer loop
      vertex 82.81884686428086 41.46796644359021 0
      vertex 77.92960632174177 23.606983684129993 0
      vertex 77.67734806151272 24.027851165098014 0
    endloop
  endfacet
  facet normal 0 0 -1
    outer loop
      vertex 82.81884686428086 41.46796644359021 0
      vertex 78.13939766255643 23.163417161825453 0
      vertex 77.92960632174177 23.606983684129993 0
    endloop
  endfacet
  facet normal 0 0 -1
    outer loop
      vertex 82.81884686428086 41.46796644359021 0
      vertex 77.67734806151272 24.027851165098014 0
      vertex 77.38505226681369 24.42196642081823 0
    endloop
  endfacet
  facet normal 0 0 -1
    outer loop
      vertex 82.81884686428086 41.46796644359021 0
      vertex 75.43341716182545 25.869397662556437 0
      vertex 74.9714233862723 26.034701678661047 0
    endloop
  endfacet
  facet normal 0 0 -1
    outer loop
      vertex 82.81884686428086 41.46796644359021 0
      vertex 75.87698368412998 25.65960632174178 0
      vertex 75.43341716182545 25.869397662556437 0
    endloop
  endfacet
  facet normal 0 0 -1
    outer loop
      vertex 84.88 2.524309326354297 0
      vertex 82.81884686428086 41.46796644359021 0
      vertex 84.88 39.975690673645715 0
    endloop
  endfacet
  facet normal 1 0 0
    outer loop
      vertex 84.88 2.524309326354297 0
      vertex 84.88 39.975690673645715 0
      vertex 84.88 39.975690673645715 11.309999999999999
    endloop
  endfacet
  facet normal 0 0 -1
    outer loop
      vertex 82.3556906736457 42.50000000000001 0
      vertex 82.6875839292702 42.50000000000001 0
      vertex 36.489606321741775 18.893016315870014 0
    endloop
  endfacet
  facet normal 0 0 -1
    outer loop
      vertex 82.81884686428086 41.46796644359021 0
      vertex 52.3099142983522 26.22592363336099 0
      vertex 82.6875839292702 42.50000000000001 0
    endloop
  endfacet
  facet normal 0 0 -1
    outer loop
      vertex 84.88 39.975690673645715 0
      vertex 82.81884686428086 41.46796644359021 0
      vertex 84.4025780041591 41.71164608705225 0
    endloop
  endfacet
  facet normal 0 0 -1
    outer loop
      vertex 84.88 39.975690673645715 0
      vertex 84.76819525949853 41.467348447379756 0
      vertex 84.88 41.41446874334489 0
    endloop
  endfacet
  facet normal 0 0 -1
    outer loop
      vertex 84.88 39.975690673645715 0
      vertex 84.4025780041591 41.71164608705225 0
      vertex 84.5793858451072 41.58051645522791 0
    endloop
  endfacet
  facet normal 0 0 -1
    outer loop
      vertex 84.88 39.975690673645715 0
      vertex 84.5793858451072 41.58051645522791 0
      vertex 84.76819525949853 41.467348447379756 0
    endloop
  endfacet
  facet normal 0 0 -1
    outer loop
      vertex 82.81884686428086 41.46796644359021 0
      vertex 84.09164608705223 42.0225780041591 0
      vertex 84.23947449281555 41.85947449281556 0
    endloop
  endfacet
  facet normal 0 0 -1
    outer loop
      vertex 82.81884686428086 41.46796644359021 0
      vertex 84.23947449281555 41.85947449281556 0
      vertex 84.4025780041591 41.71164608705225 0
    endloop
  endfacet
  facet normal 0 0 -1
    outer loop
      vertex 82.81884686428086 41.46796644359021 0
      vertex 84.04692705186237 42.082874643074355 0
      vertex 84.09164608705223 42.0225780041591 0
    endloop
  endfacet
  facet normal 0 0 1
    outer loop
      vertex 62.56 1.6 11.309999999999999
      vertex 63.76 40.900000000000006 11.309999999999999
      vertex 62.56 40.900000000000006 11.309999999999999
    endloop
  endfacet
  facet normal 0 1 0
    outer loop
      vertex 2.5243093263542966 42.50000000000001 11.309999999999999
      vertex 82.3556906736457 42.50000000000001 11.309999999999999
      vertex 82.3556906736457 42.50000000000001 0
    endloop
  endfacet
  facet normal 0 0 1
    outer loop
      vertex 2.5243093263542966 42.50000000000001 11.309999999999999
      vertex 62.56 40.900000000000006 11.309999999999999
      vertex 63.76 40.900000000000006 11.309999999999999
    endloop
  endfacet
  facet normal 0 0 1
    outer loop
      vertex 2.5243093263542966 42.50000000000001 11.309999999999999
      vertex 63.76 40.900000000000006 11.309999999999999
      vertex 83.28 40.900000000000006 11.309999999999999
    endloop
  endfacet
  facet normal 0 0 1
    outer loop
      vertex 2.5243093263542966 42.50000000000001 11.309999999999999
      vertex 83.28 40.900000000000006 11.309999999999999
      vertex 82.3556906736457 42.50000000000001 11.309999999999999
    endloop
  endfacet
  facet normal 0 0 1
    outer loop
      vertex 83.28 1.6 11.309999999999999
      vertex 84.88 39.975690673645715 11.309999999999999
      vertex 83.28 40.900000000000006 11.309999999999999
    endloop
  endfacet
  facet normal 0 0 1
    outer loop
      vertex 84.88 39.975690673645715 11.309999999999999
      vertex 82.3556906736457 42.50000000000001 11.309999999999999
      vertex 83.28 40.900000000000006 11.309999999999999
    endloop
  endfacet
  facet normal 0 0 1
    outer loop
      vertex 84.88 39.975690673645715 11.309999999999999
      vertex 82.37571400877414 42.50000000000001 11.309999999999999
      vertex 82.3556906736457 42.50000000000001 11.309999999999999
    endloop
  endfacet
  facet normal 0 0 1
    outer loop
      vertex 82.37571400877414 42.50000000000001 11.309999999999999
      vertex 84.16264518766647 42.334443946232376 11.309999999999999
      vertex 84.06341470780674 42.50000000000001 11.309999999999999
    endloop
  endfacet
  facet normal 0 0 1
    outer loop
      vertex 84.88 39.975690673645715 11.309999999999999
      vertex 84.8111006122855 41.724711411547645 11.309999999999999
      vertex 84.71444394623236 41.78264518766649 11.309999999999999
    endloop
  endfacet
  facet normal 0 0 1
    outer loop
      vertex 84.88 39.975690673645715 11.309999999999999
      vertex 84.71444394623236 41.78264518766649 11.309999999999999
      vertex 84.55679784394428 41.899563505546105 11.309999999999999
    endloop
  endfacet
  facet normal 0 0 1
    outer loop
      vertex 84.88 39.975690673645715 11.309999999999999
      vertex 84.55679784394428 41.899563505546105 11.309999999999999
      vertex 82.37571400877414 42.50000000000001 11.309999999999999
    endloop
  endfacet
  facet normal 0 0 1
    outer loop
      vertex 82.37571400877414 42.50000000000001 11.309999999999999
      vertex 84.55679784394428 41.899563505546105 11.309999999999999
      vertex 84.41137084989847 42.03137084989849 11.309999999999999
    endloop
  endfacet
  facet normal 0 0 1
    outer loop
      vertex 82.37571400877414 42.50000000000001 11.309999999999999
      vertex 84.41137084989847 42.03137084989849 11.309999999999999
      vertex 84.2795635055461 42.176797843944286 11.309999999999999
    endloop
  endfacet
  facet normal 0 0 1
    outer loop
      vertex 82.37571400877414 42.50000000000001 11.309999999999999
      vertex 84.2795635055461 42.176797843944286 11.309999999999999
      vertex 84.16264518766647 42.334443946232376 11.309999999999999
    endloop
  endfacet
  facet normal 0 0 1
    outer loop
      vertex 1.6 1.6 2
      vertex 16.86 7.2500000000000036 2
      vertex 5.859999999999999 7.2500000000000036 2
    endloop
  endfacet
  facet normal 0 0 1
    outer loop
      vertex 1.6 1.6 2
      vertex 21.12 1.6 2
      vertex 16.86 7.2500000000000036 2
    endloop
  endfacet
  facet normal 0 1 0
    outer loop
      vertex 1.6 1.6 2
      vertex 1.6 1.6 11.309999999999999
      vertex 21.12 1.6 2
    endloop
  endfacet
  facet normal 0 0 1
    outer loop
      vertex 1.6 1.6 2
      vertex 5.859999999999999 7.2500000000000036 2
      vertex 1.6 40.900000000000006 2
    endloop
  endfacet
  facet normal 0 0 1
    outer loop
      vertex 16.86 7.2500000000000036 2
      vertex 21.12 1.6 2
      vertex 16.86 35.25 2
    endloop
  endfacet
  facet normal -1 0 0
    outer loop
      vertex 21.12 1.6 2
      vertex 21.12 1.6 11.309999999999999
      vertex 21.12 40.900000000000006 2
    endloop
  endfacet
  facet normal 0 1 0
    outer loop
      vertex 21.12 1.6 2
      vertex 1.6 1.6 11.309999999999999
      vertex 21.12 1.6 11.309999999999999
    endloop
  endfacet
  facet normal 1 0 0
    outer loop
      vertex 1.6 1.6 2
      vertex 1.6 40.900000000000006 11.309999999999999
      vertex 1.6 1.6 11.309999999999999
    endloop
  endfacet
  facet normal 0 0 1
    outer loop
      vertex 5.859999999999999 7.2500000000000036 2
      vertex 5.859999999999999 35.25 2
      vertex 1.6 40.900000000000006 2
    endloop
  endfacet
  facet normal 1 0 0
    outer loop
      vertex 1.6 1.6 2
      vertex 1.6 40.900000000000006 2
      vertex 1.6 40.900000000000006 11.309999999999999
    endloop
  endfacet
  facet normal 0 0 1
    outer loop
      vertex 5.859999999999999 35.25 2
      vertex 16.86 35.25 2
      vertex 1.6 40.900000000000006 2
    endloop
  endfacet
  facet normal 0 0 1
    outer loop
      vertex 1.6 40.900000000000006 2
      vertex 16.86 35.25 2
      vertex 21.12 40.900000000000006 2
    endloop
  endfacet
  facet normal 0 -1 0
    outer loop
      vertex 1.6 40.900000000000006 2
      vertex 21.12 40.900000000000006 2
      vertex 21.12 40.900000000000006 11.309999999999999
    endloop
  endfacet
  facet normal 0 0 1
    outer loop
      vertex 21.12 1.6 2
      vertex 21.12 40.900000000000006 2
      vertex 16.86 35.25 2
    endloop
  endfacet
  facet normal 0 -1 0
    outer loop
      vertex 1.6 40.900000000000006 2
      vertex 21.12 40.900000000000006 11.309999999999999
      vertex 1.6 40.900000000000006 11.309999999999999
    endloop
  endfacet
  facet normal -1 0 0
    outer loop
      vertex 21.12 1.6 11.309999999999999
      vertex 21.12 40.900000000000006 11.309999999999999
      vertex 21.12 40.900000000000006 2
    endloop
  endfacet
  facet normal 0 0 1
    outer loop
      vertex 22.32 1.6 2
      vertex 37.58 7.2500000000000036 2
      vertex 26.58 7.2500000000000036 2
    endloop
  endfacet
  facet normal 0 0 1
    outer loop
      vertex 22.32 1.6 2
      vertex 41.84 1.6 2
      vertex 37.58 7.2500000000000036 2
    endloop
  endfacet
  facet normal 0 1 0
    outer loop
      vertex 22.32 1.6 2
      vertex 22.32 1.6 11.309999999999999
      vertex 41.84 1.6 2
    endloop
  endfacet
  facet normal 0 0 1
    outer loop
      vertex 22.32 1.6 2
      vertex 26.58 7.2500000000000036 2
      vertex 22.32 40.900000000000006 2
    endloop
  endfacet
  facet normal 0 0 1
    outer loop
      vertex 41.84 1.6 2
      vertex 37.58 35.25 2
      vertex 37.58 7.2500000000000036 2
    endloop
  endfacet
  facet normal -1 0 0
    outer loop
      vertex 41.84 1.6 2
      vertex 41.84 1.6 11.309999999999999
      vertex 41.84 40.900000000000006 2
    endloop
  endfacet
  facet normal 0 1 0
    outer loop
      vertex 41.84 1.6 2
      vertex 22.32 1.6 11.309999999999999
      vertex 41.84 1.6 11.309999999999999
    endloop
  endfacet
  facet normal 1 0 0
    outer loop
      vertex 22.32 1.6 2
      vertex 22.32 40.900000000000006 11.309999999999999
      vertex 22.32 1.6 11.309999999999999
    endloop
  endfacet
  facet normal 0 0 1
    outer loop
      vertex 26.58 7.2500000000000036 2
      vertex 26.58 35.25 2
      vertex 22.32 40.900000000000006 2
    endloop
  endfacet
  facet normal 0 0 1
    outer loop
      vertex 41.84 1.6 2
      vertex 41.84 40.900000000000006 2
      vertex 37.58 35.25 2
    endloop
  endfacet
  facet normal 1 0 0
    outer loop
      vertex 22.32 1.6 2
      vertex 22.32 40.900000000000006 2
      vertex 22.32 40.900000000000006 11.309999999999999
    endloop
  endfacet
  facet normal 0 0 1
    outer loop
      vertex 26.58 35.25 2
      vertex 37.58 35.25 2
      vertex 22.32 40.900000000000006 2
    endloop
  endfacet
  facet normal 0 0 1
    outer loop
      vertex 22.32 40.900000000000006 2
      vertex 37.58 35.25 2
      vertex 41.84 40.900000000000006 2
    endloop
  endfacet
  facet normal 0 -1 0
    outer loop
      vertex 22.32 40.900000000000006 2
      vertex 41.84 40.900000000000006 2
      vertex 41.84 40.900000000000006 11.309999999999999
    endloop
  endfacet
  facet normal -1 0 0
    outer loop
      vertex 41.84 1.6 11.309999999999999
      vertex 41.84 40.900000000000006 11.309999999999999
      vertex 41.84 40.900000000000006 2
    endloop
  endfacet
  facet normal 0 -1 0
    outer loop
      vertex 22.32 40.900000000000006 2
      vertex 41.84 40.900000000000006 11.309999999999999
      vertex 22.32 40.900000000000006 11.309999999999999
    endloop
  endfacet
  facet normal 0 0 1
    outer loop
      vertex 43.04 1.6 2
      vertex 58.3 7.2500000000000036 2
      vertex 47.3 7.2500000000000036 2
    endloop
  endfacet
  facet normal 0 0 1
    outer loop
      vertex 43.04 1.6 2
      vertex 62.56 1.6 2
      vertex 58.3 7.2500000000000036 2
    endloop
  endfacet
  facet normal 0 1 0
    outer loop
      vertex 43.04 1.6 2
      vertex 43.04 1.6 11.309999999999999
      vertex 62.56 1.6 2
    endloop
  endfacet
  facet normal 0 0 1
    outer loop
      vertex 43.04 1.6 2
      vertex 47.3 7.2500000000000036 2
      vertex 43.04 40.900000000000006 2
    endloop
  endfacet
  facet normal 0 0 1
    outer loop
      vertex 62.56 1.6 2
      vertex 58.3 35.25 2
      vertex 58.3 7.2500000000000036 2
    endloop
  endfacet
  facet normal -1 0 0
    outer loop
      vertex 62.56 1.6 2
      vertex 62.56 1.6 11.309999999999999
      vertex 62.56 40.900000000000006 2
    endloop
  endfacet
  facet normal 0 1 0
    outer loop
      vertex 62.56 1.6 2
      vertex 43.04 1.6 11.309999999999999
      vertex 62.56 1.6 11.309999999999999
    endloop
  endfacet
  facet normal 1 0 0
    outer loop
      vertex 43.04 1.6 2
      vertex 43.04 40.900000000000006 11.309999999999999
      vertex 43.04 1.6 11.309999999999999
    endloop
  endfacet
  facet normal 0 0 1
    outer loop
      vertex 47.3 7.2500000000000036 2
      vertex 47.3 35.25 2
      vertex 43.04 40.900000000000006 2
    endloop
  endfacet
  facet normal 0 0 1
    outer loop
      vertex 62.56 1.6 2
      vertex 62.56 40.900000000000006 2
      vertex 58.3 35.25 2
    endloop
  endfacet
  facet normal 1 0 0
    outer loop
      vertex 43.04 1.6 2
      vertex 43.04 40.900000000000006 2
      vertex 43.04 40.900000000000006 11.309999999999999
    endloop
  endfacet
  facet normal 0 0 1
    outer loop
      vertex 47.3 35.25 2
      vertex 58.3 35.25 2
      vertex 43.04 40.900000000000006 2
    endloop
  endfacet
  facet normal 0 0 1
    outer loop
      vertex 43.04 40.900000000000006 2
      vertex 58.3 35.25 2
      vertex 62.56 40.900000000000006 2
    endloop
  endfacet
  facet normal 0 -1 0
    outer loop
      vertex 43.04 40.900000000000006 2
      vertex 62.56 40.900000000000006 2
      vertex 62.56 40.900000000000006 11.309999999999999
    endloop
  endfacet
  facet normal -1 0 0
    outer loop
      vertex 62.56 1.6 11.309999999999999
      vertex 62.56 40.900000000000006 11.309999999999999
      vertex 62.56 40.900000000000006 2
    endloop
  endfacet
  facet normal 0 -1 0
    outer loop
      vertex 43.04 40.900000000000006 2
      vertex 62.56 40.900000000000006 11.309999999999999
      vertex 43.04 40.900000000000006 11.309999999999999
    endloop
  endfacet
  facet normal 0 0 1
    outer loop
      vertex 63.76 1.6 2
      vertex 68.02 7.2500000000000036 2
      vertex 63.76 40.900000000000006 2
    endloop
  endfacet
  facet normal 0 0 1
    outer loop
      vertex 63.76 1.6 2
      vertex 79.02 7.2500000000000036 2
      vertex 68.02 7.2500000000000036 2
    endloop
  endfacet
  facet normal 0 0 1
    outer loop
      vertex 63.76 1.6 2
      vertex 83.28 1.6 2
      vertex 79.02 7.2500000000000036 2
    endloop
  endfacet
  facet normal 0 1 0
    outer loop
      vertex 63.76 1.6 2
      vertex 63.76 1.6 11.309999999999999
      vertex 83.28 1.6 2
    endloop
  endfacet
  facet normal 0 0 1
    outer loop
      vertex 83.28 1.6 2
      vertex 79.02 35.25 2
      vertex 79.02 7.2500000000000036 2
    endloop
  endfacet
  facet normal -1 0 0
    outer loop
      vertex 83.28 1.6 2
      vertex 83.28 1.6 11.309999999999999
      vertex 83.28 40.900000000000006 2
    endloop
  endfacet
  facet normal 1 0 0
    outer loop
      vertex 63.76 1.6 2
      vertex 63.76 40.900000000000006 11.309999999999999
      vertex 63.76 1.6 11.309999999999999
    endloop
  endfacet
  facet normal 0 1 0
    outer loop
      vertex 83.28 1.6 2
      vertex 63.76 1.6 11.309999999999999
      vertex 83.28 1.6 11.309999999999999
    endloop
  endfacet
  facet normal 1 0 0
    outer loop
      vertex 63.76 1.6 2
      vertex 63.76 40.900000000000006 2
      vertex 63.76 40.900000000000006 11.309999999999999
    endloop
  endfacet
  facet normal 0 0 1
    outer loop
      vertex 68.02 7.2500000000000036 2
      vertex 68.02 35.25 2
      vertex 63.76 40.900000000000006 2
    endloop
  endfacet
  facet normal 0 0 1
    outer loop
      vertex 83.28 1.6 2
      vertex 83.28 40.900000000000006 2
      vertex 79.02 35.25 2
    endloop
  endfacet
  facet normal 0 0 1
    outer loop
      vertex 63.76 40.900000000000006 2
      vertex 68.02 35.25 2
      vertex 79.02 35.25 2
    endloop
  endfacet
  facet normal 0 0 1
    outer loop
      vertex 63.76 40.900000000000006 2
      vertex 79.02 35.25 2
      vertex 83.28 40.900000000000006 2
    endloop
  endfacet
  facet normal 0 -1 0
    outer loop
      vertex 63.76 40.900000000000006 2
      vertex 83.28 40.900000000000006 2
      vertex 83.28 40.900000000000006 11.309999999999999
    endloop
  endfacet
  facet normal -1 0 0
    outer loop
      vertex 83.28 1.6 11.309999999999999
      vertex 83.28 40.900000000000006 11.309999999999999
      vertex 83.28 40.900000000000006 2
    endloop
  endfacet
  facet normal 0 -1 0
    outer loop
      vertex 63.76 40.900000000000006 2
      vertex 83.28 40.900000000000006 11.309999999999999
      vertex 63.76 40.900000000000006 11.309999999999999
    endloop
  endfacet
  facet normal 0 -1 0
    outer loop
      vertex 5.859999999999999 7.2500000000000036 2
      vertex 16.86 7.2500000000000036 2.8
      vertex 5.859999999999999 7.2500000000000036 2.8
    endloop
  endfacet
  facet normal 0 -1 0
    outer loop
      vertex 5.859999999999999 7.2500000000000036 2
      vertex 16.86 7.2500000000000036 2
      vertex 16.86 7.2500000000000036 2.8
    endloop
  endfacet
  facet normal 0 0 1
    outer loop
      vertex 5.859999999999999 7.2500000000000036 2.8
      vertex 7.824466094067262 17.714466094067266 2.8
      vertex 7.494947733186315 18.078033579181778 2.8
    endloop
  endfacet
  facet normal 0 0 1
    outer loop
      vertex 5.859999999999999 7.2500000000000036 2.8
      vertex 7.494947733186315 18.078033579181778 2.8
      vertex 7.202651938487273 18.472148834901994 2.8
    endloop
  endfacet
  facet normal -1 0 0
    outer loop
      vertex 5.859999999999999 7.2500000000000036 2
      vertex 5.859999999999999 7.2500000000000036 2.8
      vertex 5.859999999999999 35.25 2.8
    endloop
  endfacet
  facet normal 0 0 1
    outer loop
      vertex 5.859999999999999 7.2500000000000036 2.8
      vertex 6.7406023374435655 19.336582838174554 2.8
      vertex 6.5752983213389555 19.798576613727693 2.8
    endloop
  endfacet
  facet normal 0 0 1
    outer loop
      vertex 5.859999999999999 7.2500000000000036 2.8
      vertex 7.202651938487273 18.472148834901994 2.8
      vertex 6.950393678258224 18.893016315870014 2.8
    endloop
  endfacet
  facet normal 0 0 1
    outer loop
      vertex 5.859999999999999 7.2500000000000036 2.8
      vertex 6.950393678258224 18.893016315870014 2.8
      vertex 6.7406023374435655 19.336582838174554 2.8
    endloop
  endfacet
  facet normal 0 0 1
    outer loop
      vertex 5.859999999999999 7.2500000000000036 2.8
      vertex 6.5752983213389555 19.798576613727693 2.8
      vertex 6.456073597983847 20.274548389919364 2.8
    endloop
  endfacet
  facet normal 0 0 1
    outer loop
      vertex 5.859999999999999 7.2500000000000036 2.8
      vertex 6.456073597983847 20.274548389919364 2.8
      vertex 6.384076366639015 20.7599142983522 2.8
    endloop
  endfacet
  facet normal 0 0 1
    outer loop
      vertex 5.859999999999999 7.2500000000000036 2.8
      vertex 6.384076366639015 20.7599142983522 2.8
      vertex 6.359999999999999 21.250000000000004 2.8
    endloop
  endfacet
  facet normal 0 0 1
    outer loop
      vertex 5.859999999999999 7.2500000000000036 2.8
      vertex 6.359999999999999 21.250000000000004 2.8
      vertex 5.859999999999999 35.25 2.8
    endloop
  endfacet
  facet normal 0 0 1
    outer loop
      vertex 5.859999999999999 7.2500000000000036 2.8
      vertex 16.86 7.2500000000000036 2.8
      vertex 12.335451610080641 16.346073597983853 2.8
    endloop
  endfacet
  facet normal 0 0 1
    outer loop
      vertex 5.859999999999999 7.2500000000000036 2.8
      vertex 8.58214883490199 17.09265193848728 2.8
      vertex 8.188033579181772 17.38494773318632 2.8
    endloop
  endfacet
  facet normal 0 0 1
    outer loop
      vertex 5.859999999999999 7.2500000000000036 2.8
      vertex 9.003016315870012 16.840393678258227 2.8
      vertex 8.58214883490199 17.09265193848728 2.8
    endloop
  endfacet
  facet normal 0 0 1
    outer loop
      vertex 5.859999999999999 7.2500000000000036 2.8
      vertex 9.44658283817455 16.63060233744357 2.8
      vertex 9.003016315870012 16.840393678258227 2.8
    endloop
  endfacet
  facet normal 0 0 1
    outer loop
      vertex 5.859999999999999 7.2500000000000036 2.8
      vertex 9.908576613727687 16.46529832133896 2.8
      vertex 9.44658283817455 16.63060233744357 2.8
    endloop
  endfacet
  facet normal 0 0 1
    outer loop
      vertex 5.859999999999999 7.2500000000000036 2.8
      vertex 8.188033579181772 17.38494773318632 2.8
      vertex 7.824466094067262 17.714466094067266 2.8
    endloop
  endfacet
  facet normal 0 0 1
    outer loop
      vertex 5.859999999999999 7.2500000000000036 2.8
      vertex 10.384548389919358 16.346073597983853 2.8
      vertex 9.908576613727687 16.46529832133896 2.8
    endloop
  endfacet
  facet normal 0 0 1
    outer loop
      vertex 5.859999999999999 7.2500000000000036 2.8
      vertex 10.869914298352196 16.27407636663902 2.8
      vertex 10.384548389919358 16.346073597983853 2.8
    endloop
  endfacet
  facet normal 0 0 1
    outer loop
      vertex 5.859999999999999 7.2500000000000036 2.8
      vertex 11.36 16.250000000000004 2.8
      vertex 10.869914298352196 16.27407636663902 2.8
    endloop
  endfacet
  facet normal 0 0 1
    outer loop
      vertex 5.859999999999999 7.2500000000000036 2.8
      vertex 11.850085701647803 16.27407636663902 2.8
      vertex 11.36 16.250000000000004 2.8
    endloop
  endfacet
  facet normal 0 0 1
    outer loop
      vertex 5.859999999999999 7.2500000000000036 2.8
      vertex 12.335451610080641 16.346073597983853 2.8
      vertex 11.850085701647803 16.27407636663902 2.8
    endloop
  endfacet
  facet normal 0 0 1
    outer loop
      vertex 16.86 7.2500000000000036 2.8
      vertex 12.811423386272311 16.46529832133896 2.8
      vertex 12.335451610080641 16.346073597983853 2.8
    endloop
  endfacet
  facet normal 0 0 1
    outer loop
      vertex 16.86 7.2500000000000036 2.8
      vertex 13.27341716182545 16.63060233744357 2.8
      vertex 12.811423386272311 16.46529832133896 2.8
    endloop
  endfacet
  facet normal 0 0 1
    outer loop
      vertex 16.86 7.2500000000000036 2.8
      vertex 13.716983684129987 16.840393678258227 2.8
      vertex 13.27341716182545 16.63060233744357 2.8
    endloop
  endfacet
  facet normal 0 0 1
    outer loop
      vertex 16.86 7.2500000000000036 2.8
      vertex 14.13785116509801 17.09265193848728 2.8
      vertex 13.716983684129987 16.840393678258227 2.8
    endloop
  endfacet
  facet normal 0 0 1
    outer loop
      vertex 16.86 7.2500000000000036 2.8
      vertex 14.531966420818227 17.38494773318632 2.8
      vertex 14.13785116509801 17.09265193848728 2.8
    endloop
  endfacet
  facet normal 0 0 1
    outer loop
      vertex 16.86 7.2500000000000036 2.8
      vertex 14.895533905932737 17.714466094067266 2.8
      vertex 14.531966420818227 17.38494773318632 2.8
    endloop
  endfacet
  facet normal 0 0 1
    outer loop
      vertex 16.86 7.2500000000000036 2.8
      vertex 15.225052266813684 18.078033579181778 2.8
      vertex 14.895533905932737 17.714466094067266 2.8
    endloop
  endfacet
  facet normal 0 0 1
    outer loop
      vertex 16.86 7.2500000000000036 2.8
      vertex 15.517348061512726 18.472148834901994 2.8
      vertex 15.225052266813684 18.078033579181778 2.8
    endloop
  endfacet
  facet normal 1 0 0
    outer loop
      vertex 16.86 7.2500000000000036 2
      vertex 16.86 35.25 2
      vertex 16.86 7.2500000000000036 2.8
    endloop
  endfacet
  facet normal 0 0 1
    outer loop
      vertex 16.86 7.2500000000000036 2.8
      vertex 15.769606321741776 18.893016315870014 2.8
      vertex 15.517348061512726 18.472148834901994 2.8
    endloop
  endfacet
  facet normal 0 0 1
    outer loop
      vertex 16.86 7.2500000000000036 2.8
      vertex 15.979397662556433 19.336582838174554 2.8
      vertex 15.769606321741776 18.893016315870014 2.8
    endloop
  endfacet
  facet normal 0 0 1
    outer loop
      vertex 16.86 7.2500000000000036 2.8
      vertex 16.144701678661043 19.798576613727693 2.8
      vertex 15.979397662556433 19.336582838174554 2.8
    endloop
  endfacet
  facet normal 0 0 1
    outer loop
      vertex 16.86 7.2500000000000036 2.8
      vertex 16.263926402016153 20.274548389919364 2.8
      vertex 16.144701678661043 19.798576613727693 2.8
    endloop
  endfacet
  facet normal 0 0 1
    outer loop
      vertex 16.86 7.2500000000000036 2.8
      vertex 16.335923633360984 20.7599142983522 2.8
      vertex 16.263926402016153 20.274548389919364 2.8
    endloop
  endfacet
  facet normal 0 0 1
    outer loop
      vertex 16.86 7.2500000000000036 2.8
      vertex 16.36 21.250000000000004 2.8
      vertex 16.335923633360984 20.7599142983522 2.8
    endloop
  endfacet
  facet normal 0 0 1
    outer loop
      vertex 16.86 7.2500000000000036 2.8
      vertex 16.86 35.25 2.8
      vertex 16.36 21.250000000000004 2.8
    endloop
  endfacet
  facet normal -1 0 0
    outer loop
      vertex 5.859999999999999 7.2500000000000036 2
      vertex 5.859999999999999 35.25 2.8
      vertex 5.859999999999999 35.25 2
    endloop
  endfacet
  facet normal 0 0 1
    outer loop
      vertex 5.859999999999999 35.25 2.8
      vertex 6.359999999999999 21.250000000000004 2.8
      vertex 6.384076366639015 21.740085701647807 2.8
    endloop
  endfacet
  facet normal 0 0 1
    outer loop
      vertex 5.859999999999999 35.25 2.8
      vertex 6.384076366639015 21.740085701647807 2.8
      vertex 6.456073597983847 22.225451610080643 2.8
    endloop
  endfacet
  facet normal 0 0 1
    outer loop
      vertex 5.859999999999999 35.25 2.8
      vertex 6.456073597983847 22.225451610080643 2.8
      vertex 6.5752983213389555 22.701423386272314 2.8
    endloop
  endfacet
  facet normal 0 0 1
    outer loop
      vertex 5.859999999999999 35.25 2.8
      vertex 6.5752983213389555 22.701423386272314 2.8
      vertex 6.7406023374435655 23.163417161825453 2.8
    endloop
  endfacet
  facet normal 0 0 1
    outer loop
      vertex 5.859999999999999 35.25 2.8
      vertex 6.7406023374435655 23.163417161825453 2.8
      vertex 6.950393678258224 23.606983684129993 2.8
    endloop
  endfacet
  facet normal 0 0 1
    outer loop
      vertex 5.859999999999999 35.25 2.8
      vertex 6.950393678258224 23.606983684129993 2.8
      vertex 7.202651938487273 24.027851165098014 2.8
    endloop
  endfacet
  facet normal 0 0 1
    outer loop
      vertex 5.859999999999999 35.25 2.8
      vertex 7.202651938487273 24.027851165098014 2.8
      vertex 7.494947733186315 24.42196642081823 2.8
    endloop
  endfacet
  facet normal 0 0 1
    outer loop
      vertex 5.859999999999999 35.25 2.8
      vertex 7.494947733186315 24.42196642081823 2.8
      vertex 7.824466094067262 24.78553390593274 2.8
    endloop
  endfacet
  facet normal 1 0 0
    outer loop
      vertex 16.86 7.2500000000000036 2.8
      vertex 16.86 35.25 2
      vertex 16.86 35.25 2.8
    endloop
  endfacet
  facet normal 0 0 1
    outer loop
      vertex 16.86 35.25 2.8
      vertex 16.335923633360984 21.740085701647807 2.8
      vertex 16.36 21.250000000000004 2.8
    endloop
  endfacet
  facet normal 0 0 1
    outer loop
      vertex 16.86 35.25 2.8
      vertex 16.263926402016153 22.225451610080643 2.8
      vertex 16.335923633360984 21.740085701647807 2.8
    endloop
  endfacet
  facet normal 0 0 1
    outer loop
      vertex 16.86 35.25 2.8
      vertex 16.144701678661043 22.701423386272314 2.8
      vertex 16.263926402016153 22.225451610080643 2.8
    endloop
  endfacet
  facet normal 0 0 1
    outer loop
      vertex 16.86 35.25 2.8
      vertex 15.979397662556433 23.163417161825453 2.8
      vertex 16.144701678661043 22.701423386272314 2.8
    endloop
  endfacet
  facet normal 0 0 1
    outer loop
      vertex 16.86 35.25 2.8
      vertex 15.769606321741776 23.606983684129993 2.8
      vertex 15.979397662556433 23.163417161825453 2.8
    endloop
  endfacet
  facet normal 0 0 1
    outer loop
      vertex 16.86 35.25 2.8
      vertex 15.517348061512726 24.027851165098014 2.8
      vertex 15.769606321741776 23.606983684129993 2.8
    endloop
  endfacet
  facet normal 0 0 1
    outer loop
      vertex 5.859999999999999 35.25 2.8
      vertex 7.824466094067262 24.78553390593274 2.8
      vertex 8.188033579181772 25.115052266813688 2.8
    endloop
  endfacet
  facet normal 0 0 1
    outer loop
      vertex 5.859999999999999 35.25 2.8
      vertex 8.188033579181772 25.115052266813688 2.8
      vertex 8.58214883490199 25.407348061512728 2.8
    endloop
  endfacet
  facet normal 0 0 1
    outer loop
      vertex 5.859999999999999 35.25 2.8
      vertex 8.58214883490199 25.407348061512728 2.8
      vertex 9.003016315870012 25.65960632174178 2.8
    endloop
  endfacet
  facet normal 0 0 1
    outer loop
      vertex 5.859999999999999 35.25 2.8
      vertex 9.003016315870012 25.65960632174178 2.8
      vertex 9.44658283817455 25.869397662556437 2.8
    endloop
  endfacet
  facet normal 0 0 1
    outer loop
      vertex 5.859999999999999 35.25 2.8
      vertex 9.44658283817455 25.869397662556437 2.8
      vertex 9.908576613727687 26.034701678661047 2.8
    endloop
  endfacet
  facet normal 0 0 1
    outer loop
      vertex 5.859999999999999 35.25 2.8
      vertex 9.908576613727687 26.034701678661047 2.8
      vertex 10.384548389919358 26.153926402016154 2.8
    endloop
  endfacet
  facet normal 0 0 1
    outer loop
      vertex 16.86 35.25 2.8
      vertex 10.384548389919358 26.153926402016154 2.8
      vertex 10.869914298352196 26.22592363336099 2.8
    endloop
  endfacet
  facet normal 0 0 1
    outer loop
      vertex 16.86 35.25 2.8
      vertex 10.869914298352196 26.22592363336099 2.8
      vertex 11.36 26.250000000000004 2.8
    endloop
  endfacet
  facet normal 0 0 1
    outer loop
      vertex 5.859999999999999 35.25 2.8
      vertex 10.384548389919358 26.153926402016154 2.8
      vertex 16.86 35.25 2.8
    endloop
  endfacet
  facet normal 0 0 1
    outer loop
      vertex 16.86 35.25 2.8
      vertex 11.36 26.250000000000004 2.8
      vertex 11.850085701647803 26.22592363336099 2.8
    endloop
  endfacet
  facet normal 0 0 1
    outer loop
      vertex 16.86 35.25 2.8
      vertex 11.850085701647803 26.22592363336099 2.8
      vertex 12.335451610080641 26.153926402016154 2.8
    endloop
  endfacet
  facet normal 0 0 1
    outer loop
      vertex 16.86 35.25 2.8
      vertex 12.335451610080641 26.153926402016154 2.8
      vertex 12.811423386272311 26.034701678661047 2.8
    endloop
  endfacet
  facet normal 0 0 1
    outer loop
      vertex 16.86 35.25 2.8
      vertex 12.811423386272311 26.034701678661047 2.8
      vertex 13.27341716182545 25.869397662556437 2.8
    endloop
  endfacet
  facet normal 0 0 1
    outer loop
      vertex 16.86 35.25 2.8
      vertex 15.225052266813684 24.42196642081823 2.8
      vertex 15.517348061512726 24.027851165098014 2.8
    endloop
  endfacet
  facet normal 0 0 1
    outer loop
      vertex 16.86 35.25 2.8
      vertex 14.531966420818227 25.115052266813688 2.8
      vertex 14.895533905932737 24.78553390593274 2.8
    endloop
  endfacet
  facet normal 0 0 1
    outer loop
      vertex 16.86 35.25 2.8
      vertex 14.895533905932737 24.78553390593274 2.8
      vertex 15.225052266813684 24.42196642081823 2.8
    endloop
  endfacet
  facet normal 0 0 1
    outer loop
      vertex 16.86 35.25 2.8
      vertex 13.716983684129987 25.65960632174178 2.8
      vertex 14.13785116509801 25.407348061512728 2.8
    endloop
  endfacet
  facet normal 0 0 1
    outer loop
      vertex 16.86 35.25 2.8
      vertex 14.13785116509801 25.407348061512728 2.8
      vertex 14.531966420818227 25.115052266813688 2.8
    endloop
  endfacet
  facet normal 0 0 1
    outer loop
      vertex 16.86 35.25 2.8
      vertex 13.27341716182545 25.869397662556437 2.8
      vertex 13.716983684129987 25.65960632174178 2.8
    endloop
  endfacet
  facet normal 0 1 0
    outer loop
      vertex 5.859999999999999 35.25 2
      vertex 5.859999999999999 35.25 2.8
      vertex 16.86 35.25 2
    endloop
  endfacet
  facet normal 0 1 0
    outer loop
      vertex 5.859999999999999 35.25 2.8
      vertex 16.86 35.25 2.8
      vertex 16.86 35.25 2
    endloop
  endfacet
  facet normal 0 -1 0
    outer loop
      vertex 26.58 7.2500000000000036 2
      vertex 37.58 7.2500000000000036 2.8
      vertex 26.58 7.2500000000000036 2.8
    endloop
  endfacet
  facet normal 0 -1 0
    outer loop
      vertex 26.58 7.2500000000000036 2
      vertex 37.58 7.2500000000000036 2
      vertex 37.58 7.2500000000000036 2.8
    endloop
  endfacet
  facet normal 0 0 1
    outer loop
      vertex 26.58 7.2500000000000036 2.8
      vertex 28.214947733186314 18.078033579181778 2.8
      vertex 27.92265193848727 18.472148834901994 2.8
    endloop
  endfacet
  facet normal 0 0 1
    outer loop
      vertex 26.58 7.2500000000000036 2.8
      vertex 29.30214883490199 17.09265193848728 2.8
      vertex 28.90803357918177 17.38494773318632 2.8
    endloop
  endfacet
  facet normal 0 0 1
    outer loop
      vertex 26.58 7.2500000000000036 2.8
      vertex 30.16658283817455 16.63060233744357 2.8
      vertex 29.72301631587001 16.840393678258227 2.8
    endloop
  endfacet
  facet normal 0 0 1
    outer loop
      vertex 26.58 7.2500000000000036 2.8
      vertex 30.628576613727688 16.46529832133896 2.8
      vertex 30.16658283817455 16.63060233744357 2.8
    endloop
  endfacet
  facet normal 0 0 1
    outer loop
      vertex 26.58 7.2500000000000036 2.8
      vertex 29.72301631587001 16.840393678258227 2.8
      vertex 29.30214883490199 17.09265193848728 2.8
    endloop
  endfacet
  facet normal 0 0 1
    outer loop
      vertex 26.58 7.2500000000000036 2.8
      vertex 28.90803357918177 17.38494773318632 2.8
      vertex 28.54446609406726 17.714466094067266 2.8
    endloop
  endfacet
  facet normal 0 0 1
    outer loop
      vertex 26.58 7.2500000000000036 2.8
      vertex 28.54446609406726 17.714466094067266 2.8
      vertex 28.214947733186314 18.078033579181778 2.8
    endloop
  endfacet
  facet normal 0 0 1
    outer loop
      vertex 26.58 7.2500000000000036 2.8
      vertex 31.10454838991936 16.346073597983853 2.8
      vertex 30.628576613727688 16.46529832133896 2.8
    endloop
  endfacet
  facet normal 0 0 1
    outer loop
      vertex 26.58 7.2500000000000036 2.8
      vertex 31.589914298352195 16.27407636663902 2.8
      vertex 31.10454838991936 16.346073597983853 2.8
    endloop
  endfacet
  facet normal 0 0 1
    outer loop
      vertex 26.58 7.2500000000000036 2.8
      vertex 32.08 16.250000000000004 2.8
      vertex 31.589914298352195 16.27407636663902 2.8
    endloop
  endfacet
  facet normal 0 0 1
    outer loop
      vertex 26.58 7.2500000000000036 2.8
      vertex 32.5700857016478 16.27407636663902 2.8
      vertex 32.08 16.250000000000004 2.8
    endloop
  endfacet
  facet normal -1 0 0
    outer loop
      vertex 26.58 7.2500000000000036 2
      vertex 26.58 7.2500000000000036 2.8
      vertex 26.58 35.25 2.8
    endloop
  endfacet
  facet normal 0 0 1
    outer loop
      vertex 26.58 7.2500000000000036 2.8
      vertex 27.670393678258222 18.893016315870014 2.8
      vertex 27.460602337443564 19.336582838174554 2.8
    endloop
  endfacet
  facet normal 0 0 1
    outer loop
      vertex 26.58 7.2500000000000036 2.8
      vertex 27.92265193848727 18.472148834901994 2.8
      vertex 27.670393678258222 18.893016315870014 2.8
    endloop
  endfacet
  facet normal 0 0 1
    outer loop
      vertex 26.58 7.2500000000000036 2.8
      vertex 27.460602337443564 19.336582838174554 2.8
      vertex 27.295298321338954 19.798576613727693 2.8
    endloop
  endfacet
  facet normal 0 0 1
    outer loop
      vertex 26.58 7.2500000000000036 2.8
      vertex 27.295298321338954 19.798576613727693 2.8
      vertex 27.176073597983844 20.274548389919364 2.8
    endloop
  endfacet
  facet normal 0 0 1
    outer loop
      vertex 26.58 7.2500000000000036 2.8
      vertex 27.176073597983844 20.274548389919364 2.8
      vertex 27.104076366639013 20.7599142983522 2.8
    endloop
  endfacet
  facet normal 0 0 1
    outer loop
      vertex 26.58 7.2500000000000036 2.8
      vertex 27.104076366639013 20.7599142983522 2.8
      vertex 27.08 21.250000000000004 2.8
    endloop
  endfacet
  facet normal 0 0 1
    outer loop
      vertex 26.58 7.2500000000000036 2.8
      vertex 27.08 21.250000000000004 2.8
      vertex 26.58 35.25 2.8
    endloop
  endfacet
  facet normal 0 0 1
    outer loop
      vertex 26.58 7.2500000000000036 2.8
      vertex 37.58 7.2500000000000036 2.8
      vertex 33.05545161008064 16.346073597983853 2.8
    endloop
  endfacet
  facet normal 0 0 1
    outer loop
      vertex 26.58 7.2500000000000036 2.8
      vertex 33.05545161008064 16.346073597983853 2.8
      vertex 32.5700857016478 16.27407636663902 2.8
    endloop
  endfacet
  facet normal 0 0 1
    outer loop
      vertex 37.58 7.2500000000000036 2.8
      vertex 33.53142338627231 16.46529832133896 2.8
      vertex 33.05545161008064 16.346073597983853 2.8
    endloop
  endfacet
  facet normal 0 0 1
    outer loop
      vertex 37.58 7.2500000000000036 2.8
      vertex 33.99341716182545 16.63060233744357 2.8
      vertex 33.53142338627231 16.46529832133896 2.8
    endloop
  endfacet
  facet normal 0 0 1
    outer loop
      vertex 37.58 7.2500000000000036 2.8
      vertex 34.436983684129984 16.840393678258227 2.8
      vertex 33.99341716182545 16.63060233744357 2.8
    endloop
  endfacet
  facet normal 0 0 1
    outer loop
      vertex 37.58 7.2500000000000036 2.8
      vertex 34.85785116509801 17.09265193848728 2.8
      vertex 34.436983684129984 16.840393678258227 2.8
    endloop
  endfacet
  facet normal 0 0 1
    outer loop
      vertex 37.58 7.2500000000000036 2.8
      vertex 35.25196642081823 17.38494773318632 2.8
      vertex 34.85785116509801 17.09265193848728 2.8
    endloop
  endfacet
  facet normal 0 0 1
    outer loop
      vertex 37.58 7.2500000000000036 2.8
      vertex 35.615533905932736 17.714466094067266 2.8
      vertex 35.25196642081823 17.38494773318632 2.8
    endloop
  endfacet
  facet normal 0 0 1
    outer loop
      vertex 37.58 7.2500000000000036 2.8
      vertex 35.94505226681368 18.078033579181778 2.8
      vertex 35.615533905932736 17.714466094067266 2.8
    endloop
  endfacet
  facet normal 0 0 1
    outer loop
      vertex 37.58 7.2500000000000036 2.8
      vertex 36.237348061512726 18.472148834901994 2.8
      vertex 35.94505226681368 18.078033579181778 2.8
    endloop
  endfacet
  facet normal 1 0 0
    outer loop
      vertex 37.58 7.2500000000000036 2
      vertex 37.58 35.25 2
      vertex 37.58 7.2500000000000036 2.8
    endloop
  endfacet
  facet normal 0 0 1
    outer loop
      vertex 37.58 7.2500000000000036 2.8
      vertex 36.489606321741775 18.893016315870014 2.8
      vertex 36.237348061512726 18.472148834901994 2.8
    endloop
  endfacet
  facet normal 0 0 1
    outer loop
      vertex 37.58 7.2500000000000036 2.8
      vertex 36.699397662556436 19.336582838174554 2.8
      vertex 36.489606321741775 18.893016315870014 2.8
    endloop
  endfacet
  facet normal 0 0 1
    outer loop
      vertex 37.58 7.2500000000000036 2.8
      vertex 36.86470167866104 19.798576613727693 2.8
      vertex 36.699397662556436 19.336582838174554 2.8
    endloop
  endfacet
  facet normal 0 0 1
    outer loop
      vertex 37.58 7.2500000000000036 2.8
      vertex 36.98392640201615 20.274548389919364 2.8
      vertex 36.86470167866104 19.798576613727693 2.8
    endloop
  endfacet
  facet normal 0 0 1
    outer loop
      vertex 37.58 7.2500000000000036 2.8
      vertex 37.05592363336098 20.7599142983522 2.8
      vertex 36.98392640201615 20.274548389919364 2.8
    endloop
  endfacet
  facet normal 0 0 1
    outer loop
      vertex 37.58 7.2500000000000036 2.8
      vertex 37.08 21.250000000000004 2.8
      vertex 37.05592363336098 20.7599142983522 2.8
    endloop
  endfacet
  facet normal 0 0 1
    outer loop
      vertex 37.58 7.2500000000000036 2.8
      vertex 37.58 35.25 2.8
      vertex 37.08 21.250000000000004 2.8
    endloop
  endfacet
  facet normal -1 0 0
    outer loop
      vertex 26.58 7.2500000000000036 2
      vertex 26.58 35.25 2.8
      vertex 26.58 35.25 2
    endloop
  endfacet
  facet normal 0 0 1
    outer loop
      vertex 26.58 35.25 2.8
      vertex 27.08 21.250000000000004 2.8
      vertex 27.104076366639013 21.740085701647807 2.8
    endloop
  endfacet
  facet normal 0 0 1
    outer loop
      vertex 26.58 35.25 2.8
      vertex 27.104076366639013 21.740085701647807 2.8
      vertex 27.176073597983844 22.225451610080643 2.8
    endloop
  endfacet
  facet normal 0 0 1
    outer loop
      vertex 26.58 35.25 2.8
      vertex 27.176073597983844 22.225451610080643 2.8
      vertex 27.295298321338954 22.701423386272314 2.8
    endloop
  endfacet
  facet normal 0 0 1
    outer loop
      vertex 26.58 35.25 2.8
      vertex 27.295298321338954 22.701423386272314 2.8
      vertex 27.460602337443564 23.163417161825453 2.8
    endloop
  endfacet
  facet normal 0 0 1
    outer loop
      vertex 26.58 35.25 2.8
      vertex 27.460602337443564 23.163417161825453 2.8
      vertex 27.670393678258222 23.606983684129993 2.8
    endloop
  endfacet
  facet normal 0 0 1
    outer loop
      vertex 26.58 35.25 2.8
      vertex 27.670393678258222 23.606983684129993 2.8
      vertex 27.92265193848727 24.027851165098014 2.8
    endloop
  endfacet
  facet normal 0 0 1
    outer loop
      vertex 26.58 35.25 2.8
      vertex 27.92265193848727 24.027851165098014 2.8
      vertex 28.214947733186314 24.42196642081823 2.8
    endloop
  endfacet
  facet normal 0 0 1
    outer loop
      vertex 26.58 35.25 2.8
      vertex 28.214947733186314 24.42196642081823 2.8
      vertex 28.54446609406726 24.78553390593274 2.8
    endloop
  endfacet
  facet normal 0 0 1
    outer loop
      vertex 26.58 35.25 2.8
      vertex 28.54446609406726 24.78553390593274 2.8
      vertex 28.90803357918177 25.115052266813688 2.8
    endloop
  endfacet
  facet normal 0 0 1
    outer loop
      vertex 26.58 35.25 2.8
      vertex 28.90803357918177 25.115052266813688 2.8
      vertex 29.30214883490199 25.407348061512728 2.8
    endloop
  endfacet
  facet normal 0 0 1
    outer loop
      vertex 26.58 35.25 2.8
      vertex 29.30214883490199 25.407348061512728 2.8
      vertex 29.72301631587001 25.65960632174178 2.8
    endloop
  endfacet
  facet normal 0 0 1
    outer loop
      vertex 26.58 35.25 2.8
      vertex 29.72301631587001 25.65960632174178 2.8
      vertex 30.16658283817455 25.869397662556437 2.8
    endloop
  endfacet
  facet normal 0 0 1
    outer loop
      vertex 26.58 35.25 2.8
      vertex 30.16658283817455 25.869397662556437 2.8
      vertex 30.628576613727688 26.034701678661047 2.8
    endloop
  endfacet
  facet normal 0 0 1
    outer loop
      vertex 26.58 35.25 2.8
      vertex 30.628576613727688 26.034701678661047 2.8
      vertex 31.10454838991936 26.153926402016154 2.8
    endloop
  endfacet
  facet normal 1 0 0
    outer loop
      vertex 37.58 7.2500000000000036 2.8
      vertex 37.58 35.25 2
      vertex 37.58 35.25 2.8
    endloop
  endfacet
  facet normal 0 0 1
    outer loop
      vertex 37.58 35.25 2.8
      vertex 37.05592363336098 21.740085701647807 2.8
      vertex 37.08 21.250000000000004 2.8
    endloop
  endfacet
  facet normal 0 0 1
    outer loop
      vertex 37.58 35.25 2.8
      vertex 36.98392640201615 22.225451610080643 2.8
      vertex 37.05592363336098 21.740085701647807 2.8
    endloop
  endfacet
  facet normal 0 0 1
    outer loop
      vertex 37.58 35.25 2.8
      vertex 36.86470167866104 22.701423386272314 2.8
      vertex 36.98392640201615 22.225451610080643 2.8
    endloop
  endfacet
  facet normal 0 0 1
    outer loop
      vertex 37.58 35.25 2.8
      vertex 36.699397662556436 23.163417161825453 2.8
      vertex 36.86470167866104 22.701423386272314 2.8
    endloop
  endfacet
  facet normal 0 0 1
    outer loop
      vertex 37.58 35.25 2.8
      vertex 36.489606321741775 23.606983684129993 2.8
      vertex 36.699397662556436 23.163417161825453 2.8
    endloop
  endfacet
  facet normal 0 0 1
    outer loop
      vertex 37.58 35.25 2.8
      vertex 36.237348061512726 24.027851165098014 2.8
      vertex 36.489606321741775 23.606983684129993 2.8
    endloop
  endfacet
  facet normal 0 0 1
    outer loop
      vertex 37.58 35.25 2.8
      vertex 31.10454838991936 26.153926402016154 2.8
      vertex 31.589914298352195 26.22592363336099 2.8
    endloop
  endfacet
  facet normal 0 0 1
    outer loop
      vertex 37.58 35.25 2.8
      vertex 31.589914298352195 26.22592363336099 2.8
      vertex 32.08 26.250000000000004 2.8
    endloop
  endfacet
  facet normal 0 0 1
    outer loop
      vertex 37.58 35.25 2.8
      vertex 32.08 26.250000000000004 2.8
      vertex 32.5700857016478 26.22592363336099 2.8
    endloop
  endfacet
  facet normal 0 0 1
    outer loop
      vertex 37.58 35.25 2.8
      vertex 32.5700857016478 26.22592363336099 2.8
      vertex 33.05545161008064 26.153926402016154 2.8
    endloop
  endfacet
  facet normal 0 0 1
    outer loop
      vertex 37.58 35.25 2.8
      vertex 33.05545161008064 26.153926402016154 2.8
      vertex 33.53142338627231 26.034701678661047 2.8
    endloop
  endfacet
  facet normal 0 0 1
    outer loop
      vertex 37.58 35.25 2.8
      vertex 33.53142338627231 26.034701678661047 2.8
      vertex 33.99341716182545 25.869397662556437 2.8
    endloop
  endfacet
  facet normal 0 0 1
    outer loop
      vertex 37.58 35.25 2.8
      vertex 35.25196642081823 25.115052266813688 2.8
      vertex 35.615533905932736 24.78553390593274 2.8
    endloop
  endfacet
  facet normal 0 0 1
    outer loop
      vertex 37.58 35.25 2.8
      vertex 35.615533905932736 24.78553390593274 2.8
      vertex 35.94505226681368 24.42196642081823 2.8
    endloop
  endfacet
  facet normal 0 0 1
    outer loop
      vertex 37.58 35.25 2.8
      vertex 34.436983684129984 25.65960632174178 2.8
      vertex 34.85785116509801 25.407348061512728 2.8
    endloop
  endfacet
  facet normal 0 0 1
    outer loop
      vertex 37.58 35.25 2.8
      vertex 33.99341716182545 25.869397662556437 2.8
      vertex 34.436983684129984 25.65960632174178 2.8
    endloop
  endfacet
  facet normal 0 0 1
    outer loop
      vertex 37.58 35.25 2.8
      vertex 34.85785116509801 25.407348061512728 2.8
      vertex 35.25196642081823 25.115052266813688 2.8
    endloop
  endfacet
  facet normal 0 0 1
    outer loop
      vertex 26.58 35.25 2.8
      vertex 31.10454838991936 26.153926402016154 2.8
      vertex 37.58 35.25 2.8
    endloop
  endfacet
  facet normal 0 0 1
    outer loop
      vertex 37.58 35.25 2.8
      vertex 35.94505226681368 24.42196642081823 2.8
      vertex 36.237348061512726 24.027851165098014 2.8
    endloop
  endfacet
  facet normal 0 1 0
    outer loop
      vertex 26.58 35.25 2
      vertex 26.58 35.25 2.8
      vertex 37.58 35.25 2
    endloop
  endfacet
  facet normal 0 1 0
    outer loop
      vertex 26.58 35.25 2.8
      vertex 37.58 35.25 2.8
      vertex 37.58 35.25 2
    endloop
  endfacet
  facet normal 0 -1 0
    outer loop
      vertex 47.3 7.2500000000000036 2
      vertex 58.3 7.2500000000000036 2.8
      vertex 47.3 7.2500000000000036 2.8
    endloop
  endfacet
  facet normal 0 -1 0
    outer loop
      vertex 47.3 7.2500000000000036 2
      vertex 58.3 7.2500000000000036 2
      vertex 58.3 7.2500000000000036 2.8
    endloop
  endfacet
  facet normal 0 0 1
    outer loop
      vertex 47.3 7.2500000000000036 2.8
      vertex 48.93494773318631 18.078033579181778 2.8
      vertex 48.64265193848727 18.472148834901994 2.8
    endloop
  endfacet
  facet normal 0 0 1
    outer loop
      vertex 47.3 7.2500000000000036 2.8
      vertex 58.3 7.2500000000000036 2.8
      vertex 53.77545161008064 16.346073597983853 2.8
    endloop
  endfacet
  facet normal 0 0 1
    outer loop
      vertex 47.3 7.2500000000000036 2.8
      vertex 50.022148834901984 17.09265193848728 2.8
      vertex 49.62803357918177 17.38494773318632 2.8
    endloop
  endfacet
  facet normal 0 0 1
    outer loop
      vertex 47.3 7.2500000000000036 2.8
      vertex 50.88658283817455 16.63060233744357 2.8
      vertex 50.44301631587001 16.840393678258227 2.8
    endloop
  endfacet
  facet normal 0 0 1
    outer loop
      vertex 47.3 7.2500000000000036 2.8
      vertex 50.44301631587001 16.840393678258227 2.8
      vertex 50.022148834901984 17.09265193848728 2.8
    endloop
  endfacet
  facet normal 0 0 1
    outer loop
      vertex 47.3 7.2500000000000036 2.8
      vertex 49.26446609406726 17.714466094067266 2.8
      vertex 48.93494773318631 18.078033579181778 2.8
    endloop
  endfacet
  facet normal 0 0 1
    outer loop
      vertex 47.3 7.2500000000000036 2.8
      vertex 49.62803357918177 17.38494773318632 2.8
      vertex 49.26446609406726 17.714466094067266 2.8
    endloop
  endfacet
  facet normal 0 0 1
    outer loop
      vertex 47.3 7.2500000000000036 2.8
      vertex 51.34857661372769 16.46529832133896 2.8
      vertex 50.88658283817455 16.63060233744357 2.8
    endloop
  endfacet
  facet normal 0 0 1
    outer loop
      vertex 47.3 7.2500000000000036 2.8
      vertex 51.82454838991936 16.346073597983853 2.8
      vertex 51.34857661372769 16.46529832133896 2.8
    endloop
  endfacet
  facet normal 0 0 1
    outer loop
      vertex 47.3 7.2500000000000036 2.8
      vertex 52.3099142983522 16.27407636663902 2.8
      vertex 51.82454838991936 16.346073597983853 2.8
    endloop
  endfacet
  facet normal 0 0 1
    outer loop
      vertex 47.3 7.2500000000000036 2.8
      vertex 52.8 16.250000000000004 2.8
      vertex 52.3099142983522 16.27407636663902 2.8
    endloop
  endfacet
  facet normal 0 0 1
    outer loop
      vertex 47.3 7.2500000000000036 2.8
      vertex 53.2900857016478 16.27407636663902 2.8
      vertex 52.8 16.250000000000004 2.8
    endloop
  endfacet
  facet normal 0 0 1
    outer loop
      vertex 47.3 7.2500000000000036 2.8
      vertex 53.77545161008064 16.346073597983853 2.8
      vertex 53.2900857016478 16.27407636663902 2.8
    endloop
  endfacet
  facet normal -1 0 0
    outer loop
      vertex 47.3 7.2500000000000036 2
      vertex 47.3 7.2500000000000036 2.8
      vertex 47.3 35.25 2.8
    endloop
  endfacet
  facet normal 0 0 1
    outer loop
      vertex 47.3 7.2500000000000036 2.8
      vertex 48.64265193848727 18.472148834901994 2.8
      vertex 48.39039367825822 18.893016315870014 2.8
    endloop
  endfacet
  facet normal 0 0 1
    outer loop
      vertex 47.3 7.2500000000000036 2.8
      vertex 48.39039367825822 18.893016315870014 2.8
      vertex 48.18060233744356 19.336582838174554 2.8
    endloop
  endfacet
  facet normal 0 0 1
    outer loop
      vertex 47.3 7.2500000000000036 2.8
      vertex 48.18060233744356 19.336582838174554 2.8
      vertex 48.01529832133895 19.798576613727693 2.8
    endloop
  endfacet
  facet normal 0 0 1
    outer loop
      vertex 47.3 7.2500000000000036 2.8
      vertex 48.01529832133895 19.798576613727693 2.8
      vertex 47.89607359798384 20.274548389919364 2.8
    endloop
  endfacet
  facet normal 0 0 1
    outer loop
      vertex 47.3 7.2500000000000036 2.8
      vertex 47.89607359798384 20.274548389919364 2.8
      vertex 47.82407636663901 20.7599142983522 2.8
    endloop
  endfacet
  facet normal 0 0 1
    outer loop
      vertex 47.3 7.2500000000000036 2.8
      vertex 47.82407636663901 20.7599142983522 2.8
      vertex 47.8 21.250000000000004 2.8
    endloop
  endfacet
  facet normal 0 0 1
    outer loop
      vertex 47.3 7.2500000000000036 2.8
      vertex 47.8 21.250000000000004 2.8
      vertex 47.3 35.25 2.8
    endloop
  endfacet
  facet normal 0 0 1
    outer loop
      vertex 58.3 7.2500000000000036 2.8
      vertex 54.25142338627231 16.46529832133896 2.8
      vertex 53.77545161008064 16.346073597983853 2.8
    endloop
  endfacet
  facet normal 0 0 1
    outer loop
      vertex 58.3 7.2500000000000036 2.8
      vertex 54.71341716182545 16.63060233744357 2.8
      vertex 54.25142338627231 16.46529832133896 2.8
    endloop
  endfacet
  facet normal 0 0 1
    outer loop
      vertex 58.3 7.2500000000000036 2.8
      vertex 55.15698368412998 16.840393678258227 2.8
      vertex 54.71341716182545 16.63060233744357 2.8
    endloop
  endfacet
  facet normal 0 0 1
    outer loop
      vertex 58.3 7.2500000000000036 2.8
      vertex 55.57785116509801 17.09265193848728 2.8
      vertex 55.15698368412998 16.840393678258227 2.8
    endloop
  endfacet
  facet normal 0 0 1
    outer loop
      vertex 58.3 7.2500000000000036 2.8
      vertex 55.97196642081823 17.38494773318632 2.8
      vertex 55.57785116509801 17.09265193848728 2.8
    endloop
  endfacet
  facet normal 0 0 1
    outer loop
      vertex 58.3 7.2500000000000036 2.8
      vertex 56.335533905932735 17.714466094067266 2.8
      vertex 55.97196642081823 17.38494773318632 2.8
    endloop
  endfacet
  facet normal 0 0 1
    outer loop
      vertex 58.3 7.2500000000000036 2.8
      vertex 56.66505226681368 18.078033579181778 2.8
      vertex 56.335533905932735 17.714466094067266 2.8
    endloop
  endfacet
  facet normal 0 0 1
    outer loop
      vertex 58.3 7.2500000000000036 2.8
      vertex 56.957348061512725 18.472148834901994 2.8
      vertex 56.66505226681368 18.078033579181778 2.8
    endloop
  endfacet
  facet normal 1 0 0
    outer loop
      vertex 58.3 7.2500000000000036 2
      vertex 58.3 35.25 2
      vertex 58.3 7.2500000000000036 2.8
    endloop
  endfacet
  facet normal 0 0 1
    outer loop
      vertex 58.3 7.2500000000000036 2.8
      vertex 57.209606321741774 18.893016315870014 2.8
      vertex 56.957348061512725 18.472148834901994 2.8
    endloop
  endfacet
  facet normal 0 0 1
    outer loop
      vertex 58.3 7.2500000000000036 2.8
      vertex 57.419397662556435 19.336582838174554 2.8
      vertex 57.209606321741774 18.893016315870014 2.8
    endloop
  endfacet
  facet normal 0 0 1
    outer loop
      vertex 58.3 7.2500000000000036 2.8
      vertex 57.58470167866104 19.798576613727693 2.8
      vertex 57.419397662556435 19.336582838174554 2.8
    endloop
  endfacet
  facet normal 0 0 1
    outer loop
      vertex 58.3 7.2500000000000036 2.8
      vertex 57.70392640201615 20.274548389919364 2.8
      vertex 57.58470167866104 19.798576613727693 2.8
    endloop
  endfacet
  facet normal 0 0 1
    outer loop
      vertex 58.3 7.2500000000000036 2.8
      vertex 57.77592363336098 20.7599142983522 2.8
      vertex 57.70392640201615 20.274548389919364 2.8
    endloop
  endfacet
  facet normal 0 0 1
    outer loop
      vertex 58.3 7.2500000000000036 2.8
      vertex 57.8 21.250000000000004 2.8
      vertex 57.77592363336098 20.7599142983522 2.8
    endloop
  endfacet
  facet normal 0 0 1
    outer loop
      vertex 58.3 7.2500000000000036 2.8
      vertex 58.3 35.25 2.8
      vertex 57.8 21.250000000000004 2.8
    endloop
  endfacet
  facet normal -1 0 0
    outer loop
      vertex 47.3 7.2500000000000036 2
      vertex 47.3 35.25 2.8
      vertex 47.3 35.25 2
    endloop
  endfacet
  facet normal 0 0 1
    outer loop
      vertex 47.3 35.25 2.8
      vertex 47.8 21.250000000000004 2.8
      vertex 47.82407636663901 21.740085701647807 2.8
    endloop
  endfacet
  facet normal 0 0 1
    outer loop
      vertex 47.3 35.25 2.8
      vertex 47.82407636663901 21.740085701647807 2.8
      vertex 47.89607359798384 22.225451610080643 2.8
    endloop
  endfacet
  facet normal 0 0 1
    outer loop
      vertex 47.3 35.25 2.8
      vertex 47.89607359798384 22.225451610080643 2.8
      vertex 48.01529832133895 22.701423386272314 2.8
    endloop
  endfacet
  facet normal 0 0 1
    outer loop
      vertex 47.3 35.25 2.8
      vertex 48.01529832133895 22.701423386272314 2.8
      vertex 48.18060233744356 23.163417161825453 2.8
    endloop
  endfacet
  facet normal 0 0 1
    outer loop
      vertex 47.3 35.25 2.8
      vertex 48.18060233744356 23.163417161825453 2.8
      vertex 48.39039367825822 23.606983684129993 2.8
    endloop
  endfacet
  facet normal 0 0 1
    outer loop
      vertex 47.3 35.25 2.8
      vertex 48.39039367825822 23.606983684129993 2.8
      vertex 48.64265193848727 24.027851165098014 2.8
    endloop
  endfacet
  facet normal 0 0 1
    outer loop
      vertex 47.3 35.25 2.8
      vertex 48.64265193848727 24.027851165098014 2.8
      vertex 48.93494773318631 24.42196642081823 2.8
    endloop
  endfacet
  facet normal 0 0 1
    outer loop
      vertex 47.3 35.25 2.8
      vertex 48.93494773318631 24.42196642081823 2.8
      vertex 49.26446609406726 24.78553390593274 2.8
    endloop
  endfacet
  facet normal 0 0 1
    outer loop
      vertex 47.3 35.25 2.8
      vertex 49.26446609406726 24.78553390593274 2.8
      vertex 49.62803357918177 25.115052266813688 2.8
    endloop
  endfacet
  facet normal 0 0 1
    outer loop
      vertex 47.3 35.25 2.8
      vertex 49.62803357918177 25.115052266813688 2.8
      vertex 50.022148834901984 25.407348061512728 2.8
    endloop
  endfacet
  facet normal 0 0 1
    outer loop
      vertex 47.3 35.25 2.8
      vertex 50.022148834901984 25.407348061512728 2.8
      vertex 50.44301631587001 25.65960632174178 2.8
    endloop
  endfacet
  facet normal 0 0 1
    outer loop
      vertex 47.3 35.25 2.8
      vertex 50.44301631587001 25.65960632174178 2.8
      vertex 50.88658283817455 25.869397662556437 2.8
    endloop
  endfacet
  facet normal 0 0 1
    outer loop
      vertex 47.3 35.25 2.8
      vertex 50.88658283817455 25.869397662556437 2.8
      vertex 51.34857661372769 26.034701678661047 2.8
    endloop
  endfacet
  facet normal 0 0 1
    outer loop
      vertex 47.3 35.25 2.8
      vertex 51.34857661372769 26.034701678661047 2.8
      vertex 51.82454838991936 26.153926402016154 2.8
    endloop
  endfacet
  facet normal 0 0 1
    outer loop
      vertex 58.3 35.25 2.8
      vertex 51.82454838991936 26.153926402016154 2.8
      vertex 52.3099142983522 26.22592363336099 2.8
    endloop
  endfacet
  facet normal 0 0 1
    outer loop
      vertex 47.3 35.25 2.8
      vertex 51.82454838991936 26.153926402016154 2.8
      vertex 58.3 35.25 2.8
    endloop
  endfacet
  facet normal 1 0 0
    outer loop
      vertex 58.3 7.2500000000000036 2.8
      vertex 58.3 35.25 2
      vertex 58.3 35.25 2.8
    endloop
  endfacet
  facet normal 0 0 1
    outer loop
      vertex 58.3 35.25 2.8
      vertex 57.77592363336098 21.740085701647807 2.8
      vertex 57.8 21.250000000000004 2.8
    endloop
  endfacet
  facet normal 0 0 1
    outer loop
      vertex 58.3 35.25 2.8
      vertex 57.70392640201615 22.225451610080643 2.8
      vertex 57.77592363336098 21.740085701647807 2.8
    endloop
  endfacet
  facet normal 0 0 1
    outer loop
      vertex 58.3 35.25 2.8
      vertex 57.58470167866104 22.701423386272314 2.8
      vertex 57.70392640201615 22.225451610080643 2.8
    endloop
  endfacet
  facet normal 0 0 1
    outer loop
      vertex 58.3 35.25 2.8
      vertex 57.419397662556435 23.163417161825453 2.8
      vertex 57.58470167866104 22.701423386272314 2.8
    endloop
  endfacet
  facet normal 0 0 1
    outer loop
      vertex 58.3 35.25 2.8
      vertex 56.957348061512725 24.027851165098014 2.8
      vertex 57.209606321741774 23.606983684129993 2.8
    endloop
  endfacet
  facet normal 0 0 1
    outer loop
      vertex 58.3 35.25 2.8
      vertex 57.209606321741774 23.606983684129993 2.8
      vertex 57.419397662556435 23.163417161825453 2.8
    endloop
  endfacet
  facet normal 0 0 1
    outer loop
      vertex 58.3 35.25 2.8
      vertex 52.3099142983522 26.22592363336099 2.8
      vertex 52.8 26.250000000000004 2.8
    endloop
  endfacet
  facet normal 0 0 1
    outer loop
      vertex 58.3 35.25 2.8
      vertex 52.8 26.250000000000004 2.8
      vertex 53.2900857016478 26.22592363336099 2.8
    endloop
  endfacet
  facet normal 0 0 1
    outer loop
      vertex 58.3 35.25 2.8
      vertex 53.2900857016478 26.22592363336099 2.8
      vertex 53.77545161008064 26.153926402016154 2.8
    endloop
  endfacet
  facet normal 0 0 1
    outer loop
      vertex 58.3 35.25 2.8
      vertex 53.77545161008064 26.153926402016154 2.8
      vertex 54.25142338627231 26.034701678661047 2.8
    endloop
  endfacet
  facet normal 0 0 1
    outer loop
      vertex 58.3 35.25 2.8
      vertex 56.335533905932735 24.78553390593274 2.8
      vertex 56.66505226681368 24.42196642081823 2.8
    endloop
  endfacet
  facet normal 0 0 1
    outer loop
      vertex 58.3 35.25 2.8
      vertex 55.97196642081823 25.115052266813688 2.8
      vertex 56.335533905932735 24.78553390593274 2.8
    endloop
  endfacet
  facet normal 0 0 1
    outer loop
      vertex 58.3 35.25 2.8
      vertex 55.15698368412998 25.65960632174178 2.8
      vertex 55.57785116509801 25.407348061512728 2.8
    endloop
  endfacet
  facet normal 0 0 1
    outer loop
      vertex 58.3 35.25 2.8
      vertex 54.25142338627231 26.034701678661047 2.8
      vertex 54.71341716182545 25.869397662556437 2.8
    endloop
  endfacet
  facet normal 0 0 1
    outer loop
      vertex 58.3 35.25 2.8
      vertex 54.71341716182545 25.869397662556437 2.8
      vertex 55.15698368412998 25.65960632174178 2.8
    endloop
  endfacet
  facet normal 0 0 1
    outer loop
      vertex 58.3 35.25 2.8
      vertex 55.57785116509801 25.407348061512728 2.8
      vertex 55.97196642081823 25.115052266813688 2.8
    endloop
  endfacet
  facet normal 0 0 1
    outer loop
      vertex 58.3 35.25 2.8
      vertex 56.66505226681368 24.42196642081823 2.8
      vertex 56.957348061512725 24.027851165098014 2.8
    endloop
  endfacet
  facet normal 0 1 0
    outer loop
      vertex 47.3 35.25 2
      vertex 47.3 35.25 2.8
      vertex 58.3 35.25 2
    endloop
  endfacet
  facet normal 0 1 0
    outer loop
      vertex 47.3 35.25 2.8
      vertex 58.3 35.25 2.8
      vertex 58.3 35.25 2
    endloop
  endfacet
  facet normal 0 -1 0
    outer loop
      vertex 68.02 7.2500000000000036 2
      vertex 79.02 7.2500000000000036 2.8
      vertex 68.02 7.2500000000000036 2.8
    endloop
  endfacet
  facet normal 0 -1 0
    outer loop
      vertex 68.02 7.2500000000000036 2
      vertex 79.02 7.2500000000000036 2
      vertex 79.02 7.2500000000000036 2.8
    endloop
  endfacet
  facet normal 0 0 1
    outer loop
      vertex 68.02 7.2500000000000036 2.8
      vertex 71.60658283817455 16.63060233744357 2.8
      vertex 71.16301631587001 16.840393678258227 2.8
    endloop
  endfacet
  facet normal 0 0 1
    outer loop
      vertex 68.02 7.2500000000000036 2.8
      vertex 70.74214883490198 17.09265193848728 2.8
      vertex 70.34803357918177 17.38494773318632 2.8
    endloop
  endfacet
  facet normal 0 0 1
    outer loop
      vertex 68.02 7.2500000000000036 2.8
      vertex 71.16301631587001 16.840393678258227 2.8
      vertex 70.74214883490198 17.09265193848728 2.8
    endloop
  endfacet
  facet normal 0 0 1
    outer loop
      vertex 68.02 7.2500000000000036 2.8
      vertex 69.98446609406726 17.714466094067266 2.8
      vertex 69.6549477331863 18.078033579181778 2.8
    endloop
  endfacet
  facet normal 0 0 1
    outer loop
      vertex 68.02 7.2500000000000036 2.8
      vertex 70.34803357918177 17.38494773318632 2.8
      vertex 69.98446609406726 17.714466094067266 2.8
    endloop
  endfacet
  facet normal 0 0 1
    outer loop
      vertex 68.02 7.2500000000000036 2.8
      vertex 69.6549477331863 18.078033579181778 2.8
      vertex 69.36265193848728 18.472148834901994 2.8
    endloop
  endfacet
  facet normal 0 0 1
    outer loop
      vertex 68.02 7.2500000000000036 2.8
      vertex 72.06857661372769 16.46529832133896 2.8
      vertex 71.60658283817455 16.63060233744357 2.8
    endloop
  endfacet
  facet normal 0 0 1
    outer loop
      vertex 68.02 7.2500000000000036 2.8
      vertex 72.54454838991936 16.346073597983853 2.8
      vertex 72.06857661372769 16.46529832133896 2.8
    endloop
  endfacet
  facet normal 0 0 1
    outer loop
      vertex 68.02 7.2500000000000036 2.8
      vertex 73.0299142983522 16.27407636663902 2.8
      vertex 72.54454838991936 16.346073597983853 2.8
    endloop
  endfacet
  facet normal 0 0 1
    outer loop
      vertex 68.02 7.2500000000000036 2.8
      vertex 73.52 16.250000000000004 2.8
      vertex 73.0299142983522 16.27407636663902 2.8
    endloop
  endfacet
  facet normal 0 0 1
    outer loop
      vertex 68.02 7.2500000000000036 2.8
      vertex 79.02 7.2500000000000036 2.8
      vertex 74.49545161008064 16.346073597983853 2.8
    endloop
  endfacet
  facet normal 0 0 1
    outer loop
      vertex 68.02 7.2500000000000036 2.8
      vertex 74.0100857016478 16.27407636663902 2.8
      vertex 73.52 16.250000000000004 2.8
    endloop
  endfacet
  facet normal 0 0 1
    outer loop
      vertex 68.02 7.2500000000000036 2.8
      vertex 74.49545161008064 16.346073597983853 2.8
      vertex 74.0100857016478 16.27407636663902 2.8
    endloop
  endfacet
  facet normal 0 0 1
    outer loop
      vertex 79.02 7.2500000000000036 2.8
      vertex 74.9714233862723 16.46529832133896 2.8
      vertex 74.49545161008064 16.346073597983853 2.8
    endloop
  endfacet
  facet normal 0 0 1
    outer loop
      vertex 79.02 7.2500000000000036 2.8
      vertex 75.43341716182545 16.63060233744357 2.8
      vertex 74.9714233862723 16.46529832133896 2.8
    endloop
  endfacet
  facet normal 0 0 1
    outer loop
      vertex 79.02 7.2500000000000036 2.8
      vertex 75.87698368412998 16.840393678258227 2.8
      vertex 75.43341716182545 16.63060233744357 2.8
    endloop
  endfacet
  facet normal 0 0 1
    outer loop
      vertex 79.02 7.2500000000000036 2.8
      vertex 76.29785116509801 17.09265193848728 2.8
      vertex 75.87698368412998 16.840393678258227 2.8
    endloop
  endfacet
  facet normal 0 0 1
    outer loop
      vertex 79.02 7.2500000000000036 2.8
      vertex 76.69196642081822 17.38494773318632 2.8
      vertex 76.29785116509801 17.09265193848728 2.8
    endloop
  endfacet
  facet normal 0 0 1
    outer loop
      vertex 79.02 7.2500000000000036 2.8
      vertex 77.05553390593273 17.714466094067266 2.8
      vertex 76.69196642081822 17.38494773318632 2.8
    endloop
  endfacet
  facet normal -1 0 0
    outer loop
      vertex 68.02 7.2500000000000036 2
      vertex 68.02 7.2500000000000036 2.8
      vertex 68.02 35.25 2.8
    endloop
  endfacet
  facet normal 0 0 1
    outer loop
      vertex 68.02 7.2500000000000036 2.8
      vertex 69.36265193848728 18.472148834901994 2.8
      vertex 69.11039367825822 18.893016315870014 2.8
    endloop
  endfacet
  facet normal 0 0 1
    outer loop
      vertex 68.02 7.2500000000000036 2.8
      vertex 69.11039367825822 18.893016315870014 2.8
      vertex 68.90060233744356 19.336582838174554 2.8
    endloop
  endfacet
  facet normal 0 0 1
    outer loop
      vertex 68.02 7.2500000000000036 2.8
      vertex 68.90060233744356 19.336582838174554 2.8
      vertex 68.73529832133895 19.798576613727693 2.8
    endloop
  endfacet
  facet normal 0 0 1
    outer loop
      vertex 68.02 7.2500000000000036 2.8
      vertex 68.73529832133895 19.798576613727693 2.8
      vertex 68.61607359798384 20.274548389919364 2.8
    endloop
  endfacet
  facet normal 0 0 1
    outer loop
      vertex 68.02 7.2500000000000036 2.8
      vertex 68.61607359798384 20.274548389919364 2.8
      vertex 68.54407636663902 20.7599142983522 2.8
    endloop
  endfacet
  facet normal 0 0 1
    outer loop
      vertex 68.02 7.2500000000000036 2.8
      vertex 68.54407636663902 20.7599142983522 2.8
      vertex 68.52 21.250000000000004 2.8
    endloop
  endfacet
  facet normal 0 0 1
    outer loop
      vertex 68.02 7.2500000000000036 2.8
      vertex 68.52 21.250000000000004 2.8
      vertex 68.02 35.25 2.8
    endloop
  endfacet
  facet normal 0 0 1
    outer loop
      vertex 79.02 7.2500000000000036 2.8
      vertex 77.38505226681369 18.078033579181778 2.8
      vertex 77.05553390593273 17.714466094067266 2.8
    endloop
  endfacet
  facet normal 0 0 1
    outer loop
      vertex 79.02 7.2500000000000036 2.8
      vertex 77.67734806151272 18.472148834901994 2.8
      vertex 77.38505226681369 18.078033579181778 2.8
    endloop
  endfacet
  facet normal 1 0 0
    outer loop
      vertex 79.02 7.2500000000000036 2
      vertex 79.02 35.25 2
      vertex 79.02 7.2500000000000036 2.8
    endloop
  endfacet
  facet normal 0 0 1
    outer loop
      vertex 79.02 7.2500000000000036 2.8
      vertex 77.92960632174177 18.893016315870014 2.8
      vertex 77.67734806151272 18.472148834901994 2.8
    endloop
  endfacet
  facet normal 0 0 1
    outer loop
      vertex 79.02 7.2500000000000036 2.8
      vertex 78.13939766255643 19.336582838174554 2.8
      vertex 77.92960632174177 18.893016315870014 2.8
    endloop
  endfacet
  facet normal 0 0 1
    outer loop
      vertex 79.02 7.2500000000000036 2.8
      vertex 78.30470167866105 19.798576613727693 2.8
      vertex 78.13939766255643 19.336582838174554 2.8
    endloop
  endfacet
  facet normal 0 0 1
    outer loop
      vertex 79.02 7.2500000000000036 2.8
      vertex 78.42392640201615 20.274548389919364 2.8
      vertex 78.30470167866105 19.798576613727693 2.8
    endloop
  endfacet
  facet normal 0 0 1
    outer loop
      vertex 79.02 7.2500000000000036 2.8
      vertex 78.49592363336097 20.7599142983522 2.8
      vertex 78.42392640201615 20.274548389919364 2.8
    endloop
  endfacet
  facet normal 0 0 1
    outer loop
      vertex 79.02 7.2500000000000036 2.8
      vertex 78.52 21.250000000000004 2.8
      vertex 78.49592363336097 20.7599142983522 2.8
    endloop
  endfacet
  facet normal 0 0 1
    outer loop
      vertex 79.02 7.2500000000000036 2.8
      vertex 79.02 35.25 2.8
      vertex 78.52 21.250000000000004 2.8
    endloop
  endfacet
  facet normal -1 0 0
    outer loop
      vertex 68.02 7.2500000000000036 2
      vertex 68.02 35.25 2.8
      vertex 68.02 35.25 2
    endloop
  endfacet
  facet normal 0 0 1
    outer loop
      vertex 68.02 35.25 2.8
      vertex 68.52 21.250000000000004 2.8
      vertex 68.54407636663902 21.740085701647807 2.8
    endloop
  endfacet
  facet normal 0 0 1
    outer loop
      vertex 68.02 35.25 2.8
      vertex 68.54407636663902 21.740085701647807 2.8
      vertex 68.61607359798384 22.225451610080643 2.8
    endloop
  endfacet
  facet normal 0 0 1
    outer loop
      vertex 68.02 35.25 2.8
      vertex 68.61607359798384 22.225451610080643 2.8
      vertex 68.73529832133895 22.701423386272314 2.8
    endloop
  endfacet
  facet normal 0 0 1
    outer loop
      vertex 68.02 35.25 2.8
      vertex 68.73529832133895 22.701423386272314 2.8
      vertex 68.90060233744356 23.163417161825453 2.8
    endloop
  endfacet
  facet normal 0 0 1
    outer loop
      vertex 68.02 35.25 2.8
      vertex 68.90060233744356 23.163417161825453 2.8
      vertex 69.11039367825822 23.606983684129993 2.8
    endloop
  endfacet
  facet normal 0 0 1
    outer loop
      vertex 68.02 35.25 2.8
      vertex 69.11039367825822 23.606983684129993 2.8
      vertex 69.36265193848728 24.027851165098014 2.8
    endloop
  endfacet
  facet normal 0 0 1
    outer loop
      vertex 68.02 35.25 2.8
      vertex 69.36265193848728 24.027851165098014 2.8
      vertex 69.6549477331863 24.42196642081823 2.8
    endloop
  endfacet
  facet normal 0 0 1
    outer loop
      vertex 68.02 35.25 2.8
      vertex 69.6549477331863 24.42196642081823 2.8
      vertex 69.98446609406726 24.78553390593274 2.8
    endloop
  endfacet
  facet normal 0 0 1
    outer loop
      vertex 68.02 35.25 2.8
      vertex 69.98446609406726 24.78553390593274 2.8
      vertex 70.34803357918177 25.115052266813688 2.8
    endloop
  endfacet
  facet normal 0 0 1
    outer loop
      vertex 68.02 35.25 2.8
      vertex 70.34803357918177 25.115052266813688 2.8
      vertex 70.74214883490198 25.407348061512728 2.8
    endloop
  endfacet
  facet normal 0 0 1
    outer loop
      vertex 68.02 35.25 2.8
      vertex 70.74214883490198 25.407348061512728 2.8
      vertex 71.16301631587001 25.65960632174178 2.8
    endloop
  endfacet
  facet normal 0 0 1
    outer loop
      vertex 68.02 35.25 2.8
      vertex 71.16301631587001 25.65960632174178 2.8
      vertex 71.60658283817455 25.869397662556437 2.8
    endloop
  endfacet
  facet normal 0 0 1
    outer loop
      vertex 68.02 35.25 2.8
      vertex 71.60658283817455 25.869397662556437 2.8
      vertex 72.06857661372769 26.034701678661047 2.8
    endloop
  endfacet
  facet normal 0 0 1
    outer loop
      vertex 68.02 35.25 2.8
      vertex 72.06857661372769 26.034701678661047 2.8
      vertex 72.54454838991936 26.153926402016154 2.8
    endloop
  endfacet
  facet normal 0 0 1
    outer loop
      vertex 79.02 35.25 2.8
      vertex 72.54454838991936 26.153926402016154 2.8
      vertex 73.0299142983522 26.22592363336099 2.8
    endloop
  endfacet
  facet normal 0 0 1
    outer loop
      vertex 79.02 35.25 2.8
      vertex 73.0299142983522 26.22592363336099 2.8
      vertex 73.52 26.250000000000004 2.8
    endloop
  endfacet
  facet normal 0 0 1
    outer loop
      vertex 79.02 35.25 2.8
      vertex 73.52 26.250000000000004 2.8
      vertex 74.0100857016478 26.22592363336099 2.8
    endloop
  endfacet
  facet normal 0 0 1
    outer loop
      vertex 79.02 35.25 2.8
      vertex 74.0100857016478 26.22592363336099 2.8
      vertex 74.49545161008064 26.153926402016154 2.8
    endloop
  endfacet
  facet normal 0 0 1
    outer loop
      vertex 79.02 35.25 2.8
      vertex 74.49545161008064 26.153926402016154 2.8
      vertex 74.9714233862723 26.034701678661047 2.8
    endloop
  endfacet
  facet normal 0 0 1
    outer loop
      vertex 79.02 35.25 2.8
      vertex 76.69196642081822 25.115052266813688 2.8
      vertex 77.05553390593273 24.78553390593274 2.8
    endloop
  endfacet
  facet normal 0 0 1
    outer loop
      vertex 79.02 35.25 2.8
      vertex 74.9714233862723 26.034701678661047 2.8
      vertex 75.43341716182545 25.869397662556437 2.8
    endloop
  endfacet
  facet normal 0 0 1
    outer loop
      vertex 79.02 35.25 2.8
      vertex 75.43341716182545 25.869397662556437 2.8
      vertex 75.87698368412998 25.65960632174178 2.8
    endloop
  endfacet
  facet normal 0 0 1
    outer loop
      vertex 79.02 35.25 2.8
      vertex 75.87698368412998 25.65960632174178 2.8
      vertex 76.29785116509801 25.407348061512728 2.8
    endloop
  endfacet
  facet normal 0 0 1
    outer loop
      vertex 79.02 35.25 2.8
      vertex 76.29785116509801 25.407348061512728 2.8
      vertex 76.69196642081822 25.115052266813688 2.8
    endloop
  endfacet
  facet normal 0 0 1
    outer loop
      vertex 68.02 35.25 2.8
      vertex 72.54454838991936 26.153926402016154 2.8
      vertex 79.02 35.25 2.8
    endloop
  endfacet
  facet normal 1 0 0
    outer loop
      vertex 79.02 7.2500000000000036 2.8
      vertex 79.02 35.25 2
      vertex 79.02 35.25 2.8
    endloop
  endfacet
  facet normal 0 0 1
    outer loop
      vertex 79.02 35.25 2.8
      vertex 78.49592363336097 21.740085701647807 2.8
      vertex 78.52 21.250000000000004 2.8
    endloop
  endfacet
  facet normal 0 0 1
    outer loop
      vertex 79.02 35.25 2.8
      vertex 78.42392640201615 22.225451610080643 2.8
      vertex 78.49592363336097 21.740085701647807 2.8
    endloop
  endfacet
  facet normal 0 0 1
    outer loop
      vertex 79.02 35.25 2.8
      vertex 78.30470167866105 22.701423386272314 2.8
      vertex 78.42392640201615 22.225451610080643 2.8
    endloop
  endfacet
  facet normal 0 0 1
    outer loop
      vertex 79.02 35.25 2.8
      vertex 77.92960632174177 23.606983684129993 2.8
      vertex 78.13939766255643 23.163417161825453 2.8
    endloop
  endfacet
  facet normal 0 0 1
    outer loop
      vertex 79.02 35.25 2.8
      vertex 77.67734806151272 24.027851165098014 2.8
      vertex 77.92960632174177 23.606983684129993 2.8
    endloop
  endfacet
  facet normal 0 0 1
    outer loop
      vertex 79.02 35.25 2.8
      vertex 78.13939766255643 23.163417161825453 2.8
      vertex 78.30470167866105 22.701423386272314 2.8
    endloop
  endfacet
  facet normal 0 0 1
    outer loop
      vertex 79.02 35.25 2.8
      vertex 77.38505226681369 24.42196642081823 2.8
      vertex 77.67734806151272 24.027851165098014 2.8
    endloop
  endfacet
  facet normal 0 0 1
    outer loop
      vertex 79.02 35.25 2.8
      vertex 77.05553390593273 24.78553390593274 2.8
      vertex 77.38505226681369 24.42196642081823 2.8
    endloop
  endfacet
  facet normal 0 1 0
    outer loop
      vertex 68.02 35.25 2
      vertex 68.02 35.25 2.8
      vertex 79.02 35.25 2
    endloop
  endfacet
  facet normal 0 1 0
    outer loop
      vertex 68.02 35.25 2.8
      vertex 79.02 35.25 2.8
      vertex 79.02 35.25 2
    endloop
  endfacet
  facet normal -0.6685567460527438 -0.4958354759238733 0.5542373662274253
    outer loop
      vertex -2.4916053189970446 -2.214370980598862 11.309999999999999
      vertex -0.9455844122715709 -0.9455844122715709 14.309999999999999
      vertex -2.6085236368766616 -2.056724878310775 11.309999999999999
    endloop
  endfacet
  facet normal -0.5589779129778041 -0.6167370871613491 0.5542373662274253
    outer loop
      vertex -2.359797974644666 -2.359797974644666 11.309999999999999
      vertex -2.214370980598862 -2.4916053189970446 11.309999999999999
      vertex -0.9455844122715709 -0.9455844122715709 14.309999999999999
    endloop
  endfacet
  facet normal -0.42791787218555044 -0.7139378380093591 0.5542373662274251
    outer loop
      vertex -2.056724878310775 -2.6085236368766616 11.309999999999999
      vertex -1.8883778859235663 -2.7094269409682807 11.309999999999999
      vertex -0.9455844122715709 -0.9455844122715709 14.309999999999999
    endloop
  endfacet
  facet normal -0.4958354759238733 -0.6685567460527438 0.5542373662274253
    outer loop
      vertex -2.056724878310775 -2.6085236368766616 11.309999999999999
      vertex -0.9455844122715709 -0.9455844122715709 14.309999999999999
      vertex -2.214370980598862 -2.4916053189970446 11.309999999999999
    endloop
  endfacet
  facet normal -0.6167370871613491 -0.5589779129778041 0.5542373662274253
    outer loop
      vertex -2.359797974644666 -2.359797974644666 11.309999999999999
      vertex -0.9455844122715709 -0.9455844122715709 14.309999999999999
      vertex -2.4916053189970446 -2.214370980598862 11.309999999999999
    endloop
  endfacet
  facet normal -0.7139378380093591 -0.42791787218555044 0.5542373662274251
    outer loop
      vertex -2.6085236368766616 -2.056724878310775 11.309999999999999
      vertex -0.9455844122715709 -0.9455844122715709 14.309999999999999
      vertex -2.7094269409682807 -1.8883778859235663 11.309999999999999
    endloop
  endfacet
  facet normal -0.7837023581236205 -0.2804131875443149 0.5542373662274251
    outer loop
      vertex -2.7933434772941443 -1.7109512770017505 11.309999999999999
      vertex -0.9455844122715709 -0.9455844122715709 14.309999999999999
      vertex -2.8594650837359885 -1.5261537667804954 11.309999999999999
    endloop
  endfacet
  facet normal -0.7524433183078206 -0.3558791854143802 0.5542373662274253
    outer loop
      vertex -2.7094269409682807 -1.8883778859235663 11.309999999999999
      vertex -0.9455844122715709 -0.9455844122715709 14.309999999999999
      vertex -2.7933434772941443 -1.7109512770017505 11.309999999999999
    endloop
  endfacet
  facet normal -0.3558791854143802 -0.7524433183078206 0.5542373662274251
    outer loop
      vertex -1.7109512770017505 -2.7933434772941443 11.309999999999999
      vertex -0.9455844122715709 -0.9455844122715709 14.309999999999999
      vertex -1.8883778859235663 -2.7094269409682807 11.309999999999999
    endloop
  endfacet
  facet normal -0.20224665738875888 -0.807413915815402 0.5542373662274253
    outer loop
      vertex -1.5261537667804954 -2.8594650837359885 11.309999999999999
      vertex -1.3357650563038272 -2.9071549730780317 11.309999999999999
      vertex -0.9455844122715709 -0.9455844122715709 14.309999999999999
    endloop
  endfacet
  facet normal -0.2804131875443149 -0.7837023581236205 0.5542373662274251
    outer loop
      vertex -1.7109512770017505 -2.7933434772941443 11.309999999999999
      vertex -1.5261537667804954 -2.8594650837359885 11.309999999999999
      vertex -0.9455844122715709 -0.9455844122715709 14.309999999999999
    endloop
  endfacet
  facet normal -0.12213238136327961 -0.8233496361205375 0.5542373662274253
    outer loop
      vertex -1.1416186929306922 -2.9359538656159647 11.309999999999999
      vertex -0.9455844122715709 -0.9455844122715709 14.309999999999999
      vertex -1.3357650563038272 -2.9071549730780317 11.309999999999999
    endloop
  endfacet
  facet normal -0.040841903740919505 -0.8313560493411379 0.5542373662274253
    outer loop
      vertex -1.1416186929306922 -2.9359538656159647 11.309999999999999
      vertex -0.9455844122715709 -2.945584412271571 11.309999999999999
      vertex -0.9455844122715709 -0.9455844122715709 14.309999999999999
    endloop
  endfacet
  facet normal 0.040841903740919526 -0.8313560493411378 0.5542373662274253
    outer loop
      vertex -0.9455844122715709 -2.945584412271571 11.309999999999999
      vertex -0.7495501316124497 -2.9359538656159647 11.309999999999999
      vertex -0.9455844122715709 -0.9455844122715709 14.309999999999999
    endloop
  endfacet
  facet normal 0.12213238136327949 -0.8233496361205375 0.5542373662274253
    outer loop
      vertex -0.7495501316124497 -2.9359538656159647 11.309999999999999
      vertex -0.5554037682393144 -2.9071549730780317 11.309999999999999
      vertex -0.9455844122715709 -0.9455844122715709 14.309999999999999
    endloop
  endfacet
  facet normal 0.20224665738875888 -0.807413915815402 0.5542373662274253
    outer loop
      vertex -0.5554037682393144 -2.9071549730780317 11.309999999999999
      vertex -0.3650150577626462 -2.8594650837359885 11.309999999999999
      vertex -0.9455844122715709 -0.9455844122715709 14.309999999999999
    endloop
  endfacet
  facet normal 0.2804131875443152 -0.7837023581236205 0.5542373662274253
    outer loop
      vertex -0.3650150577626462 -2.8594650837359885 11.309999999999999
      vertex -0.1802175475413913 -2.7933434772941443 11.309999999999999
      vertex -0.9455844122715709 -0.9455844122715709 14.309999999999999
    endloop
  endfacet
  facet normal 0.3558791854143802 -0.7524433183078206 0.5542373662274251
    outer loop
      vertex -0.1802175475413913 -2.7933434772941443 11.309999999999999
      vertex -0.002790938619575578 -2.7094269409682807 11.309999999999999
      vertex -0.9455844122715709 -0.9455844122715709 14.309999999999999
    endloop
  endfacet
  facet normal 0.4279178721855502 -0.7139378380093592 0.5542373662274253
    outer loop
      vertex -0.002790938619575578 -2.7094269409682807 11.309999999999999
      vertex 0.1655560537676335 -2.6085236368766616 11.309999999999999
      vertex -0.9455844122715709 -0.9455844122715709 14.309999999999999
    endloop
  endfacet
  facet normal 0.4958354759238733 -0.6685567460527438 0.5542373662274253
    outer loop
      vertex 0.1655560537676335 -2.6085236368766616 11.309999999999999
      vertex 0.3232021560557201 -2.4916053189970446 11.309999999999999
      vertex -0.9455844122715709 -0.9455844122715709 14.309999999999999
    endloop
  endfacet
  facet normal 0.5589779129778035 -0.6167370871613496 0.5542373662274253
    outer loop
      vertex 0.3232021560557201 -2.4916053189970446 11.309999999999999
      vertex 0.4686291501015243 -2.359797974644666 11.309999999999999
      vertex -0.9455844122715709 -0.9455844122715709 14.309999999999999
    endloop
  endfacet
  facet normal 0.6167370871613491 -0.5589779129778041 0.5542373662274253
    outer loop
      vertex 0.4686291501015243 -2.359797974644666 11.309999999999999
      vertex 0.6004364944539031 -2.214370980598862 11.309999999999999
      vertex -0.9455844122715709 -0.9455844122715709 14.309999999999999
    endloop
  endfacet
  facet normal 0.6685567460527447 -0.495835475923872 0.5542373662274251
    outer loop
      vertex 0.6004364944539031 -2.214370980598862 11.309999999999999
      vertex 0.7173548123335196 -2.056724878310775 11.309999999999999
      vertex -0.9455844122715709 -0.9455844122715709 14.309999999999999
    endloop
  endfacet
  facet normal 0.7139378380093582 -0.4279178721855518 0.5542373662274251
    outer loop
      vertex 0.7173548123335196 -2.056724878310775 11.309999999999999
      vertex 0.8182581164251392 -1.8883778859235663 11.309999999999999
      vertex -0.9455844122715709 -0.9455844122715709 14.309999999999999
    endloop
  endfacet
  facet normal 0.752443318307821 -0.3558791854143794 0.5542373662274253
    outer loop
      vertex 0.8182581164251392 -1.8883778859235663 11.309999999999999
      vertex 0.9021746527510026 -1.7109512770017505 11.309999999999999
      vertex -0.9455844122715709 -0.9455844122715709 14.309999999999999
    endloop
  endfacet
  facet normal 0.7837023581236205 -0.2804131875443149 0.5542373662274251
    outer loop
      vertex 0.9021746527510026 -1.7109512770017505 11.309999999999999
      vertex 0.9682962591928468 -1.5261537667804954 11.309999999999999
      vertex -0.9455844122715709 -0.9455844122715709 14.309999999999999
    endloop
  endfacet
  facet normal -0.807413915815402 -0.20224665738875888 0.5542373662274253
    outer loop
      vertex -2.8594650837359885 -1.5261537667804954 11.309999999999999
      vertex -0.9455844122715709 -0.9455844122715709 14.309999999999999
      vertex -2.9071549730780317 -1.3357650563038272 11.309999999999999
    endloop
  endfacet
  facet normal -0.8233496361205375 -0.12213238136327961 0.5542373662274253
    outer loop
      vertex -2.9071549730780317 -1.3357650563038272 11.309999999999999
      vertex -0.9455844122715709 -0.9455844122715709 14.309999999999999
      vertex -2.9359538656159647 -1.1416186929306922 11.309999999999999
    endloop
  endfacet
  facet normal -0.8313560493411379 -0.040841903740919505 0.5542373662274253
    outer loop
      vertex -2.9359538656159647 -1.1416186929306922 11.309999999999999
      vertex -0.9455844122715709 -0.9455844122715709 14.309999999999999
      vertex -2.945584412271571 -0.9455844122715709 11.309999999999999
    endloop
  endfacet
  facet normal -0.8313560493411378 0.040841903740919526 0.5542373662274253
    outer loop
      vertex -2.945584412271571 -0.9455844122715709 11.309999999999999
      vertex -0.9455844122715709 -0.9455844122715709 14.309999999999999
      vertex -2.9359538656159647 -0.7495501316124497 11.309999999999999
    endloop
  endfacet
  facet normal -0.8233496361205375 0.12213238136327949 0.5542373662274253
    outer loop
      vertex -2.9359538656159647 -0.7495501316124497 11.309999999999999
      vertex -0.9455844122715709 -0.9455844122715709 14.309999999999999
      vertex -2.9071549730780317 -0.5554037682393144 11.309999999999999
    endloop
  endfacet
  facet normal -0.807413915815402 0.20224665738875888 0.5542373662274253
    outer loop
      vertex -2.9071549730780317 -0.5554037682393144 11.309999999999999
      vertex -0.9455844122715709 -0.9455844122715709 14.309999999999999
      vertex -2.8594650837359885 -0.3650150577626462 11.309999999999999
    endloop
  endfacet
  facet normal -0.7837023581236205 0.2804131875443152 0.5542373662274253
    outer loop
      vertex -2.8594650837359885 -0.3650150577626462 11.309999999999999
      vertex -0.9455844122715709 -0.9455844122715709 14.309999999999999
      vertex -2.7933434772941443 -0.1802175475413913 11.309999999999999
    endloop
  endfacet
  facet normal -0.7524433183078206 0.3558791854143802 0.5542373662274251
    outer loop
      vertex -2.7933434772941443 -0.1802175475413913 11.309999999999999
      vertex -0.9455844122715709 -0.9455844122715709 14.309999999999999
      vertex -2.7094269409682807 -0.002790938619575578 11.309999999999999
    endloop
  endfacet
  facet normal -0.7139378380093592 0.4279178721855502 0.5542373662274253
    outer loop
      vertex -2.7094269409682807 -0.002790938619575578 11.309999999999999
      vertex -0.9455844122715709 -0.9455844122715709 14.309999999999999
      vertex -2.6085236368766616 0.1655560537676335 11.309999999999999
    endloop
  endfacet
  facet normal -0.6685567460527438 0.4958354759238733 0.5542373662274253
    outer loop
      vertex -2.6085236368766616 0.1655560537676335 11.309999999999999
      vertex -0.9455844122715709 -0.9455844122715709 14.309999999999999
      vertex -2.4916053189970446 0.3232021560557201 11.309999999999999
    endloop
  endfacet
  facet normal -0.6167370871613496 0.5589779129778035 0.5542373662274253
    outer loop
      vertex -2.4916053189970446 0.3232021560557201 11.309999999999999
      vertex -0.9455844122715709 -0.9455844122715709 14.309999999999999
      vertex -2.359797974644666 0.4686291501015243 11.309999999999999
    endloop
  endfacet
  facet normal -0.5589779129778041 0.6167370871613491 0.5542373662274253
    outer loop
      vertex -2.359797974644666 0.4686291501015243 11.309999999999999
      vertex -0.9455844122715709 -0.9455844122715709 14.309999999999999
      vertex -2.214370980598862 0.6004364944539031 11.309999999999999
    endloop
  endfacet
  facet normal -0.495835475923872 0.6685567460527447 0.5542373662274251
    outer loop
      vertex -2.214370980598862 0.6004364944539031 11.309999999999999
      vertex -0.9455844122715709 -0.9455844122715709 14.309999999999999
      vertex -2.056724878310775 0.7173548123335196 11.309999999999999
    endloop
  endfacet
  facet normal -0.4279178721855518 0.7139378380093582 0.5542373662274251
    outer loop
      vertex -2.056724878310775 0.7173548123335196 11.309999999999999
      vertex -0.9455844122715709 -0.9455844122715709 14.309999999999999
      vertex -1.8883778859235663 0.8182581164251392 11.309999999999999
    endloop
  endfacet
  facet normal -0.3558791854143794 0.752443318307821 0.5542373662274253
    outer loop
      vertex -1.8883778859235663 0.8182581164251392 11.309999999999999
      vertex -0.9455844122715709 -0.9455844122715709 14.309999999999999
      vertex -1.7109512770017505 0.9021746527510026 11.309999999999999
    endloop
  endfacet
  facet normal 0.3558791854143794 0.752443318307821 0.5542373662274251
    outer loop
      vertex -0.1802175475413913 0.9021746527510026 11.309999999999999
      vertex -0.9455844122715709 -0.9455844122715709 14.309999999999999
      vertex -0.002790938619575578 0.8182581164251392 11.309999999999999
    endloop
  endfacet
  facet normal 0.4279178721855517 0.7139378380093584 0.5542373662274251
    outer loop
      vertex 0.0688993877145023 0.7752885884523631 11.309999999999999
      vertex -0.9455844122715709 -0.9455844122715709 14.309999999999999
      vertex 0.1655560537676335 0.7173548123335196 11.309999999999999
    endloop
  endfacet
  facet normal 0.495835475923872 0.6685567460527447 0.5542373662274251
    outer loop
      vertex 0.3232021560557201 0.6004364944539031 11.309999999999999
      vertex 0.1655560537676335 0.7173548123335196 11.309999999999999
      vertex -0.9455844122715709 -0.9455844122715709 14.309999999999999
    endloop
  endfacet
  facet normal 0.4279178721855515 0.7139378380093585 0.5542373662274253
    outer loop
      vertex -0.002790938619575578 0.8182581164251392 11.309999999999999
      vertex -0.9455844122715709 -0.9455844122715709 14.309999999999999
      vertex 0.0688993877145023 0.7752885884523631 11.309999999999999
    endloop
  endfacet
  facet normal 0.807413915815402 -0.20224665738875888 0.5542373662274253
    outer loop
      vertex 0.9682962591928468 -1.5261537667804954 11.309999999999999
      vertex 1.01598614853489 -1.3357650563038272 11.309999999999999
      vertex -0.9455844122715709 -0.9455844122715709 14.309999999999999
    endloop
  endfacet
  facet normal 0.8233496361205375 -0.12213238136327961 0.5542373662274253
    outer loop
      vertex 1.01598614853489 -1.3357650563038272 11.309999999999999
      vertex 1.044785041072823 -1.1416186929306922 11.309999999999999
      vertex -0.9455844122715709 -0.9455844122715709 14.309999999999999
    endloop
  endfacet
  facet normal 0.8313560493411379 -0.040841903740919505 0.5542373662274253
    outer loop
      vertex 1.044785041072823 -1.1416186929306922 11.309999999999999
      vertex 1.0544155877284291 -0.9455844122715709 11.309999999999999
      vertex -0.9455844122715709 -0.9455844122715709 14.309999999999999
    endloop
  endfacet
  facet normal 0.8313560493411378 0.040841903740919526 0.5542373662274253
    outer loop
      vertex 1.0544155877284291 -0.9455844122715709 11.309999999999999
      vertex 1.044785041072823 -0.7495501316124497 11.309999999999999
      vertex -0.9455844122715709 -0.9455844122715709 14.309999999999999
    endloop
  endfacet
  facet normal 0.8233496361205375 0.12213238136327949 0.5542373662274253
    outer loop
      vertex 1.044785041072823 -0.7495501316124497 11.309999999999999
      vertex 1.01598614853489 -0.5554037682393144 11.309999999999999
      vertex -0.9455844122715709 -0.9455844122715709 14.309999999999999
    endloop
  endfacet
  facet normal 0.807413915815402 0.20224665738875888 0.5542373662274253
    outer loop
      vertex 1.01598614853489 -0.5554037682393144 11.309999999999999
      vertex 0.9682962591928468 -0.3650150577626462 11.309999999999999
      vertex -0.9455844122715709 -0.9455844122715709 14.309999999999999
    endloop
  endfacet
  facet normal 0.7139378380093583 0.4279178721855517 0.5542373662274251
    outer loop
      vertex 0.8165852921932436 0 11.309999999999999
      vertex 0.7173548123335196 0.1655560537676335 11.309999999999999
      vertex -0.9455844122715709 -0.9455844122715709 14.309999999999999
    endloop
  endfacet
  facet normal 0.6685567460527447 0.495835475923872 0.5542373662274251
    outer loop
      vertex 0.7173548123335196 0.1655560537676335 11.309999999999999
      vertex 0.6004364944539031 0.3232021560557201 11.309999999999999
      vertex -0.9455844122715709 -0.9455844122715709 14.309999999999999
    endloop
  endfacet
  facet normal 0.7837023581236205 0.2804131875443152 0.5542373662274251
    outer loop
      vertex 0.9021746527510026 -0.1802175475413913 11.309999999999999
      vertex -0.9455844122715709 -0.9455844122715709 14.309999999999999
      vertex 0.9682962591928468 -0.3650150577626462 11.309999999999999
    endloop
  endfacet
  facet normal 0.752443318307821 0.3558791854143794 0.5542373662274251
    outer loop
      vertex 0.9021746527510026 -0.1802175475413913 11.309999999999999
      vertex 0.8182581164251392 -0.002790938619575578 11.309999999999999
      vertex -0.9455844122715709 -0.9455844122715709 14.309999999999999
    endloop
  endfacet
  facet normal 0.713937838009363 0.4279178721855437 0.5542373662274254
    outer loop
      vertex 0.8182581164251392 -0.002790938619575578 11.309999999999999
      vertex 0.8165852921932436 0 11.309999999999999
      vertex -0.9455844122715709 -0.9455844122715709 14.309999999999999
    endloop
  endfacet
  facet normal 0.6167370871613496 0.5589779129778035 0.5542373662274253
    outer loop
      vertex 0.4686291501015243 0.4686291501015243 11.309999999999999
      vertex -0.9455844122715709 -0.9455844122715709 14.309999999999999
      vertex 0.6004364944539031 0.3232021560557201 11.309999999999999
    endloop
  endfacet
  facet normal 0.5589779129778035 0.6167370871613496 0.5542373662274253
    outer loop
      vertex 0.4686291501015243 0.4686291501015243 11.309999999999999
      vertex 0.3232021560557201 0.6004364944539031 11.309999999999999
      vertex -0.9455844122715709 -0.9455844122715709 14.309999999999999
    endloop
  endfacet
  facet normal -0.2804131875443149 0.7837023581236205 0.5542373662274251
    outer loop
      vertex -1.7109512770017505 0.9021746527510026 11.309999999999999
      vertex -0.9455844122715709 -0.9455844122715709 14.309999999999999
      vertex -1.5261537667804954 0.9682962591928468 11.309999999999999
    endloop
  endfacet
  facet normal -0.20224665738875888 0.807413915815402 0.5542373662274253
    outer loop
      vertex -1.5261537667804954 0.9682962591928468 11.309999999999999
      vertex -0.9455844122715709 -0.9455844122715709 14.309999999999999
      vertex -1.3357650563038272 1.01598614853489 11.309999999999999
    endloop
  endfacet
  facet normal -0.12213238136327961 0.8233496361205375 0.5542373662274253
    outer loop
      vertex -1.3357650563038272 1.01598614853489 11.309999999999999
      vertex -0.9455844122715709 -0.9455844122715709 14.309999999999999
      vertex -1.1416186929306922 1.044785041072823 11.309999999999999
    endloop
  endfacet
  facet normal -0.040841903740919505 0.8313560493411379 0.5542373662274253
    outer loop
      vertex -1.1416186929306922 1.044785041072823 11.309999999999999
      vertex -0.9455844122715709 -0.9455844122715709 14.309999999999999
      vertex -0.9455844122715709 1.0544155877284291 11.309999999999999
    endloop
  endfacet
  facet normal 0.040841903740919526 0.8313560493411378 0.5542373662274253
    outer loop
      vertex -0.9455844122715709 1.0544155877284291 11.309999999999999
      vertex -0.9455844122715709 -0.9455844122715709 14.309999999999999
      vertex -0.7495501316124497 1.044785041072823 11.309999999999999
    endloop
  endfacet
  facet normal 0.12213238136327949 0.8233496361205375 0.5542373662274253
    outer loop
      vertex -0.7495501316124497 1.044785041072823 11.309999999999999
      vertex -0.9455844122715709 -0.9455844122715709 14.309999999999999
      vertex -0.5554037682393144 1.01598614853489 11.309999999999999
    endloop
  endfacet
  facet normal 0.20224665738875888 0.807413915815402 0.5542373662274253
    outer loop
      vertex -0.5554037682393144 1.01598614853489 11.309999999999999
      vertex -0.9455844122715709 -0.9455844122715709 14.309999999999999
      vertex -0.3650150577626462 0.9682962591928468 11.309999999999999
    endloop
  endfacet
  facet normal 0.2804131875443152 0.7837023581236205 0.5542373662274253
    outer loop
      vertex -0.3650150577626462 0.9682962591928468 11.309999999999999
      vertex -0.9455844122715709 -0.9455844122715709 14.309999999999999
      vertex -0.1802175475413913 0.9021746527510026 11.309999999999999
    endloop
  endfacet
  facet normal -0.5589779129777995 -0.6167370871613536 0.5542373662274247
    outer loop
      vertex 84.41137084989847 -2.359797974644666 11.309999999999999
      vertex 84.55679784394428 -2.4916053189970446 11.309999999999999
      vertex 85.82558441227157 -0.9455844122715709 14.309999999999999
    endloop
  endfacet
  facet normal -0.668556746052731 -0.4958354759238901 0.5542373662274257
    outer loop
      vertex 84.2795635055461 -2.214370980598862 11.309999999999999
      vertex 85.82558441227157 -0.9455844122715709 14.309999999999999
      vertex 84.16264518766647 -2.056724878310775 11.309999999999999
    endloop
  endfacet
  facet normal -0.6167370871613436 -0.5589779129778103 0.554237366227425
    outer loop
      vertex 84.2795635055461 -2.214370980598862 11.309999999999999
      vertex 84.41137084989847 -2.359797974644666 11.309999999999999
      vertex 85.82558441227157 -0.9455844122715709 14.309999999999999
    endloop
  endfacet
  facet normal -0.7524433183078285 -0.3558791854143632 0.5542373662274255
    outer loop
      vertex 84.06174188357485 -1.8883778859235663 11.309999999999999
      vertex 85.82558441227157 -0.9455844122715709 14.309999999999999
      vertex 83.977825347249 -1.7109512770017505 11.309999999999999
    endloop
  endfacet
  facet normal -0.783702358123627 -0.28041318754429834 0.5542373662274245
    outer loop
      vertex 83.91170374080716 -1.5261537667804954 11.309999999999999
      vertex 83.977825347249 -1.7109512770017505 11.309999999999999
      vertex 85.82558441227157 -0.9455844122715709 14.309999999999999
    endloop
  endfacet
  facet normal -0.7139378380093636 -0.42791787218554184 0.554237366227426
    outer loop
      vertex 84.16264518766647 -2.056724878310775 11.309999999999999
      vertex 85.82558441227157 -0.9455844122715709 14.309999999999999
      vertex 84.06174188357485 -1.8883778859235663 11.309999999999999
    endloop
  endfacet
  facet normal -0.35587918541439617 -0.7524433183078131 0.554237366227425
    outer loop
      vertex 84.88279093861958 -2.7094269409682807 11.309999999999999
      vertex 85.06021754754138 -2.7933434772941443 11.309999999999999
      vertex 85.82558441227157 -0.9455844122715709 14.309999999999999
    endloop
  endfacet
  facet normal -0.2804131875443101 -0.7837023581236223 0.5542373662274253
    outer loop
      vertex 85.06021754754138 -2.7933434772941443 11.309999999999999
      vertex 85.24501505776264 -2.8594650837359885 11.309999999999999
      vertex 85.82558441227157 -0.9455844122715709 14.309999999999999
    endloop
  endfacet
  facet normal -0.2022466573887589 -0.8074139158154021 0.5542373662274253
    outer loop
      vertex 85.24501505776264 -2.8594650837359885 11.309999999999999
      vertex 85.43540376823931 -2.9071549730780317 11.309999999999999
      vertex 85.82558441227157 -0.9455844122715709 14.309999999999999
    endloop
  endfacet
  facet normal -0.12213238136327909 -0.8233496361205376 0.5542373662274253
    outer loop
      vertex 85.62955013161245 -2.9359538656159647 11.309999999999999
      vertex 85.82558441227157 -0.9455844122715709 14.309999999999999
      vertex 85.43540376823931 -2.9071549730780317 11.309999999999999
    endloop
  endfacet
  facet normal -0.04084190374091978 -0.8313560493411378 0.5542373662274253
    outer loop
      vertex 85.62955013161245 -2.9359538656159647 11.309999999999999
      vertex 85.82558441227157 -2.945584412271571 11.309999999999999
      vertex 85.82558441227157 -0.9455844122715709 14.309999999999999
    endloop
  endfacet
  facet normal 0.04084190374091978 -0.8313560493411378 0.5542373662274253
    outer loop
      vertex 85.82558441227157 -2.945584412271571 11.309999999999999
      vertex 86.02161869293069 -2.9359538656159647 11.309999999999999
      vertex 85.82558441227157 -0.9455844122715709 14.309999999999999
    endloop
  endfacet
  facet normal 0.12213238136327909 -0.8233496361205376 0.5542373662274253
    outer loop
      vertex 86.02161869293069 -2.9359538656159647 11.309999999999999
      vertex 86.21576505630382 -2.9071549730780317 11.309999999999999
      vertex 85.82558441227157 -0.9455844122715709 14.309999999999999
    endloop
  endfacet
  facet normal 0.2022466573887589 -0.8074139158154021 0.5542373662274253
    outer loop
      vertex 86.21576505630382 -2.9071549730780317 11.309999999999999
      vertex 86.40615376678049 -2.8594650837359885 11.309999999999999
      vertex 85.82558441227157 -0.9455844122715709 14.309999999999999
    endloop
  endfacet
  facet normal 0.2804131875443101 -0.7837023581236222 0.5542373662274253
    outer loop
      vertex 86.40615376678049 -2.8594650837359885 11.309999999999999
      vertex 86.59095127700175 -2.7933434772941443 11.309999999999999
      vertex 85.82558441227157 -0.9455844122715709 14.309999999999999
    endloop
  endfacet
  facet normal 0.35587918541439617 -0.7524433183078131 0.554237366227425
    outer loop
      vertex 86.59095127700175 -2.7933434772941443 11.309999999999999
      vertex 86.76837788592356 -2.7094269409682807 11.309999999999999
      vertex 85.82558441227157 -0.9455844122715709 14.309999999999999
    endloop
  endfacet
  facet normal -0.42791787218554145 -0.7139378380093648 0.5542373662274248
    outer loop
      vertex 84.71444394623236 -2.6085236368766616 11.309999999999999
      vertex 84.88279093861958 -2.7094269409682807 11.309999999999999
      vertex 85.82558441227157 -0.9455844122715709 14.309999999999999
    endloop
  endfacet
  facet normal -0.4958354759238798 -0.6685567460527394 0.5542373662274248
    outer loop
      vertex 84.71444394623236 -2.6085236368766616 11.309999999999999
      vertex 85.82558441227157 -0.9455844122715709 14.309999999999999
      vertex 84.55679784394428 -2.4916053189970446 11.309999999999999
    endloop
  endfacet
  facet normal 0.42791787218554145 -0.7139378380093648 0.5542373662274248
    outer loop
      vertex 86.76837788592356 -2.7094269409682807 11.309999999999999
      vertex 86.93672487831077 -2.6085236368766616 11.309999999999999
      vertex 85.82558441227157 -0.9455844122715709 14.309999999999999
    endloop
  endfacet
  facet normal 0.4958354759238798 -0.6685567460527394 0.5542373662274248
    outer loop
      vertex 86.93672487831077 -2.6085236368766616 11.309999999999999
      vertex 87.09437098059885 -2.4916053189970446 11.309999999999999
      vertex 85.82558441227157 -0.9455844122715709 14.309999999999999
    endloop
  endfacet
  facet normal 0.5589779129777995 -0.6167370871613536 0.5542373662274247
    outer loop
      vertex 87.09437098059885 -2.4916053189970446 11.309999999999999
      vertex 87.23979797464466 -2.359797974644666 11.309999999999999
      vertex 85.82558441227157 -0.9455844122715709 14.309999999999999
    endloop
  endfacet
  facet normal 0.6167370871613436 -0.5589779129778103 0.5542373662274249
    outer loop
      vertex 87.23979797464466 -2.359797974644666 11.309999999999999
      vertex 87.37160531899704 -2.214370980598862 11.309999999999999
      vertex 85.82558441227157 -0.9455844122715709 14.309999999999999
    endloop
  endfacet
  facet normal 0.668556746052731 -0.4958354759238901 0.5542373662274257
    outer loop
      vertex 87.37160531899704 -2.214370980598862 11.309999999999999
      vertex 87.48852363687666 -2.056724878310775 11.309999999999999
      vertex 85.82558441227157 -0.9455844122715709 14.309999999999999
    endloop
  endfacet
  facet normal 0.7139378380093636 -0.42791787218554184 0.554237366227426
    outer loop
      vertex 87.48852363687666 -2.056724878310775 11.309999999999999
      vertex 87.58942694096828 -1.8883778859235663 11.309999999999999
      vertex 85.82558441227157 -0.9455844122715709 14.309999999999999
    endloop
  endfacet
  facet normal 0.7524433183078285 -0.3558791854143632 0.5542373662274255
    outer loop
      vertex 87.58942694096828 -1.8883778859235663 11.309999999999999
      vertex 87.67334347729414 -1.7109512770017505 11.309999999999999
      vertex 85.82558441227157 -0.9455844122715709 14.309999999999999
    endloop
  endfacet
  facet normal 0.783702358123627 -0.28041318754429834 0.5542373662274245
    outer loop
      vertex 87.67334347729414 -1.7109512770017505 11.309999999999999
      vertex 87.73946508373598 -1.5261537667804954 11.309999999999999
      vertex 85.82558441227157 -0.9455844122715709 14.309999999999999
    endloop
  endfacet
  facet normal -0.8074139158153927 -0.2022466573887961 0.5542373662274249
    outer loop
      vertex 83.91170374080716 -1.5261537667804954 11.309999999999999
      vertex 85.82558441227157 -0.9455844122715709 14.309999999999999
      vertex 83.8640138514651 -1.3357650563038272 11.309999999999999
    endloop
  endfacet
  facet normal -0.8233496361205355 -0.12213238136328874 0.5542373662274261
    outer loop
      vertex 83.8640138514651 -1.3357650563038272 11.309999999999999
      vertex 85.82558441227157 -0.9455844122715709 14.309999999999999
      vertex 83.83521495892717 -1.1416186929306922 11.309999999999999
    endloop
  endfacet
  facet normal -0.8313560493411387 -0.04084190374089506 0.5542373662274258
    outer loop
      vertex 83.83521495892717 -1.1416186929306922 11.309999999999999
      vertex 85.82558441227157 -0.9455844122715709 14.309999999999999
      vertex 83.82558441227157 -0.9455844122715709 11.309999999999999
    endloop
  endfacet
  facet normal -0.8313560493411386 0.04084190374089508 0.5542373662274257
    outer loop
      vertex 83.82558441227157 -0.9455844122715709 11.309999999999999
      vertex 85.82558441227157 -0.9455844122715709 14.309999999999999
      vertex 83.83521495892717 -0.7495501316124497 11.309999999999999
    endloop
  endfacet
  facet normal -0.8233496361205354 0.12213238136328859 0.5542373662274261
    outer loop
      vertex 83.83521495892717 -0.7495501316124497 11.309999999999999
      vertex 85.82558441227157 -0.9455844122715709 14.309999999999999
      vertex 83.8640138514651 -0.5554037682393144 11.309999999999999
    endloop
  endfacet
  facet normal -0.8074139158153927 0.2022466573887961 0.5542373662274249
    outer loop
      vertex 83.8640138514651 -0.5554037682393144 11.309999999999999
      vertex 85.82558441227157 -0.9455844122715709 14.309999999999999
      vertex 83.91170374080716 -0.3650150577626462 11.309999999999999
    endloop
  endfacet
  facet normal -0.783702358123627 0.28041318754429867 0.5542373662274246
    outer loop
      vertex 83.91170374080716 -0.3650150577626462 11.309999999999999
      vertex 85.82558441227157 -0.9455844122715709 14.309999999999999
      vertex 83.977825347249 -0.1802175475413913 11.309999999999999
    endloop
  endfacet
  facet normal -0.7524433183078285 0.3558791854143632 0.5542373662274254
    outer loop
      vertex 83.977825347249 -0.1802175475413913 11.309999999999999
      vertex 85.82558441227157 -0.9455844122715709 14.309999999999999
      vertex 84.06174188357485 -0.002790938619575578 11.309999999999999
    endloop
  endfacet
  facet normal -0.713937838010083 0.42791787218429966 0.5542373662274586
    outer loop
      vertex 84.06174188357485 -0.002790938619575578 11.309999999999999
      vertex 85.82558441227157 -0.9455844122715709 14.309999999999999
      vertex 84.06341470780674 0 11.309999999999999
    endloop
  endfacet
  facet normal -0.713937838009351 0.4279178721855622 0.5542373662274265
    outer loop
      vertex 84.06341470780674 0 11.309999999999999
      vertex 85.82558441227157 -0.9455844122715709 14.309999999999999
      vertex 84.16264518766647 0.1655560537676335 11.309999999999999
    endloop
  endfacet
  facet normal -0.668556746052731 0.4958354759238901 0.5542373662274257
    outer loop
      vertex 84.16264518766647 0.1655560537676335 11.309999999999999
      vertex 85.82558441227157 -0.9455844122715709 14.309999999999999
      vertex 84.2795635055461 0.3232021560557201 11.309999999999999
    endloop
  endfacet
  facet normal -0.616737087161344 0.5589779129778099 0.554237366227425
    outer loop
      vertex 84.2795635055461 0.3232021560557201 11.309999999999999
      vertex 85.82558441227157 -0.9455844122715709 14.309999999999999
      vertex 84.41137084989847 0.4686291501015243 11.309999999999999
    endloop
  endfacet
  facet normal -0.5589779129777995 0.6167370871613536 0.5542373662274247
    outer loop
      vertex 84.41137084989847 0.4686291501015243 11.309999999999999
      vertex 85.82558441227157 -0.9455844122715709 14.309999999999999
      vertex 84.55679784394428 0.6004364944539031 11.309999999999999
    endloop
  endfacet
  facet normal -0.4958354759238785 0.6685567460527403 0.5542373662274248
    outer loop
      vertex 84.55679784394428 0.6004364944539031 11.309999999999999
      vertex 85.82558441227157 -0.9455844122715709 14.309999999999999
      vertex 84.71444394623236 0.7173548123335196 11.309999999999999
    endloop
  endfacet
  facet normal -0.42791787218554056 0.7139378380093653 0.5542373662274248
    outer loop
      vertex 84.88279093861958 0.8182581164251392 11.309999999999999
      vertex 84.88 0.8165852921932392 11.309999999999999
      vertex 85.82558441227157 -0.9455844122715709 14.309999999999999
    endloop
  endfacet
  facet normal -0.4279178721855429 0.713937838009364 0.5542373662274248
    outer loop
      vertex 84.71444394623236 0.7173548123335196 11.309999999999999
      vertex 85.82558441227157 -0.9455844122715709 14.309999999999999
      vertex 84.88 0.8165852921932392 11.309999999999999
    endloop
  endfacet
  facet normal -0.3558791854143954 0.7524433183078134 0.5542373662274251
    outer loop
      vertex 84.88279093861958 0.8182581164251392 11.309999999999999
      vertex 85.82558441227157 -0.9455844122715709 14.309999999999999
      vertex 85.06021754754138 0.9021746527510026 11.309999999999999
    endloop
  endfacet
  facet normal 0.3558791854143954 0.7524433183078134 0.5542373662274251
    outer loop
      vertex 86.76837788592356 0.8182581164251392 11.309999999999999
      vertex 86.59095127700175 0.9021746527510026 11.309999999999999
      vertex 85.82558441227157 -0.9455844122715709 14.309999999999999
    endloop
  endfacet
  facet normal -0.2804131875443101 0.7837023581236223 0.5542373662274253
    outer loop
      vertex 85.06021754754138 0.9021746527510026 11.309999999999999
      vertex 85.82558441227157 -0.9455844122715709 14.309999999999999
      vertex 85.24501505776264 0.9682962591928468 11.309999999999999
    endloop
  endfacet
  facet normal -0.2022466573887589 0.8074139158154021 0.5542373662274253
    outer loop
      vertex 85.24501505776264 0.9682962591928468 11.309999999999999
      vertex 85.82558441227157 -0.9455844122715709 14.309999999999999
      vertex 85.43540376823931 1.01598614853489 11.309999999999999
    endloop
  endfacet
  facet normal -0.12213238136327909 0.8233496361205376 0.5542373662274253
    outer loop
      vertex 85.43540376823931 1.01598614853489 11.309999999999999
      vertex 85.82558441227157 -0.9455844122715709 14.309999999999999
      vertex 85.62955013161245 1.044785041072823 11.309999999999999
    endloop
  endfacet
  facet normal -0.04084190374091978 0.8313560493411378 0.5542373662274253
    outer loop
      vertex 85.62955013161245 1.044785041072823 11.309999999999999
      vertex 85.82558441227157 -0.9455844122715709 14.309999999999999
      vertex 85.82558441227157 1.0544155877284291 11.309999999999999
    endloop
  endfacet
  facet normal 0.04084190374091978 0.8313560493411378 0.5542373662274253
    outer loop
      vertex 85.82558441227157 1.0544155877284291 11.309999999999999
      vertex 85.82558441227157 -0.9455844122715709 14.309999999999999
      vertex 86.02161869293069 1.044785041072823 11.309999999999999
    endloop
  endfacet
  facet normal 0.12213238136327909 0.8233496361205376 0.5542373662274253
    outer loop
      vertex 86.02161869293069 1.044785041072823 11.309999999999999
      vertex 85.82558441227157 -0.9455844122715709 14.309999999999999
      vertex 86.21576505630382 1.01598614853489 11.309999999999999
    endloop
  endfacet
  facet normal 0.2022466573887589 0.8074139158154021 0.5542373662274253
    outer loop
      vertex 86.21576505630382 1.01598614853489 11.309999999999999
      vertex 85.82558441227157 -0.9455844122715709 14.309999999999999
      vertex 86.40615376678049 0.9682962591928468 11.309999999999999
    endloop
  endfacet
  facet normal 0.2804131875443101 0.7837023581236222 0.5542373662274253
    outer loop
      vertex 86.40615376678049 0.9682962591928468 11.309999999999999
      vertex 85.82558441227157 -0.9455844122715709 14.309999999999999
      vertex 86.59095127700175 0.9021746527510026 11.309999999999999
    endloop
  endfacet
  facet normal 0.8074139158153927 -0.2022466573887961 0.5542373662274249
    outer loop
      vertex 87.73946508373598 -1.5261537667804954 11.309999999999999
      vertex 87.78715497307803 -1.3357650563038272 11.309999999999999
      vertex 85.82558441227157 -0.9455844122715709 14.309999999999999
    endloop
  endfacet
  facet normal 0.8233496361205355 -0.12213238136328874 0.5542373662274261
    outer loop
      vertex 87.78715497307803 -1.3357650563038272 11.309999999999999
      vertex 87.81595386561597 -1.1416186929306922 11.309999999999999
      vertex 85.82558441227157 -0.9455844122715709 14.309999999999999
    endloop
  endfacet
  facet normal 0.8313560493411387 -0.04084190374089506 0.5542373662274258
    outer loop
      vertex 87.81595386561597 -1.1416186929306922 11.309999999999999
      vertex 87.82558441227157 -0.9455844122715709 11.309999999999999
      vertex 85.82558441227157 -0.9455844122715709 14.309999999999999
    endloop
  endfacet
  facet normal 0.8313560493411386 0.04084190374089508 0.5542373662274257
    outer loop
      vertex 87.82558441227157 -0.9455844122715709 11.309999999999999
      vertex 87.81595386561597 -0.7495501316124497 11.309999999999999
      vertex 85.82558441227157 -0.9455844122715709 14.309999999999999
    endloop
  endfacet
  facet normal 0.8233496361205354 0.12213238136328859 0.5542373662274261
    outer loop
      vertex 87.81595386561597 -0.7495501316124497 11.309999999999999
      vertex 87.78715497307803 -0.5554037682393144 11.309999999999999
      vertex 85.82558441227157 -0.9455844122715709 14.309999999999999
    endloop
  endfacet
  facet normal 0.8074139158153927 0.2022466573887961 0.5542373662274249
    outer loop
      vertex 87.78715497307803 -0.5554037682393144 11.309999999999999
      vertex 87.73946508373598 -0.3650150577626462 11.309999999999999
      vertex 85.82558441227157 -0.9455844122715709 14.309999999999999
    endloop
  endfacet
  facet normal 0.7524433183078285 0.3558791854143632 0.5542373662274254
    outer loop
      vertex 87.67334347729414 -0.1802175475413913 11.309999999999999
      vertex 87.58942694096828 -0.002790938619575578 11.309999999999999
      vertex 85.82558441227157 -0.9455844122715709 14.309999999999999
    endloop
  endfacet
  facet normal 0.783702358123627 0.28041318754429867 0.5542373662274246
    outer loop
      vertex 87.73946508373598 -0.3650150577626462 11.309999999999999
      vertex 87.67334347729414 -0.1802175475413913 11.309999999999999
      vertex 85.82558441227157 -0.9455844122715709 14.309999999999999
    endloop
  endfacet
  facet normal 0.7139378380093638 0.42791787218554167 0.5542373662274261
    outer loop
      vertex 87.58942694096828 -0.002790938619575578 11.309999999999999
      vertex 87.48852363687666 0.1655560537676335 11.309999999999999
      vertex 85.82558441227157 -0.9455844122715709 14.309999999999999
    endloop
  endfacet
  facet normal 0.668556746052731 0.4958354759238901 0.5542373662274257
    outer loop
      vertex 87.48852363687666 0.1655560537676335 11.309999999999999
      vertex 87.37160531899704 0.3232021560557201 11.309999999999999
      vertex 85.82558441227157 -0.9455844122715709 14.309999999999999
    endloop
  endfacet
  facet normal 0.616737087161344 0.5589779129778099 0.554237366227425
    outer loop
      vertex 87.37160531899704 0.3232021560557201 11.309999999999999
      vertex 87.23979797464466 0.4686291501015243 11.309999999999999
      vertex 85.82558441227157 -0.9455844122715709 14.309999999999999
    endloop
  endfacet
  facet normal 0.5589779129777995 0.6167370871613536 0.5542373662274247
    outer loop
      vertex 87.09437098059885 0.6004364944539031 11.309999999999999
      vertex 85.82558441227157 -0.9455844122715709 14.309999999999999
      vertex 87.23979797464466 0.4686291501015243 11.309999999999999
    endloop
  endfacet
  facet normal 0.4958354759238785 0.6685567460527403 0.5542373662274248
    outer loop
      vertex 87.09437098059885 0.6004364944539031 11.309999999999999
      vertex 86.93672487831077 0.7173548123335196 11.309999999999999
      vertex 85.82558441227157 -0.9455844122715709 14.309999999999999
    endloop
  endfacet
  facet normal 0.42791787218554284 0.7139378380093641 0.5542373662274248
    outer loop
      vertex 86.76837788592356 0.8182581164251392 11.309999999999999
      vertex 85.82558441227157 -0.9455844122715709 14.309999999999999
      vertex 86.93672487831077 0.7173548123335196 11.309999999999999
    endloop
  endfacet
  facet normal -0.42791787218556426 -0.7139378380093507 0.5542373662274255
    outer loop
      vertex -2.056724878310775 41.78264518766649 11.309999999999999
      vertex -1.8883778859235663 41.681741883574865 11.309999999999999
      vertex -0.9455844122715709 43.44558441227158 14.309999999999999
    endloop
  endfacet
  facet normal -0.49583547592387084 -0.6685567460527456 0.5542373662274251
    outer loop
      vertex -2.056724878310775 41.78264518766649 11.309999999999999
      vertex -0.9455844122715709 43.44558441227158 14.309999999999999
      vertex -2.214370980598862 41.899563505546105 11.309999999999999
    endloop
  endfacet
  facet normal -0.5589779129778103 -0.6167370871613436 0.5542373662274249
    outer loop
      vertex -2.359797974644666 42.03137084989849 11.309999999999999
      vertex -2.214370980598862 41.899563505546105 11.309999999999999
      vertex -0.9455844122715709 43.44558441227158 14.309999999999999
    endloop
  endfacet
  facet normal -0.6167370871613398 -0.5589779129778144 0.5542373662274251
    outer loop
      vertex -2.359797974644666 42.03137084989849 11.309999999999999
      vertex -0.9455844122715709 43.44558441227158 14.309999999999999
      vertex -2.4916053189970446 42.176797843944286 11.309999999999999
    endloop
  endfacet
  facet normal -0.66855674605275 -0.4958354759238652 0.5542373662274253
    outer loop
      vertex -2.4916053189970446 42.176797843944286 11.309999999999999
      vertex -0.9455844122715709 43.44558441227158 14.309999999999999
      vertex -2.6085236368766616 42.334443946232376 11.309999999999999
    endloop
  endfacet
  facet normal -0.7139378380093566 -0.4279178721855546 0.5542373662274251
    outer loop
      vertex -2.6085236368766616 42.334443946232376 11.309999999999999
      vertex -0.9455844122715709 43.44558441227158 14.309999999999999
      vertex -2.7094269409682807 42.50279093861958 11.309999999999999
    endloop
  endfacet
  facet normal -0.7837023581236223 -0.2804131875443101 0.5542373662274253
    outer loop
      vertex -2.7933434772941443 42.680217547541396 11.309999999999999
      vertex -0.9455844122715709 43.44558441227158 14.309999999999999
      vertex -2.8594650837359885 42.865015057762655 11.309999999999999
    endloop
  endfacet
  facet normal -0.7524433183078184 -0.35587918541438446 0.5542373662274254
    outer loop
      vertex -2.7094269409682807 42.50279093861958 11.309999999999999
      vertex -0.9455844122715709 43.44558441227158 14.309999999999999
      vertex -2.7933434772941443 42.680217547541396 11.309999999999999
    endloop
  endfacet
  facet normal -0.8074139158154021 -0.2022466573887589 0.5542373662274253
    outer loop
      vertex -2.8594650837359885 42.865015057762655 11.309999999999999
      vertex -0.9455844122715709 43.44558441227158 14.309999999999999
      vertex -2.9071549730780317 43.05540376823932 11.309999999999999
    endloop
  endfacet
  facet normal -0.8233496361205376 -0.12213238136327909 0.5542373662274253
    outer loop
      vertex -2.9071549730780317 43.05540376823932 11.309999999999999
      vertex -0.9455844122715709 43.44558441227158 14.309999999999999
      vertex -2.9359538656159647 43.24955013161246 11.309999999999999
    endloop
  endfacet
  facet normal -0.8313560493411378 -0.04084190374091978 0.5542373662274253
    outer loop
      vertex -2.9359538656159647 43.24955013161246 11.309999999999999
      vertex -0.9455844122715709 43.44558441227158 14.309999999999999
      vertex -2.945584412271571 43.44558441227158 11.309999999999999
    endloop
  endfacet
  facet normal -0.8313560493411378 0.04084190374091978 0.5542373662274253
    outer loop
      vertex -2.945584412271571 43.44558441227158 11.309999999999999
      vertex -0.9455844122715709 43.44558441227158 14.309999999999999
      vertex -2.9359538656159647 43.6416186929307 11.309999999999999
    endloop
  endfacet
  facet normal -0.8233496361205376 0.12213238136327909 0.5542373662274253
    outer loop
      vertex -2.9359538656159647 43.6416186929307 11.309999999999999
      vertex -0.9455844122715709 43.44558441227158 14.309999999999999
      vertex -2.9071549730780317 43.835765056303835 11.309999999999999
    endloop
  endfacet
  facet normal -0.8074139158154021 0.2022466573887589 0.5542373662274253
    outer loop
      vertex -2.9071549730780317 43.835765056303835 11.309999999999999
      vertex -0.9455844122715709 43.44558441227158 14.309999999999999
      vertex -2.8594650837359885 44.0261537667805 11.309999999999999
    endloop
  endfacet
  facet normal -0.2804131875443249 -0.783702358123617 0.5542373662274251
    outer loop
      vertex -1.7109512770017505 41.59782534724901 11.309999999999999
      vertex -1.5261537667804954 41.53170374080716 11.309999999999999
      vertex -0.9455844122715709 43.44558441227158 14.309999999999999
    endloop
  endfacet
  facet normal -0.2022466573887394 -0.8074139158154069 0.554237366227425
    outer loop
      vertex -1.5261537667804954 41.53170374080716 11.309999999999999
      vertex -1.3357650563038272 41.48401385146512 11.309999999999999
      vertex -0.9455844122715709 43.44558441227158 14.309999999999999
    endloop
  endfacet
  facet normal -0.12213238136328888 -0.8233496361205364 0.5542373662274248
    outer loop
      vertex -1.3357650563038272 41.48401385146512 11.309999999999999
      vertex -1.1416186929306922 41.455214958927186 11.309999999999999
      vertex -0.9455844122715709 43.44558441227158 14.309999999999999
    endloop
  endfacet
  facet normal -0.04084190374092514 -0.8313560493411376 0.5542373662274251
    outer loop
      vertex -1.1416186929306922 41.455214958927186 11.309999999999999
      vertex -0.9455844122715709 41.44558441227158 11.309999999999999
      vertex -0.9455844122715709 43.44558441227158 14.309999999999999
    endloop
  endfacet
  facet normal 0.04084190374092517 -0.8313560493411377 0.5542373662274251
    outer loop
      vertex -0.9455844122715709 41.44558441227158 11.309999999999999
      vertex -0.7495501316124497 41.455214958927186 11.309999999999999
      vertex -0.9455844122715709 43.44558441227158 14.309999999999999
    endloop
  endfacet
  facet normal 0.12213238136328873 -0.8233496361205364 0.5542373662274248
    outer loop
      vertex -0.7495501316124497 41.455214958927186 11.309999999999999
      vertex -0.5554037682393144 41.48401385146512 11.309999999999999
      vertex -0.9455844122715709 43.44558441227158 14.309999999999999
    endloop
  endfacet
  facet normal 0.2022466573887394 -0.8074139158154069 0.5542373662274249
    outer loop
      vertex -0.5554037682393144 41.48401385146512 11.309999999999999
      vertex -0.3650150577626462 41.53170374080716 11.309999999999999
      vertex -0.9455844122715709 43.44558441227158 14.309999999999999
    endloop
  endfacet
  facet normal 0.2804131875443252 -0.783702358123617 0.5542373662274251
    outer loop
      vertex -0.3650150577626462 41.53170374080716 11.309999999999999
      vertex -0.1802175475413913 41.59782534724901 11.309999999999999
      vertex -0.9455844122715709 43.44558441227158 14.309999999999999
    endloop
  endfacet
  facet normal -0.3558791854143632 -0.7524433183078285 0.5542373662274254
    outer loop
      vertex -1.7109512770017505 41.59782534724901 11.309999999999999
      vertex -0.9455844122715709 43.44558441227158 14.309999999999999
      vertex -1.8883778859235663 41.681741883574865 11.309999999999999
    endloop
  endfacet
  facet normal 0.3558791854143632 -0.7524433183078285 0.5542373662274254
    outer loop
      vertex -0.1802175475413913 41.59782534724901 11.309999999999999
      vertex -0.002790938619575578 41.681741883574865 11.309999999999999
      vertex -0.9455844122715709 43.44558441227158 14.309999999999999
    endloop
  endfacet
  facet normal 0.427917872185649 -0.7139378380093017 0.5542373662274231
    outer loop
      vertex -0.002790938619575578 41.681741883574865 11.309999999999999
      vertex 0 41.68341470780676 11.309999999999999
      vertex -0.9455844122715709 43.44558441227158 14.309999999999999
    endloop
  endfacet
  facet normal 0.4279178721855626 -0.7139378380093516 0.5542373662274254
    outer loop
      vertex 0 41.68341470780676 11.309999999999999
      vertex 0.1655560537676335 41.78264518766649 11.309999999999999
      vertex -0.9455844122715709 43.44558441227158 14.309999999999999
    endloop
  endfacet
  facet normal 0.49583547592387084 -0.6685567460527456 0.5542373662274251
    outer loop
      vertex 0.1655560537676335 41.78264518766649 11.309999999999999
      vertex 0.3232021560557201 41.899563505546105 11.309999999999999
      vertex -0.9455844122715709 43.44558441227158 14.309999999999999
    endloop
  endfacet
  facet normal 0.5589779129778099 -0.616737087161344 0.554237366227425
    outer loop
      vertex 0.3232021560557201 41.899563505546105 11.309999999999999
      vertex 0.4686291501015243 42.03137084989849 11.309999999999999
      vertex -0.9455844122715709 43.44558441227158 14.309999999999999
    endloop
  endfacet
  facet normal 0.6167370871613398 -0.5589779129778144 0.5542373662274253
    outer loop
      vertex 0.4686291501015243 42.03137084989849 11.309999999999999
      vertex 0.6004364944539031 42.176797843944286 11.309999999999999
      vertex -0.9455844122715709 43.44558441227158 14.309999999999999
    endloop
  endfacet
  facet normal 0.6685567460527507 -0.49583547592386396 0.5542373662274251
    outer loop
      vertex 0.6004364944539031 42.176797843944286 11.309999999999999
      vertex 0.7173548123335196 42.334443946232376 11.309999999999999
      vertex -0.9455844122715709 43.44558441227158 14.309999999999999
    endloop
  endfacet
  facet normal 0.7139378380093557 -0.42791787218555616 0.5542373662274251
    outer loop
      vertex 0.7173548123335196 42.334443946232376 11.309999999999999
      vertex 0.8165852921932434 42.50000000000001 11.309999999999999
      vertex -0.9455844122715709 43.44558441227158 14.309999999999999
    endloop
  endfacet
  facet normal 0.7139378380093604 -0.42791787218554794 0.5542373662274253
    outer loop
      vertex 0.8182581164251392 42.50279093861958 11.309999999999999
      vertex -0.9455844122715709 43.44558441227158 14.309999999999999
      vertex 0.8165852921932434 42.50000000000001 11.309999999999999
    endloop
  endfacet
  facet normal 0.7524433183078187 -0.3558791854143837 0.5542373662274254
    outer loop
      vertex 0.8182581164251392 42.50279093861958 11.309999999999999
      vertex 0.9021746527510026 42.680217547541396 11.309999999999999
      vertex -0.9455844122715709 43.44558441227158 14.309999999999999
    endloop
  endfacet
  facet normal 0.7837023581236223 -0.2804131875443101 0.5542373662274253
    outer loop
      vertex 0.9021746527510026 42.680217547541396 11.309999999999999
      vertex 0.9682962591928468 42.865015057762655 11.309999999999999
      vertex -0.9455844122715709 43.44558441227158 14.309999999999999
    endloop
  endfacet
  facet normal 0.8074139158154021 -0.2022466573887589 0.5542373662274253
    outer loop
      vertex 0.9682962591928468 42.865015057762655 11.309999999999999
      vertex 1.01598614853489 43.05540376823932 11.309999999999999
      vertex -0.9455844122715709 43.44558441227158 14.309999999999999
    endloop
  endfacet
  facet normal 0.8233496361205376 -0.12213238136327909 0.5542373662274253
    outer loop
      vertex 1.01598614853489 43.05540376823932 11.309999999999999
      vertex 1.044785041072823 43.24955013161246 11.309999999999999
      vertex -0.9455844122715709 43.44558441227158 14.309999999999999
    endloop
  endfacet
  facet normal 0.8313560493411378 -0.04084190374091978 0.5542373662274253
    outer loop
      vertex 1.044785041072823 43.24955013161246 11.309999999999999
      vertex 1.0544155877284291 43.44558441227158 11.309999999999999
      vertex -0.9455844122715709 43.44558441227158 14.309999999999999
    endloop
  endfacet
  facet normal 0.8313560493411378 0.04084190374091978 0.5542373662274253
    outer loop
      vertex 1.0544155877284291 43.44558441227158 11.309999999999999
      vertex 1.044785041072823 43.6416186929307 11.309999999999999
      vertex -0.9455844122715709 43.44558441227158 14.309999999999999
    endloop
  endfacet
  facet normal 0.8233496361205376 0.12213238136327909 0.5542373662274253
    outer loop
      vertex 1.044785041072823 43.6416186929307 11.309999999999999
      vertex 1.01598614853489 43.835765056303835 11.309999999999999
      vertex -0.9455844122715709 43.44558441227158 14.309999999999999
    endloop
  endfacet
  facet normal 0.8074139158154021 0.2022466573887589 0.5542373662274253
    outer loop
      vertex 1.01598614853489 43.835765056303835 11.309999999999999
      vertex 0.9682962591928468 44.0261537667805 11.309999999999999
      vertex -0.9455844122715709 43.44558441227158 14.309999999999999
    endloop
  endfacet
  facet normal -0.7837023581236222 0.2804131875443101 0.5542373662274253
    outer loop
      vertex -2.8594650837359885 44.0261537667805 11.309999999999999
      vertex -0.9455844122715709 43.44558441227158 14.309999999999999
      vertex -2.7933434772941443 44.21095127700176 11.309999999999999
    endloop
  endfacet
  facet normal -0.7524433183078184 0.35587918541438446 0.5542373662274254
    outer loop
      vertex -2.7933434772941443 44.21095127700176 11.309999999999999
      vertex -0.9455844122715709 43.44558441227158 14.309999999999999
      vertex -2.7094269409682807 44.388377885923575 11.309999999999999
    endloop
  endfacet
  facet normal -0.7139378380093566 0.4279178721855546 0.5542373662274251
    outer loop
      vertex -2.7094269409682807 44.388377885923575 11.309999999999999
      vertex -0.9455844122715709 43.44558441227158 14.309999999999999
      vertex -2.6085236368766616 44.55672487831078 11.309999999999999
    endloop
  endfacet
  facet normal -0.66855674605275 0.4958354759238652 0.5542373662274253
    outer loop
      vertex -2.6085236368766616 44.55672487831078 11.309999999999999
      vertex -0.9455844122715709 43.44558441227158 14.309999999999999
      vertex -2.4916053189970446 44.71437098059887 11.309999999999999
    endloop
  endfacet
  facet normal -0.6167370871613398 0.5589779129778144 0.5542373662274251
    outer loop
      vertex -2.4916053189970446 44.71437098059887 11.309999999999999
      vertex -0.9455844122715709 43.44558441227158 14.309999999999999
      vertex -2.359797974644666 44.85979797464467 11.309999999999999
    endloop
  endfacet
  facet normal -0.5589779129778103 0.6167370871613436 0.5542373662274249
    outer loop
      vertex -2.359797974644666 44.85979797464467 11.309999999999999
      vertex -0.9455844122715709 43.44558441227158 14.309999999999999
      vertex -2.214370980598862 44.99160531899705 11.309999999999999
    endloop
  endfacet
  facet normal -0.49583547592387084 0.6685567460527456 0.5542373662274251
    outer loop
      vertex -2.214370980598862 44.99160531899705 11.309999999999999
      vertex -0.9455844122715709 43.44558441227158 14.309999999999999
      vertex -2.056724878310775 45.10852363687667 11.309999999999999
    endloop
  endfacet
  facet normal -0.42791787218556426 0.7139378380093507 0.5542373662274255
    outer loop
      vertex -2.056724878310775 45.10852363687667 11.309999999999999
      vertex -0.9455844122715709 43.44558441227158 14.309999999999999
      vertex -1.8883778859235663 45.20942694096829 11.309999999999999
    endloop
  endfacet
  facet normal 0.49583547592387084 0.6685567460527456 0.5542373662274251
    outer loop
      vertex 0.3232021560557201 44.99160531899705 11.309999999999999
      vertex 0.1655560537676335 45.10852363687667 11.309999999999999
      vertex -0.9455844122715709 43.44558441227158 14.309999999999999
    endloop
  endfacet
  facet normal 0.42791787218556404 0.7139378380093508 0.5542373662274255
    outer loop
      vertex -0.002790938619575578 45.20942694096829 11.309999999999999
      vertex -0.9455844122715709 43.44558441227158 14.309999999999999
      vertex 0.1655560537676335 45.10852363687667 11.309999999999999
    endloop
  endfacet
  facet normal -0.3558791854143632 0.7524433183078285 0.5542373662274255
    outer loop
      vertex -1.8883778859235663 45.20942694096829 11.309999999999999
      vertex -0.9455844122715709 43.44558441227158 14.309999999999999
      vertex -1.7109512770017505 45.29334347729415 11.309999999999999
    endloop
  endfacet
  facet normal -0.2804131875443249 0.783702358123617 0.5542373662274251
    outer loop
      vertex -1.7109512770017505 45.29334347729415 11.309999999999999
      vertex -0.9455844122715709 43.44558441227158 14.309999999999999
      vertex -1.5261537667804954 45.359465083736 11.309999999999999
    endloop
  endfacet
  facet normal -0.2022466573887394 0.8074139158154069 0.554237366227425
    outer loop
      vertex -1.5261537667804954 45.359465083736 11.309999999999999
      vertex -0.9455844122715709 43.44558441227158 14.309999999999999
      vertex -1.3357650563038272 45.407154973078036 11.309999999999999
    endloop
  endfacet
  facet normal -0.12213238136328888 0.8233496361205364 0.5542373662274248
    outer loop
      vertex -1.3357650563038272 45.407154973078036 11.309999999999999
      vertex -0.9455844122715709 43.44558441227158 14.309999999999999
      vertex -1.1416186929306922 45.43595386561597 11.309999999999999
    endloop
  endfacet
  facet normal -0.04084190374092514 0.8313560493411376 0.5542373662274251
    outer loop
      vertex -1.1416186929306922 45.43595386561597 11.309999999999999
      vertex -0.9455844122715709 43.44558441227158 14.309999999999999
      vertex -0.9455844122715709 45.44558441227158 11.309999999999999
    endloop
  endfacet
  facet normal 0.04084190374092517 0.8313560493411377 0.5542373662274251
    outer loop
      vertex -0.9455844122715709 45.44558441227158 11.309999999999999
      vertex -0.9455844122715709 43.44558441227158 14.309999999999999
      vertex -0.7495501316124497 45.43595386561597 11.309999999999999
    endloop
  endfacet
  facet normal 0.12213238136328874 0.8233496361205365 0.5542373662274248
    outer loop
      vertex -0.5554037682393144 45.407154973078036 11.309999999999999
      vertex -0.7495501316124497 45.43595386561597 11.309999999999999
      vertex -0.9455844122715709 43.44558441227158 14.309999999999999
    endloop
  endfacet
  facet normal 0.2022466573887394 0.8074139158154069 0.5542373662274249
    outer loop
      vertex -0.5554037682393144 45.407154973078036 11.309999999999999
      vertex -0.9455844122715709 43.44558441227158 14.309999999999999
      vertex -0.3650150577626462 45.359465083736 11.309999999999999
    endloop
  endfacet
  facet normal 0.2804131875443252 0.783702358123617 0.5542373662274251
    outer loop
      vertex -0.3650150577626462 45.359465083736 11.309999999999999
      vertex -0.9455844122715709 43.44558441227158 14.309999999999999
      vertex -0.1802175475413913 45.29334347729415 11.309999999999999
    endloop
  endfacet
  facet normal 0.3558791854143632 0.7524433183078285 0.5542373662274254
    outer loop
      vertex -0.1802175475413913 45.29334347729415 11.309999999999999
      vertex -0.9455844122715709 43.44558441227158 14.309999999999999
      vertex -0.002790938619575578 45.20942694096829 11.309999999999999
    endloop
  endfacet
  facet normal 0.7139378380093558 0.427917872185556 0.5542373662274253
    outer loop
      vertex 0.8182581164251392 44.388377885923575 11.309999999999999
      vertex 0.7173548123335196 44.55672487831078 11.309999999999999
      vertex -0.9455844122715709 43.44558441227158 14.309999999999999
    endloop
  endfacet
  facet normal 0.7837023581236223 0.2804131875443101 0.5542373662274253
    outer loop
      vertex 0.9021746527510026 44.21095127700176 11.309999999999999
      vertex -0.9455844122715709 43.44558441227158 14.309999999999999
      vertex 0.9682962591928468 44.0261537667805 11.309999999999999
    endloop
  endfacet
  facet normal 0.7524433183078187 0.3558791854143837 0.5542373662274254
    outer loop
      vertex 0.9021746527510026 44.21095127700176 11.309999999999999
      vertex 0.8182581164251392 44.388377885923575 11.309999999999999
      vertex -0.9455844122715709 43.44558441227158 14.309999999999999
    endloop
  endfacet
  facet normal 0.6167370871613398 0.5589779129778144 0.5542373662274253
    outer loop
      vertex 0.4686291501015243 44.85979797464467 11.309999999999999
      vertex -0.9455844122715709 43.44558441227158 14.309999999999999
      vertex 0.6004364944539031 44.71437098059887 11.309999999999999
    endloop
  endfacet
  facet normal 0.6685567460527507 0.49583547592386396 0.5542373662274253
    outer loop
      vertex 0.7173548123335196 44.55672487831078 11.309999999999999
      vertex 0.6004364944539031 44.71437098059887 11.309999999999999
      vertex -0.9455844122715709 43.44558441227158 14.309999999999999
    endloop
  endfacet
  facet normal 0.5589779129778099 0.616737087161344 0.554237366227425
    outer loop
      vertex 0.3232021560557201 44.99160531899705 11.309999999999999
      vertex -0.9455844122715709 43.44558441227158 14.309999999999999
      vertex 0.4686291501015243 44.85979797464467 11.309999999999999
    endloop
  endfacet
  facet normal -0.28041318754432015 -0.7837023581236188 0.5542373662274253
    outer loop
      vertex 85.06021754754138 41.59782534724901 11.309999999999999
      vertex 85.24501505776264 41.53170374080716 11.309999999999999
      vertex 85.82558441227157 43.44558441227158 14.309999999999999
    endloop
  endfacet
  facet normal -0.2022466573887394 -0.8074139158154069 0.5542373662274249
    outer loop
      vertex 85.24501505776264 41.53170374080716 11.309999999999999
      vertex 85.43540376823931 41.48401385146512 11.309999999999999
      vertex 85.82558441227157 43.44558441227158 14.309999999999999
    endloop
  endfacet
  facet normal -0.12213238136328833 -0.8233496361205365 0.5542373662274247
    outer loop
      vertex 85.43540376823931 41.48401385146512 11.309999999999999
      vertex 85.62955013161245 41.455214958927186 11.309999999999999
      vertex 85.82558441227157 43.44558441227158 14.309999999999999
    endloop
  endfacet
  facet normal -0.04084190374092542 -0.8313560493411376 0.554237366227425
    outer loop
      vertex 85.62955013161245 41.455214958927186 11.309999999999999
      vertex 85.82558441227157 41.44558441227158 11.309999999999999
      vertex 85.82558441227157 43.44558441227158 14.309999999999999
    endloop
  endfacet
  facet normal 0.04084190374092542 -0.8313560493411376 0.554237366227425
    outer loop
      vertex 85.82558441227157 41.44558441227158 11.309999999999999
      vertex 86.02161869293069 41.455214958927186 11.309999999999999
      vertex 85.82558441227157 43.44558441227158 14.309999999999999
    endloop
  endfacet
  facet normal 0.12213238136328833 -0.8233496361205365 0.5542373662274247
    outer loop
      vertex 86.02161869293069 41.455214958927186 11.309999999999999
      vertex 86.21576505630382 41.48401385146512 11.309999999999999
      vertex 85.82558441227157 43.44558441227158 14.309999999999999
    endloop
  endfacet
  facet normal 0.2022466573887394 -0.8074139158154069 0.5542373662274249
    outer loop
      vertex 86.21576505630382 41.48401385146512 11.309999999999999
      vertex 86.40615376678049 41.53170374080716 11.309999999999999
      vertex 85.82558441227157 43.44558441227158 14.309999999999999
    endloop
  endfacet
  facet normal 0.28041318754432015 -0.7837023581236188 0.5542373662274253
    outer loop
      vertex 86.40615376678049 41.53170374080716 11.309999999999999
      vertex 86.59095127700175 41.59782534724901 11.309999999999999
      vertex 85.82558441227157 43.44558441227158 14.309999999999999
    endloop
  endfacet
  facet normal -0.5589779129778059 -0.616737087161348 0.5542373662274245
    outer loop
      vertex 84.55679784394428 41.899563505546105 11.309999999999999
      vertex 85.82558441227157 43.44558441227158 14.309999999999999
      vertex 84.41137084989847 42.03137084989849 11.309999999999999
    endloop
  endfacet
  facet normal -0.6167370871613342 -0.5589779129778206 0.554237366227425
    outer loop
      vertex 84.2795635055461 42.176797843944286 11.309999999999999
      vertex 84.41137084989847 42.03137084989849 11.309999999999999
      vertex 85.82558441227157 43.44558441227158 14.309999999999999
    endloop
  endfacet
  facet normal -0.7139378380101048 -0.4279178721842617 0.5542373662274596
    outer loop
      vertex 84.06174188357485 42.50279093861958 11.309999999999999
      vertex 84.06341470780674 42.50000000000001 11.309999999999999
      vertex 85.82558441227157 43.44558441227158 14.309999999999999
    endloop
  endfacet
  facet normal -0.7524433183078263 -0.35587918541436747 0.5542373662274255
    outer loop
      vertex 84.06174188357485 42.50279093861958 11.309999999999999
      vertex 85.82558441227157 43.44558441227158 14.309999999999999
      vertex 83.977825347249 42.680217547541396 11.309999999999999
    endloop
  endfacet
  facet normal -0.7837023581236288 -0.28041318754429356 0.5542373662274247
    outer loop
      vertex 83.91170374080716 42.865015057762655 11.309999999999999
      vertex 83.977825347249 42.680217547541396 11.309999999999999
      vertex 85.82558441227157 43.44558441227158 14.309999999999999
    endloop
  endfacet
  facet normal -0.668556746052737 -0.495835475923882 0.5542373662274257
    outer loop
      vertex 84.2795635055461 42.176797843944286 11.309999999999999
      vertex 85.82558441227157 43.44558441227158 14.309999999999999
      vertex 84.16264518766647 42.334443946232376 11.309999999999999
    endloop
  endfacet
  facet normal -0.713937838009348 -0.42791787218556726 0.5542373662274265
    outer loop
      vertex 84.16264518766647 42.334443946232376 11.309999999999999
      vertex 85.82558441227157 43.44558441227158 14.309999999999999
      vertex 84.06341470780674 42.50000000000001 11.309999999999999
    endloop
  endfacet
  facet normal -0.8074139158153927 -0.2022466573887961 0.5542373662274249
    outer loop
      vertex 83.91170374080716 42.865015057762655 11.309999999999999
      vertex 85.82558441227157 43.44558441227158 14.309999999999999
      vertex 83.8640138514651 43.05540376823932 11.309999999999999
    endloop
  endfacet
  facet normal -0.8233496361205355 -0.12213238136328819 0.5542373662274261
    outer loop
      vertex 83.8640138514651 43.05540376823932 11.309999999999999
      vertex 85.82558441227157 43.44558441227158 14.309999999999999
      vertex 83.83521495892717 43.24955013161246 11.309999999999999
    endloop
  endfacet
  facet normal -0.8313560493411385 -0.04084190374089533 0.5542373662274257
    outer loop
      vertex 83.83521495892717 43.24955013161246 11.309999999999999
      vertex 85.82558441227157 43.44558441227158 14.309999999999999
      vertex 83.82558441227157 43.44558441227158 11.309999999999999
    endloop
  endfacet
  facet normal -0.8313560493411385 0.04084190374089533 0.5542373662274257
    outer loop
      vertex 83.82558441227157 43.44558441227158 11.309999999999999
      vertex 85.82558441227157 43.44558441227158 14.309999999999999
      vertex 83.83521495892717 43.6416186929307 11.309999999999999
    endloop
  endfacet
  facet normal -0.8233496361205357 0.1221323813632882 0.5542373662274261
    outer loop
      vertex 83.83521495892717 43.6416186929307 11.309999999999999
      vertex 85.82558441227157 43.44558441227158 14.309999999999999
      vertex 83.8640138514651 43.835765056303835 11.309999999999999
    endloop
  endfacet
  facet normal -0.8074139158153927 0.2022466573887961 0.5542373662274249
    outer loop
      vertex 83.8640138514651 43.835765056303835 11.309999999999999
      vertex 85.82558441227157 43.44558441227158 14.309999999999999
      vertex 83.91170374080716 44.0261537667805 11.309999999999999
    endloop
  endfacet
  facet normal -0.42791787218557537 -0.7139378380093447 0.5542373662274246
    outer loop
      vertex 84.8111006122855 41.724711411547645 11.309999999999999
      vertex 84.88279093861958 41.681741883574865 11.309999999999999
      vertex 85.82558441227157 43.44558441227158 14.309999999999999
    endloop
  endfacet
  facet normal -0.4958354759238773 -0.6685567460527412 0.5542373662274247
    outer loop
      vertex 84.71444394623236 41.78264518766649 11.309999999999999
      vertex 85.82558441227157 43.44558441227158 14.309999999999999
      vertex 84.55679784394428 41.899563505546105 11.309999999999999
    endloop
  endfacet
  facet normal -0.42791787218554056 -0.7139378380093654 0.5542373662274246
    outer loop
      vertex 84.71444394623236 41.78264518766649 11.309999999999999
      vertex 84.8111006122855 41.724711411547645 11.309999999999999
      vertex 85.82558441227157 43.44558441227158 14.309999999999999
    endloop
  endfacet
  facet normal -0.3558791854143792 -0.752443318307821 0.5542373662274251
    outer loop
      vertex 84.88279093861958 41.681741883574865 11.309999999999999
      vertex 85.06021754754138 41.59782534724901 11.309999999999999
      vertex 85.82558441227157 43.44558441227158 14.309999999999999
    endloop
  endfacet
  facet normal 0.3558791854143792 -0.752443318307821 0.5542373662274253
    outer loop
      vertex 86.59095127700175 41.59782534724901 11.309999999999999
      vertex 86.76837788592356 41.681741883574865 11.309999999999999
      vertex 85.82558441227157 43.44558441227158 14.309999999999999
    endloop
  endfacet
  facet normal 0.42791787218555516 -0.7139378380093563 0.5542373662274249
    outer loop
      vertex 86.76837788592356 41.681741883574865 11.309999999999999
      vertex 86.93672487831077 41.78264518766649 11.309999999999999
      vertex 85.82558441227157 43.44558441227158 14.309999999999999
    endloop
  endfacet
  facet normal 0.4958354759238773 -0.6685567460527412 0.5542373662274247
    outer loop
      vertex 86.93672487831077 41.78264518766649 11.309999999999999
      vertex 87.09437098059885 41.899563505546105 11.309999999999999
      vertex 85.82558441227157 43.44558441227158 14.309999999999999
    endloop
  endfacet
  facet normal 0.5589779129778059 -0.616737087161348 0.5542373662274245
    outer loop
      vertex 87.09437098059885 41.899563505546105 11.309999999999999
      vertex 87.23979797464466 42.03137084989849 11.309999999999999
      vertex 85.82558441227157 43.44558441227158 14.309999999999999
    endloop
  endfacet
  facet normal 0.6167370871613342 -0.5589779129778206 0.554237366227425
    outer loop
      vertex 87.23979797464466 42.03137084989849 11.309999999999999
      vertex 87.37160531899704 42.176797843944286 11.309999999999999
      vertex 85.82558441227157 43.44558441227158 14.309999999999999
    endloop
  endfacet
  facet normal 0.668556746052737 -0.495835475923882 0.5542373662274257
    outer loop
      vertex 87.37160531899704 42.176797843944286 11.309999999999999
      vertex 87.48852363687666 42.334443946232376 11.309999999999999
      vertex 85.82558441227157 43.44558441227158 14.309999999999999
    endloop
  endfacet
  facet normal 0.7139378380093612 -0.42791787218554606 0.554237366227426
    outer loop
      vertex 87.48852363687666 42.334443946232376 11.309999999999999
      vertex 87.58942694096828 42.50279093861958 11.309999999999999
      vertex 85.82558441227157 43.44558441227158 14.309999999999999
    endloop
  endfacet
  facet normal 0.7524433183078263 -0.35587918541436747 0.5542373662274255
    outer loop
      vertex 87.58942694096828 42.50279093861958 11.309999999999999
      vertex 87.67334347729414 42.680217547541396 11.309999999999999
      vertex 85.82558441227157 43.44558441227158 14.309999999999999
    endloop
  endfacet
  facet normal 0.7837023581236288 -0.28041318754429356 0.5542373662274247
    outer loop
      vertex 87.67334347729414 42.680217547541396 11.309999999999999
      vertex 87.73946508373598 42.865015057762655 11.309999999999999
      vertex 85.82558441227157 43.44558441227158 14.309999999999999
    endloop
  endfacet
  facet normal 0.8074139158153927 -0.2022466573887961 0.5542373662274249
    outer loop
      vertex 87.73946508373598 42.865015057762655 11.309999999999999
      vertex 87.78715497307803 43.05540376823932 11.309999999999999
      vertex 85.82558441227157 43.44558441227158 14.309999999999999
    endloop
  endfacet
  facet normal 0.8233496361205355 -0.12213238136328819 0.5542373662274261
    outer loop
      vertex 87.78715497307803 43.05540376823932 11.309999999999999
      vertex 87.81595386561597 43.24955013161246 11.309999999999999
      vertex 85.82558441227157 43.44558441227158 14.309999999999999
    endloop
  endfacet
  facet normal 0.8313560493411385 -0.04084190374089533 0.5542373662274257
    outer loop
      vertex 87.81595386561597 43.24955013161246 11.309999999999999
      vertex 87.82558441227157 43.44558441227158 11.309999999999999
      vertex 85.82558441227157 43.44558441227158 14.309999999999999
    endloop
  endfacet
  facet normal 0.8313560493411385 0.04084190374089533 0.5542373662274257
    outer loop
      vertex 87.82558441227157 43.44558441227158 11.309999999999999
      vertex 87.81595386561597 43.6416186929307 11.309999999999999
      vertex 85.82558441227157 43.44558441227158 14.309999999999999
    endloop
  endfacet
  facet normal 0.8233496361205357 0.1221323813632882 0.5542373662274261
    outer loop
      vertex 87.81595386561597 43.6416186929307 11.309999999999999
      vertex 87.78715497307803 43.835765056303835 11.309999999999999
      vertex 85.82558441227157 43.44558441227158 14.309999999999999
    endloop
  endfacet
  facet normal 0.8074139158153927 0.2022466573887961 0.5542373662274249
    outer loop
      vertex 87.78715497307803 43.835765056303835 11.309999999999999
      vertex 87.73946508373598 44.0261537667805 11.309999999999999
      vertex 85.82558441227157 43.44558441227158 14.309999999999999
    endloop
  endfacet
  facet normal -0.7837023581236288 0.28041318754429356 0.5542373662274247
    outer loop
      vertex 83.91170374080716 44.0261537667805 11.309999999999999
      vertex 85.82558441227157 43.44558441227158 14.309999999999999
      vertex 83.977825347249 44.21095127700176 11.309999999999999
    endloop
  endfacet
  facet normal -0.7524433183078263 0.35587918541436747 0.5542373662274255
    outer loop
      vertex 83.977825347249 44.21095127700176 11.309999999999999
      vertex 85.82558441227157 43.44558441227158 14.309999999999999
      vertex 84.06174188357485 44.388377885923575 11.309999999999999
    endloop
  endfacet
  facet normal -0.7139378380093612 0.42791787218554606 0.5542373662274259
    outer loop
      vertex 84.06174188357485 44.388377885923575 11.309999999999999
      vertex 85.82558441227157 43.44558441227158 14.309999999999999
      vertex 84.16264518766647 44.55672487831078 11.309999999999999
    endloop
  endfacet
  facet normal -0.668556746052737 0.495835475923882 0.5542373662274257
    outer loop
      vertex 84.16264518766647 44.55672487831078 11.309999999999999
      vertex 85.82558441227157 43.44558441227158 14.309999999999999
      vertex 84.2795635055461 44.71437098059887 11.309999999999999
    endloop
  endfacet
  facet normal -0.6167370871613342 0.5589779129778206 0.554237366227425
    outer loop
      vertex 84.2795635055461 44.71437098059887 11.309999999999999
      vertex 85.82558441227157 43.44558441227158 14.309999999999999
      vertex 84.41137084989847 44.85979797464467 11.309999999999999
    endloop
  endfacet
  facet normal -0.5589779129778059 0.616737087161348 0.5542373662274245
    outer loop
      vertex 84.41137084989847 44.85979797464467 11.309999999999999
      vertex 85.82558441227157 43.44558441227158 14.309999999999999
      vertex 84.55679784394428 44.99160531899705 11.309999999999999
    endloop
  endfacet
  facet normal -0.4958354759238774 0.6685567460527413 0.5542373662274247
    outer loop
      vertex 84.55679784394428 44.99160531899705 11.309999999999999
      vertex 85.82558441227157 43.44558441227158 14.309999999999999
      vertex 84.71444394623236 45.10852363687667 11.309999999999999
    endloop
  endfacet
  facet normal -0.42791787218555516 0.7139378380093563 0.5542373662274249
    outer loop
      vertex 84.71444394623236 45.10852363687667 11.309999999999999
      vertex 85.82558441227157 43.44558441227158 14.309999999999999
      vertex 84.88279093861958 45.20942694096829 11.309999999999999
    endloop
  endfacet
  facet normal -0.3558791854143792 0.752443318307821 0.5542373662274251
    outer loop
      vertex 84.88279093861958 45.20942694096829 11.309999999999999
      vertex 85.82558441227157 43.44558441227158 14.309999999999999
      vertex 85.06021754754138 45.29334347729415 11.309999999999999
    endloop
  endfacet
  facet normal -0.28041318754432015 0.7837023581236188 0.5542373662274253
    outer loop
      vertex 85.06021754754138 45.29334347729415 11.309999999999999
      vertex 85.82558441227157 43.44558441227158 14.309999999999999
      vertex 85.24501505776264 45.359465083736 11.309999999999999
    endloop
  endfacet
  facet normal -0.2022466573887394 0.8074139158154069 0.5542373662274249
    outer loop
      vertex 85.24501505776264 45.359465083736 11.309999999999999
      vertex 85.82558441227157 43.44558441227158 14.309999999999999
      vertex 85.43540376823931 45.407154973078036 11.309999999999999
    endloop
  endfacet
  facet normal -0.12213238136328833 0.8233496361205365 0.5542373662274247
    outer loop
      vertex 85.43540376823931 45.407154973078036 11.309999999999999
      vertex 85.82558441227157 43.44558441227158 14.309999999999999
      vertex 85.62955013161245 45.43595386561597 11.309999999999999
    endloop
  endfacet
  facet normal -0.04084190374092542 0.8313560493411376 0.554237366227425
    outer loop
      vertex 85.62955013161245 45.43595386561597 11.309999999999999
      vertex 85.82558441227157 43.44558441227158 14.309999999999999
      vertex 85.82558441227157 45.44558441227158 11.309999999999999
    endloop
  endfacet
  facet normal 0.04084190374092542 0.8313560493411376 0.554237366227425
    outer loop
      vertex 85.82558441227157 45.44558441227158 11.309999999999999
      vertex 85.82558441227157 43.44558441227158 14.309999999999999
      vertex 86.02161869293069 45.43595386561597 11.309999999999999
    endloop
  endfacet
  facet normal 0.12213238136328833 0.8233496361205365 0.5542373662274247
    outer loop
      vertex 86.21576505630382 45.407154973078036 11.309999999999999
      vertex 86.02161869293069 45.43595386561597 11.309999999999999
      vertex 85.82558441227157 43.44558441227158 14.309999999999999
    endloop
  endfacet
  facet normal 0.28041318754432015 0.7837023581236188 0.5542373662274253
    outer loop
      vertex 86.40615376678049 45.359465083736 11.309999999999999
      vertex 85.82558441227157 43.44558441227158 14.309999999999999
      vertex 86.59095127700175 45.29334347729415 11.309999999999999
    endloop
  endfacet
  facet normal 0.2022466573887394 0.8074139158154069 0.5542373662274249
    outer loop
      vertex 86.21576505630382 45.407154973078036 11.309999999999999
      vertex 85.82558441227157 43.44558441227158 14.309999999999999
      vertex 86.40615376678049 45.359465083736 11.309999999999999
    endloop
  endfacet
  facet normal 0.3558791854143792 0.752443318307821 0.5542373662274251
    outer loop
      vertex 86.76837788592356 45.20942694096829 11.309999999999999
      vertex 86.59095127700175 45.29334347729415 11.309999999999999
      vertex 85.82558441227157 43.44558441227158 14.309999999999999
    endloop
  endfacet
  facet normal 0.7524433183078263 0.35587918541436747 0.5542373662274255
    outer loop
      vertex 87.67334347729414 44.21095127700176 11.309999999999999
      vertex 87.58942694096828 44.388377885923575 11.309999999999999
      vertex 85.82558441227157 43.44558441227158 14.309999999999999
    endloop
  endfacet
  facet normal 0.7837023581236288 0.28041318754429356 0.5542373662274247
    outer loop
      vertex 87.73946508373598 44.0261537667805 11.309999999999999
      vertex 87.67334347729414 44.21095127700176 11.309999999999999
      vertex 85.82558441227157 43.44558441227158 14.309999999999999
    endloop
  endfacet
  facet normal 0.7139378380093612 0.42791787218554606 0.5542373662274259
    outer loop
      vertex 87.58942694096828 44.388377885923575 11.309999999999999
      vertex 87.48852363687666 44.55672487831078 11.309999999999999
      vertex 85.82558441227157 43.44558441227158 14.309999999999999
    endloop
  endfacet
  facet normal 0.6167370871613342 0.5589779129778206 0.554237366227425
    outer loop
      vertex 87.37160531899704 44.71437098059887 11.309999999999999
      vertex 87.23979797464466 44.85979797464467 11.309999999999999
      vertex 85.82558441227157 43.44558441227158 14.309999999999999
    endloop
  endfacet
  facet normal 0.4958354759238774 0.6685567460527413 0.5542373662274247
    outer loop
      vertex 87.09437098059885 44.99160531899705 11.309999999999999
      vertex 86.93672487831077 45.10852363687667 11.309999999999999
      vertex 85.82558441227157 43.44558441227158 14.309999999999999
    endloop
  endfacet
  facet normal 0.42791787218555516 0.7139378380093563 0.5542373662274249
    outer loop
      vertex 86.76837788592356 45.20942694096829 11.309999999999999
      vertex 85.82558441227157 43.44558441227158 14.309999999999999
      vertex 86.93672487831077 45.10852363687667 11.309999999999999
    endloop
  endfacet
  facet normal 0.5589779129778059 0.616737087161348 0.5542373662274245
    outer loop
      vertex 87.09437098059885 44.99160531899705 11.309999999999999
      vertex 85.82558441227157 43.44558441227158 14.309999999999999
      vertex 87.23979797464466 44.85979797464467 11.309999999999999
    endloop
  endfacet
  facet normal 0.668556746052737 0.495835475923882 0.5542373662274257
    outer loop
      vertex 87.48852363687666 44.55672487831078 11.309999999999999
      vertex 87.37160531899704 44.71437098059887 11.309999999999999
      vertex 85.82558441227157 43.44558441227158 14.309999999999999
    endloop
  endfacet
  facet normal 0.8577286100002705 0.5141027441932244 0
    outer loop
      vertex 6.950393678258224 18.893016315870014 2.8
      vertex 7.202651938487273 18.472148834901994 0
      vertex 6.950393678258224 18.893016315870014 0
    endloop
  endfacet
  facet normal 0.9039892931234438 0.42755509343028136 0
    outer loop
      vertex 6.7406023374435655 19.336582838174554 2.8
      vertex 6.950393678258224 18.893016315870014 0
      vertex 6.7406023374435655 19.336582838174554 0
    endloop
  endfacet
  facet normal 0.9415440651830217 0.3368898533922174 0
    outer loop
      vertex 6.5752983213389555 19.798576613727693 2.8
      vertex 6.7406023374435655 19.336582838174554 0
      vertex 6.5752983213389555 19.798576613727693 0
    endloop
  endfacet
  facet normal 0.9700312531945439 0.24298017990326456 0
    outer loop
      vertex 6.456073597983847 20.274548389919364 2.8
      vertex 6.5752983213389555 19.798576613727693 0
      vertex 6.456073597983847 20.274548389919364 0
    endloop
  endfacet
  facet normal 0.9891765099647808 0.14673047445536339 0
    outer loop
      vertex 6.384076366639015 20.7599142983522 2.8
      vertex 6.456073597983847 20.274548389919364 0
      vertex 6.384076366639015 20.7599142983522 0
    endloop
  endfacet
  facet normal 0.9987954562051724 0.049067674327417085 0
    outer loop
      vertex 6.359999999999999 21.250000000000004 2.8
      vertex 6.384076366639015 20.7599142983522 0
      vertex 6.359999999999999 21.250000000000004 0
    endloop
  endfacet
  facet normal 0.8577286100002705 0.5141027441932244 0
    outer loop
      vertex 6.950393678258224 18.893016315870014 2.8
      vertex 7.202651938487273 18.472148834901994 2.8
      vertex 7.202651938487273 18.472148834901994 0
    endloop
  endfacet
  facet normal 0.9039892931234438 0.42755509343028136 0
    outer loop
      vertex 6.7406023374435655 19.336582838174554 2.8
      vertex 6.950393678258224 18.893016315870014 2.8
      vertex 6.950393678258224 18.893016315870014 0
    endloop
  endfacet
  facet normal 0.9415440651830217 0.3368898533922174 0
    outer loop
      vertex 6.5752983213389555 19.798576613727693 2.8
      vertex 6.7406023374435655 19.336582838174554 2.8
      vertex 6.7406023374435655 19.336582838174554 0
    endloop
  endfacet
  facet normal 0.9891765099647808 0.14673047445536339 0
    outer loop
      vertex 6.384076366639015 20.7599142983522 2.8
      vertex 6.456073597983847 20.274548389919364 2.8
      vertex 6.456073597983847 20.274548389919364 0
    endloop
  endfacet
  facet normal 0.9700312531945439 0.24298017990326456 0
    outer loop
      vertex 6.456073597983847 20.274548389919364 2.8
      vertex 6.5752983213389555 19.798576613727693 2.8
      vertex 6.5752983213389555 19.798576613727693 0
    endloop
  endfacet
  facet normal 0.9987954562051724 0.049067674327417085 0
    outer loop
      vertex 6.359999999999999 21.250000000000004 2.8
      vertex 6.384076366639015 20.7599142983522 2.8
      vertex 6.384076366639015 20.7599142983522 0
    endloop
  endfacet
  facet normal 0.7409511253549612 0.671558954847016 0
    outer loop
      vertex 7.494947733186315 18.078033579181778 2.8
      vertex 7.824466094067262 17.714466094067266 0
      vertex 7.494947733186315 18.078033579181778 0
    endloop
  endfacet
  facet normal 0.6715589548470178 0.7409511253549595 0
    outer loop
      vertex 8.188033579181772 17.38494773318632 0
      vertex 7.824466094067262 17.714466094067266 0
      vertex 7.824466094067262 17.714466094067266 2.8
    endloop
  endfacet
  facet normal 0.5956993044924304 0.803207531480647 0
    outer loop
      vertex 8.188033579181772 17.38494773318632 2.8
      vertex 8.58214883490199 17.09265193848728 0
      vertex 8.188033579181772 17.38494773318632 0
    endloop
  endfacet
  facet normal 0.42755509343028125 0.9039892931234438 0
    outer loop
      vertex 9.003016315870012 16.840393678258227 2.8
      vertex 9.44658283817455 16.63060233744357 0
      vertex 9.003016315870012 16.840393678258227 0
    endloop
  endfacet
  facet normal 0.5141027441932268 0.857728610000269 0
    outer loop
      vertex 8.58214883490199 17.09265193848728 2.8
      vertex 9.003016315870012 16.840393678258227 0
      vertex 8.58214883490199 17.09265193848728 0
    endloop
  endfacet
  facet normal 0.33688985339221855 0.9415440651830214 0
    outer loop
      vertex 9.44658283817455 16.63060233744357 2.8
      vertex 9.908576613727687 16.46529832133896 0
      vertex 9.44658283817455 16.63060233744357 0
    endloop
  endfacet
  facet normal 0.24298017990326112 0.9700312531945446 0
    outer loop
      vertex 9.908576613727687 16.46529832133896 2.8
      vertex 10.384548389919358 16.346073597983853 0
      vertex 9.908576613727687 16.46529832133896 0
    endloop
  endfacet
  facet normal 0.1467304744553664 0.9891765099647803 0
    outer loop
      vertex 10.384548389919358 16.346073597983853 2.8
      vertex 10.869914298352196 16.27407636663902 0
      vertex 10.384548389919358 16.346073597983853 0
    endloop
  endfacet
  facet normal 0.049067674327417085 0.9987954562051724 0
    outer loop
      vertex 10.869914298352196 16.27407636663902 2.8
      vertex 11.36 16.250000000000004 0
      vertex 10.869914298352196 16.27407636663902 0
    endloop
  endfacet
  facet normal -0.049067674327417085 0.9987954562051724 0
    outer loop
      vertex 11.36 16.250000000000004 2.8
      vertex 11.850085701647803 16.27407636663902 0
      vertex 11.36 16.250000000000004 0
    endloop
  endfacet
  facet normal -0.1467304744553664 0.9891765099647803 0
    outer loop
      vertex 11.850085701647803 16.27407636663902 2.8
      vertex 12.335451610080641 16.346073597983853 0
      vertex 11.850085701647803 16.27407636663902 0
    endloop
  endfacet
  facet normal -0.24298017990326112 0.9700312531945446 0
    outer loop
      vertex 12.335451610080641 16.346073597983853 2.8
      vertex 12.811423386272311 16.46529832133896 0
      vertex 12.335451610080641 16.346073597983853 0
    endloop
  endfacet
  facet normal -0.33688985339221855 0.9415440651830214 0
    outer loop
      vertex 12.811423386272311 16.46529832133896 2.8
      vertex 13.27341716182545 16.63060233744357 0
      vertex 12.811423386272311 16.46529832133896 0
    endloop
  endfacet
  facet normal 0.803207531480644 0.5956993044924345 0
    outer loop
      vertex 7.202651938487273 18.472148834901994 2.8
      vertex 7.494947733186315 18.078033579181778 0
      vertex 7.202651938487273 18.472148834901994 0
    endloop
  endfacet
  facet normal -0.42755509343028125 0.9039892931234438 0
    outer loop
      vertex 13.27341716182545 16.63060233744357 2.8
      vertex 13.716983684129987 16.840393678258227 0
      vertex 13.27341716182545 16.63060233744357 0
    endloop
  endfacet
  facet normal -0.5141027441932268 0.857728610000269 0
    outer loop
      vertex 13.716983684129987 16.840393678258227 2.8
      vertex 14.13785116509801 17.09265193848728 0
      vertex 13.716983684129987 16.840393678258227 0
    endloop
  endfacet
  facet normal -0.5956993044924304 0.803207531480647 0
    outer loop
      vertex 14.13785116509801 17.09265193848728 2.8
      vertex 14.531966420818227 17.38494773318632 0
      vertex 14.13785116509801 17.09265193848728 0
    endloop
  endfacet
  facet normal -0.6715589548470178 0.7409511253549595 0
    outer loop
      vertex 14.531966420818227 17.38494773318632 2.8
      vertex 14.895533905932737 17.714466094067266 0
      vertex 14.531966420818227 17.38494773318632 0
    endloop
  endfacet
  facet normal -0.7409511253549612 0.671558954847016 0
    outer loop
      vertex 14.895533905932737 17.714466094067266 0
      vertex 14.895533905932737 17.714466094067266 2.8
      vertex 15.225052266813684 18.078033579181778 0
    endloop
  endfacet
  facet normal -0.803207531480644 0.5956993044924345 0
    outer loop
      vertex 15.225052266813684 18.078033579181778 2.8
      vertex 15.517348061512726 18.472148834901994 0
      vertex 15.225052266813684 18.078033579181778 0
    endloop
  endfacet
  facet normal -0.8577286100002696 0.5141027441932258 0
    outer loop
      vertex 15.517348061512726 18.472148834901994 2.8
      vertex 15.769606321741776 18.893016315870014 0
      vertex 15.517348061512726 18.472148834901994 0
    endloop
  endfacet
  facet normal -0.9039892931234443 0.42755509343027975 0
    outer loop
      vertex 15.769606321741776 18.893016315870014 2.8
      vertex 15.979397662556433 19.336582838174554 0
      vertex 15.769606321741776 18.893016315870014 0
    endloop
  endfacet
  facet normal -0.9415440651830217 0.3368898533922174 0
    outer loop
      vertex 15.979397662556433 19.336582838174554 2.8
      vertex 16.144701678661043 19.798576613727693 0
      vertex 15.979397662556433 19.336582838174554 0
    endloop
  endfacet
  facet normal -0.970031253194543 0.24298017990326792 0
    outer loop
      vertex 16.144701678661043 19.798576613727693 2.8
      vertex 16.263926402016153 20.274548389919364 0
      vertex 16.144701678661043 19.798576613727693 0
    endloop
  endfacet
  facet normal -0.9891765099647812 0.14673047445535986 0
    outer loop
      vertex 16.263926402016153 20.274548389919364 2.8
      vertex 16.335923633360984 20.7599142983522 0
      vertex 16.263926402016153 20.274548389919364 0
    endloop
  endfacet
  facet normal -0.9987954562051724 0.049067674327417085 0
    outer loop
      vertex 16.335923633360984 20.7599142983522 0
      vertex 16.335923633360984 20.7599142983522 2.8
      vertex 16.36 21.250000000000004 0
    endloop
  endfacet
  facet normal 0.5956993044924304 0.803207531480647 0
    outer loop
      vertex 8.58214883490199 17.09265193848728 2.8
      vertex 8.58214883490199 17.09265193848728 0
      vertex 8.188033579181772 17.38494773318632 2.8
    endloop
  endfacet
  facet normal 0.7409511253549612 0.671558954847016 0
    outer loop
      vertex 7.494947733186315 18.078033579181778 2.8
      vertex 7.824466094067262 17.714466094067266 2.8
      vertex 7.824466094067262 17.714466094067266 0
    endloop
  endfacet
  facet normal 0.6715589548470178 0.7409511253549595 0
    outer loop
      vertex 8.188033579181772 17.38494773318632 2.8
      vertex 8.188033579181772 17.38494773318632 0
      vertex 7.824466094067262 17.714466094067266 2.8
    endloop
  endfacet
  facet normal 0.42755509343028125 0.9039892931234438 0
    outer loop
      vertex 9.44658283817455 16.63060233744357 2.8
      vertex 9.44658283817455 16.63060233744357 0
      vertex 9.003016315870012 16.840393678258227 2.8
    endloop
  endfacet
  facet normal 0.5141027441932268 0.857728610000269 0
    outer loop
      vertex 9.003016315870012 16.840393678258227 2.8
      vertex 9.003016315870012 16.840393678258227 0
      vertex 8.58214883490199 17.09265193848728 2.8
    endloop
  endfacet
  facet normal 0.33688985339221855 0.9415440651830214 0
    outer loop
      vertex 9.908576613727687 16.46529832133896 2.8
      vertex 9.908576613727687 16.46529832133896 0
      vertex 9.44658283817455 16.63060233744357 2.8
    endloop
  endfacet
  facet normal 0.24298017990326112 0.9700312531945446 0
    outer loop
      vertex 10.384548389919358 16.346073597983853 2.8
      vertex 10.384548389919358 16.346073597983853 0
      vertex 9.908576613727687 16.46529832133896 2.8
    endloop
  endfacet
  facet normal 0.1467304744553664 0.9891765099647803 0
    outer loop
      vertex 10.869914298352196 16.27407636663902 2.8
      vertex 10.869914298352196 16.27407636663902 0
      vertex 10.384548389919358 16.346073597983853 2.8
    endloop
  endfacet
  facet normal 0.049067674327417085 0.9987954562051724 0
    outer loop
      vertex 11.36 16.250000000000004 2.8
      vertex 11.36 16.250000000000004 0
      vertex 10.869914298352196 16.27407636663902 2.8
    endloop
  endfacet
  facet normal -0.049067674327417085 0.9987954562051724 0
    outer loop
      vertex 11.850085701647803 16.27407636663902 2.8
      vertex 11.850085701647803 16.27407636663902 0
      vertex 11.36 16.250000000000004 2.8
    endloop
  endfacet
  facet normal -0.1467304744553664 0.9891765099647803 0
    outer loop
      vertex 12.335451610080641 16.346073597983853 2.8
      vertex 12.335451610080641 16.346073597983853 0
      vertex 11.850085701647803 16.27407636663902 2.8
    endloop
  endfacet
  facet normal -0.24298017990326112 0.9700312531945446 0
    outer loop
      vertex 12.811423386272311 16.46529832133896 2.8
      vertex 12.811423386272311 16.46529832133896 0
      vertex 12.335451610080641 16.346073597983853 2.8
    endloop
  endfacet
  facet normal 0.803207531480644 0.5956993044924345 0
    outer loop
      vertex 7.202651938487273 18.472148834901994 2.8
      vertex 7.494947733186315 18.078033579181778 2.8
      vertex 7.494947733186315 18.078033579181778 0
    endloop
  endfacet
  facet normal -0.33688985339221855 0.9415440651830214 0
    outer loop
      vertex 13.27341716182545 16.63060233744357 2.8
      vertex 13.27341716182545 16.63060233744357 0
      vertex 12.811423386272311 16.46529832133896 2.8
    endloop
  endfacet
  facet normal -0.42755509343028125 0.9039892931234438 0
    outer loop
      vertex 13.716983684129987 16.840393678258227 2.8
      vertex 13.716983684129987 16.840393678258227 0
      vertex 13.27341716182545 16.63060233744357 2.8
    endloop
  endfacet
  facet normal -0.5141027441932268 0.857728610000269 0
    outer loop
      vertex 14.13785116509801 17.09265193848728 2.8
      vertex 14.13785116509801 17.09265193848728 0
      vertex 13.716983684129987 16.840393678258227 2.8
    endloop
  endfacet
  facet normal -0.5956993044924304 0.803207531480647 0
    outer loop
      vertex 14.531966420818227 17.38494773318632 2.8
      vertex 14.531966420818227 17.38494773318632 0
      vertex 14.13785116509801 17.09265193848728 2.8
    endloop
  endfacet
  facet normal -0.6715589548470178 0.7409511253549595 0
    outer loop
      vertex 14.895533905932737 17.714466094067266 2.8
      vertex 14.895533905932737 17.714466094067266 0
      vertex 14.531966420818227 17.38494773318632 2.8
    endloop
  endfacet
  facet normal -0.7409511253549612 0.671558954847016 0
    outer loop
      vertex 14.895533905932737 17.714466094067266 2.8
      vertex 15.225052266813684 18.078033579181778 2.8
      vertex 15.225052266813684 18.078033579181778 0
    endloop
  endfacet
  facet normal -0.803207531480644 0.5956993044924345 0
    outer loop
      vertex 15.225052266813684 18.078033579181778 2.8
      vertex 15.517348061512726 18.472148834901994 2.8
      vertex 15.517348061512726 18.472148834901994 0
    endloop
  endfacet
  facet normal -0.8577286100002696 0.5141027441932258 0
    outer loop
      vertex 15.517348061512726 18.472148834901994 2.8
      vertex 15.769606321741776 18.893016315870014 2.8
      vertex 15.769606321741776 18.893016315870014 0
    endloop
  endfacet
  facet normal -0.9039892931234443 0.42755509343027975 0
    outer loop
      vertex 15.769606321741776 18.893016315870014 2.8
      vertex 15.979397662556433 19.336582838174554 2.8
      vertex 15.979397662556433 19.336582838174554 0
    endloop
  endfacet
  facet normal -0.9415440651830217 0.3368898533922174 0
    outer loop
      vertex 15.979397662556433 19.336582838174554 2.8
      vertex 16.144701678661043 19.798576613727693 2.8
      vertex 16.144701678661043 19.798576613727693 0
    endloop
  endfacet
  facet normal -0.970031253194543 0.24298017990326792 0
    outer loop
      vertex 16.144701678661043 19.798576613727693 2.8
      vertex 16.263926402016153 20.274548389919364 2.8
      vertex 16.263926402016153 20.274548389919364 0
    endloop
  endfacet
  facet normal -0.9891765099647812 0.14673047445535986 0
    outer loop
      vertex 16.263926402016153 20.274548389919364 2.8
      vertex 16.335923633360984 20.7599142983522 2.8
      vertex 16.335923633360984 20.7599142983522 0
    endloop
  endfacet
  facet normal -0.9987954562051724 0.049067674327417085 0
    outer loop
      vertex 16.335923633360984 20.7599142983522 2.8
      vertex 16.36 21.250000000000004 2.8
      vertex 16.36 21.250000000000004 0
    endloop
  endfacet
  facet normal 0.9987954562051724 -0.049067674327417085 0
    outer loop
      vertex 6.384076366639015 21.740085701647807 2.8
      vertex 6.359999999999999 21.250000000000004 0
      vertex 6.384076366639015 21.740085701647807 0
    endloop
  endfacet
  facet normal 0.9891765099647808 -0.14673047445536339 0
    outer loop
      vertex 6.456073597983847 22.225451610080643 2.8
      vertex 6.384076366639015 21.740085701647807 0
      vertex 6.456073597983847 22.225451610080643 0
    endloop
  endfacet
  facet normal 0.9700312531945439 -0.24298017990326456 0
    outer loop
      vertex 6.5752983213389555 22.701423386272314 2.8
      vertex 6.456073597983847 22.225451610080643 0
      vertex 6.5752983213389555 22.701423386272314 0
    endloop
  endfacet
  facet normal 0.9415440651830217 -0.3368898533922174 0
    outer loop
      vertex 6.7406023374435655 23.163417161825453 2.8
      vertex 6.5752983213389555 22.701423386272314 0
      vertex 6.7406023374435655 23.163417161825453 0
    endloop
  endfacet
  facet normal 0.9039892931234438 -0.42755509343028136 0
    outer loop
      vertex 6.950393678258224 23.606983684129993 2.8
      vertex 6.7406023374435655 23.163417161825453 0
      vertex 6.950393678258224 23.606983684129993 0
    endloop
  endfacet
  facet normal 0.8577286100002705 -0.5141027441932244 0
    outer loop
      vertex 7.202651938487273 24.027851165098014 2.8
      vertex 6.950393678258224 23.606983684129993 0
      vertex 7.202651938487273 24.027851165098014 0
    endloop
  endfacet
  facet normal 0.9987954562051724 -0.049067674327417085 0
    outer loop
      vertex 6.384076366639015 21.740085701647807 2.8
      vertex 6.359999999999999 21.250000000000004 2.8
      vertex 6.359999999999999 21.250000000000004 0
    endloop
  endfacet
  facet normal 0.9891765099647808 -0.14673047445536339 0
    outer loop
      vertex 6.456073597983847 22.225451610080643 2.8
      vertex 6.384076366639015 21.740085701647807 2.8
      vertex 6.384076366639015 21.740085701647807 0
    endloop
  endfacet
  facet normal 0.9700312531945439 -0.24298017990326456 0
    outer loop
      vertex 6.5752983213389555 22.701423386272314 2.8
      vertex 6.456073597983847 22.225451610080643 2.8
      vertex 6.456073597983847 22.225451610080643 0
    endloop
  endfacet
  facet normal 0.9415440651830217 -0.3368898533922174 0
    outer loop
      vertex 6.7406023374435655 23.163417161825453 2.8
      vertex 6.5752983213389555 22.701423386272314 2.8
      vertex 6.5752983213389555 22.701423386272314 0
    endloop
  endfacet
  facet normal 0.9039892931234438 -0.42755509343028136 0
    outer loop
      vertex 6.950393678258224 23.606983684129993 2.8
      vertex 6.7406023374435655 23.163417161825453 2.8
      vertex 6.7406023374435655 23.163417161825453 0
    endloop
  endfacet
  facet normal 0.8577286100002705 -0.5141027441932244 0
    outer loop
      vertex 7.202651938487273 24.027851165098014 2.8
      vertex 6.950393678258224 23.606983684129993 2.8
      vertex 6.950393678258224 23.606983684129993 0
    endloop
  endfacet
  facet normal 0.803207531480644 -0.5956993044924345 0
    outer loop
      vertex 7.494947733186315 24.42196642081823 2.8
      vertex 7.202651938487273 24.027851165098014 0
      vertex 7.494947733186315 24.42196642081823 0
    endloop
  endfacet
  facet normal 0.7409511253549612 -0.671558954847016 0
    outer loop
      vertex 7.824466094067262 24.78553390593274 2.8
      vertex 7.494947733186315 24.42196642081823 0
      vertex 7.824466094067262 24.78553390593274 0
    endloop
  endfacet
  facet normal 0.6715589548470178 -0.7409511253549595 0
    outer loop
      vertex 8.188033579181772 25.115052266813688 2.8
      vertex 7.824466094067262 24.78553390593274 0
      vertex 8.188033579181772 25.115052266813688 0
    endloop
  endfacet
  facet normal 0.5956993044924304 -0.803207531480647 0
    outer loop
      vertex 8.58214883490199 25.407348061512728 2.8
      vertex 8.188033579181772 25.115052266813688 0
      vertex 8.58214883490199 25.407348061512728 0
    endloop
  endfacet
  facet normal 0.5141027441932268 -0.857728610000269 0
    outer loop
      vertex 9.003016315870012 25.65960632174178 2.8
      vertex 8.58214883490199 25.407348061512728 0
      vertex 9.003016315870012 25.65960632174178 0
    endloop
  endfacet
  facet normal 0.42755509343028125 -0.9039892931234438 0
    outer loop
      vertex 9.44658283817455 25.869397662556437 2.8
      vertex 9.003016315870012 25.65960632174178 0
      vertex 9.44658283817455 25.869397662556437 0
    endloop
  endfacet
  facet normal 0.33688985339221855 -0.9415440651830214 0
    outer loop
      vertex 9.908576613727687 26.034701678661047 2.8
      vertex 9.44658283817455 25.869397662556437 0
      vertex 9.908576613727687 26.034701678661047 0
    endloop
  endfacet
  facet normal -0.24298017990326112 -0.9700312531945446 0
    outer loop
      vertex 12.811423386272311 26.034701678661047 2.8
      vertex 12.335451610080641 26.153926402016154 0
      vertex 12.811423386272311 26.034701678661047 0
    endloop
  endfacet
  facet normal 0.24298017990326112 -0.9700312531945446 0
    outer loop
      vertex 10.384548389919358 26.153926402016154 2.8
      vertex 9.908576613727687 26.034701678661047 0
      vertex 10.384548389919358 26.153926402016154 0
    endloop
  endfacet
  facet normal 0.1467304744553664 -0.9891765099647803 0
    outer loop
      vertex 10.869914298352196 26.22592363336099 2.8
      vertex 10.384548389919358 26.153926402016154 0
      vertex 10.869914298352196 26.22592363336099 0
    endloop
  endfacet
  facet normal 0.049067674327417085 -0.9987954562051724 0
    outer loop
      vertex 11.36 26.250000000000004 2.8
      vertex 10.869914298352196 26.22592363336099 0
      vertex 11.36 26.250000000000004 0
    endloop
  endfacet
  facet normal -0.049067674327417085 -0.9987954562051724 0
    outer loop
      vertex 11.850085701647803 26.22592363336099 2.8
      vertex 11.36 26.250000000000004 0
      vertex 11.850085701647803 26.22592363336099 0
    endloop
  endfacet
  facet normal -0.1467304744553664 -0.9891765099647803 0
    outer loop
      vertex 12.335451610080641 26.153926402016154 2.8
      vertex 11.850085701647803 26.22592363336099 0
      vertex 12.335451610080641 26.153926402016154 0
    endloop
  endfacet
  facet normal -0.9039892931234443 -0.42755509343027975 0
    outer loop
      vertex 15.979397662556433 23.163417161825453 2.8
      vertex 15.769606321741776 23.606983684129993 0
      vertex 15.979397662556433 23.163417161825453 0
    endloop
  endfacet
  facet normal -0.8577286100002696 -0.5141027441932258 0
    outer loop
      vertex 15.769606321741776 23.606983684129993 2.8
      vertex 15.517348061512726 24.027851165098014 0
      vertex 15.769606321741776 23.606983684129993 0
    endloop
  endfacet
  facet normal -0.803207531480644 -0.5956993044924345 0
    outer loop
      vertex 15.517348061512726 24.027851165098014 2.8
      vertex 15.225052266813684 24.42196642081823 0
      vertex 15.517348061512726 24.027851165098014 0
    endloop
  endfacet
  facet normal -0.9987954562051724 -0.049067674327417085 0
    outer loop
      vertex 16.36 21.250000000000004 0
      vertex 16.36 21.250000000000004 2.8
      vertex 16.335923633360984 21.740085701647807 0
    endloop
  endfacet
  facet normal -0.9891765099647812 -0.14673047445535986 0
    outer loop
      vertex 16.335923633360984 21.740085701647807 2.8
      vertex 16.263926402016153 22.225451610080643 0
      vertex 16.335923633360984 21.740085701647807 0
    endloop
  endfacet
  facet normal -0.970031253194543 -0.24298017990326792 0
    outer loop
      vertex 16.263926402016153 22.225451610080643 2.8
      vertex 16.144701678661043 22.701423386272314 0
      vertex 16.263926402016153 22.225451610080643 0
    endloop
  endfacet
  facet normal -0.9415440651830217 -0.3368898533922174 0
    outer loop
      vertex 16.144701678661043 22.701423386272314 2.8
      vertex 15.979397662556433 23.163417161825453 0
      vertex 16.144701678661043 22.701423386272314 0
    endloop
  endfacet
  facet normal -0.5956993044924304 -0.803207531480647 0
    outer loop
      vertex 14.531966420818227 25.115052266813688 2.8
      vertex 14.13785116509801 25.407348061512728 0
      vertex 14.531966420818227 25.115052266813688 0
    endloop
  endfacet
  facet normal -0.33688985339221855 -0.9415440651830214 0
    outer loop
      vertex 13.27341716182545 25.869397662556437 2.8
      vertex 12.811423386272311 26.034701678661047 0
      vertex 13.27341716182545 25.869397662556437 0
    endloop
  endfacet
  facet normal -0.42755509343028125 -0.9039892931234438 0
    outer loop
      vertex 13.716983684129987 25.65960632174178 2.8
      vertex 13.27341716182545 25.869397662556437 0
      vertex 13.716983684129987 25.65960632174178 0
    endloop
  endfacet
  facet normal -0.5141027441932268 -0.857728610000269 0
    outer loop
      vertex 14.13785116509801 25.407348061512728 2.8
      vertex 13.716983684129987 25.65960632174178 0
      vertex 14.13785116509801 25.407348061512728 0
    endloop
  endfacet
  facet normal -0.7409511253549612 -0.671558954847016 0
    outer loop
      vertex 15.225052266813684 24.42196642081823 2.8
      vertex 14.895533905932737 24.78553390593274 0
      vertex 15.225052266813684 24.42196642081823 0
    endloop
  endfacet
  facet normal -0.6715589548470178 -0.7409511253549595 0
    outer loop
      vertex 14.895533905932737 24.78553390593274 2.8
      vertex 14.531966420818227 25.115052266813688 0
      vertex 14.895533905932737 24.78553390593274 0
    endloop
  endfacet
  facet normal 0.803207531480644 -0.5956993044924345 0
    outer loop
      vertex 7.494947733186315 24.42196642081823 2.8
      vertex 7.202651938487273 24.027851165098014 2.8
      vertex 7.202651938487273 24.027851165098014 0
    endloop
  endfacet
  facet normal 0.7409511253549612 -0.671558954847016 0
    outer loop
      vertex 7.824466094067262 24.78553390593274 2.8
      vertex 7.494947733186315 24.42196642081823 2.8
      vertex 7.494947733186315 24.42196642081823 0
    endloop
  endfacet
  facet normal 0.6715589548470178 -0.7409511253549595 0
    outer loop
      vertex 7.824466094067262 24.78553390593274 2.8
      vertex 7.824466094067262 24.78553390593274 0
      vertex 8.188033579181772 25.115052266813688 2.8
    endloop
  endfacet
  facet normal 0.5956993044924304 -0.803207531480647 0
    outer loop
      vertex 8.188033579181772 25.115052266813688 2.8
      vertex 8.188033579181772 25.115052266813688 0
      vertex 8.58214883490199 25.407348061512728 2.8
    endloop
  endfacet
  facet normal 0.5141027441932268 -0.857728610000269 0
    outer loop
      vertex 8.58214883490199 25.407348061512728 2.8
      vertex 8.58214883490199 25.407348061512728 0
      vertex 9.003016315870012 25.65960632174178 2.8
    endloop
  endfacet
  facet normal 0.42755509343028125 -0.9039892931234438 0
    outer loop
      vertex 9.003016315870012 25.65960632174178 2.8
      vertex 9.003016315870012 25.65960632174178 0
      vertex 9.44658283817455 25.869397662556437 2.8
    endloop
  endfacet
  facet normal 0.33688985339221855 -0.9415440651830214 0
    outer loop
      vertex 9.44658283817455 25.869397662556437 2.8
      vertex 9.44658283817455 25.869397662556437 0
      vertex 9.908576613727687 26.034701678661047 2.8
    endloop
  endfacet
  facet normal 0.24298017990326112 -0.9700312531945446 0
    outer loop
      vertex 9.908576613727687 26.034701678661047 2.8
      vertex 9.908576613727687 26.034701678661047 0
      vertex 10.384548389919358 26.153926402016154 2.8
    endloop
  endfacet
  facet normal -0.33688985339221855 -0.9415440651830214 0
    outer loop
      vertex 12.811423386272311 26.034701678661047 2.8
      vertex 12.811423386272311 26.034701678661047 0
      vertex 13.27341716182545 25.869397662556437 2.8
    endloop
  endfacet
  facet normal 0.1467304744553664 -0.9891765099647803 0
    outer loop
      vertex 10.384548389919358 26.153926402016154 2.8
      vertex 10.384548389919358 26.153926402016154 0
      vertex 10.869914298352196 26.22592363336099 2.8
    endloop
  endfacet
  facet normal 0.049067674327417085 -0.9987954562051724 0
    outer loop
      vertex 10.869914298352196 26.22592363336099 2.8
      vertex 10.869914298352196 26.22592363336099 0
      vertex 11.36 26.250000000000004 2.8
    endloop
  endfacet
  facet normal -0.049067674327417085 -0.9987954562051724 0
    outer loop
      vertex 11.36 26.250000000000004 2.8
      vertex 11.36 26.250000000000004 0
      vertex 11.850085701647803 26.22592363336099 2.8
    endloop
  endfacet
  facet normal -0.1467304744553664 -0.9891765099647803 0
    outer loop
      vertex 11.850085701647803 26.22592363336099 2.8
      vertex 11.850085701647803 26.22592363336099 0
      vertex 12.335451610080641 26.153926402016154 2.8
    endloop
  endfacet
  facet normal -0.24298017990326112 -0.9700312531945446 0
    outer loop
      vertex 12.335451610080641 26.153926402016154 2.8
      vertex 12.335451610080641 26.153926402016154 0
      vertex 12.811423386272311 26.034701678661047 2.8
    endloop
  endfacet
  facet normal -0.9039892931234443 -0.42755509343027975 0
    outer loop
      vertex 15.979397662556433 23.163417161825453 2.8
      vertex 15.769606321741776 23.606983684129993 2.8
      vertex 15.769606321741776 23.606983684129993 0
    endloop
  endfacet
  facet normal -0.8577286100002696 -0.5141027441932258 0
    outer loop
      vertex 15.769606321741776 23.606983684129993 2.8
      vertex 15.517348061512726 24.027851165098014 2.8
      vertex 15.517348061512726 24.027851165098014 0
    endloop
  endfacet
  facet normal -0.803207531480644 -0.5956993044924345 0
    outer loop
      vertex 15.517348061512726 24.027851165098014 2.8
      vertex 15.225052266813684 24.42196642081823 2.8
      vertex 15.225052266813684 24.42196642081823 0
    endloop
  endfacet
  facet normal -0.9987954562051724 -0.049067674327417085 0
    outer loop
      vertex 16.36 21.250000000000004 2.8
      vertex 16.335923633360984 21.740085701647807 2.8
      vertex 16.335923633360984 21.740085701647807 0
    endloop
  endfacet
  facet normal -0.9891765099647812 -0.14673047445535986 0
    outer loop
      vertex 16.335923633360984 21.740085701647807 2.8
      vertex 16.263926402016153 22.225451610080643 2.8
      vertex 16.263926402016153 22.225451610080643 0
    endloop
  endfacet
  facet normal -0.970031253194543 -0.24298017990326792 0
    outer loop
      vertex 16.263926402016153 22.225451610080643 2.8
      vertex 16.144701678661043 22.701423386272314 2.8
      vertex 16.144701678661043 22.701423386272314 0
    endloop
  endfacet
  facet normal -0.9415440651830217 -0.3368898533922174 0
    outer loop
      vertex 16.144701678661043 22.701423386272314 2.8
      vertex 15.979397662556433 23.163417161825453 2.8
      vertex 15.979397662556433 23.163417161825453 0
    endloop
  endfacet
  facet normal -0.42755509343028125 -0.9039892931234438 0
    outer loop
      vertex 13.27341716182545 25.869397662556437 2.8
      vertex 13.27341716182545 25.869397662556437 0
      vertex 13.716983684129987 25.65960632174178 2.8
    endloop
  endfacet
  facet normal -0.5141027441932268 -0.857728610000269 0
    outer loop
      vertex 13.716983684129987 25.65960632174178 2.8
      vertex 13.716983684129987 25.65960632174178 0
      vertex 14.13785116509801 25.407348061512728 2.8
    endloop
  endfacet
  facet normal -0.5956993044924304 -0.803207531480647 0
    outer loop
      vertex 14.13785116509801 25.407348061512728 2.8
      vertex 14.13785116509801 25.407348061512728 0
      vertex 14.531966420818227 25.115052266813688 2.8
    endloop
  endfacet
  facet normal -0.7409511253549612 -0.671558954847016 0
    outer loop
      vertex 15.225052266813684 24.42196642081823 2.8
      vertex 14.895533905932737 24.78553390593274 2.8
      vertex 14.895533905932737 24.78553390593274 0
    endloop
  endfacet
  facet normal -0.6715589548470178 -0.7409511253549595 0
    outer loop
      vertex 14.531966420818227 25.115052266813688 2.8
      vertex 14.531966420818227 25.115052266813688 0
      vertex 14.895533905932737 24.78553390593274 2.8
    endloop
  endfacet
  facet normal 0.7409511253549612 0.671558954847016 0
    outer loop
      vertex 28.214947733186314 18.078033579181778 2.8
      vertex 28.54446609406726 17.714466094067266 0
      vertex 28.214947733186314 18.078033579181778 0
    endloop
  endfacet
  facet normal 0.6715589548470197 0.740951125354958 0
    outer loop
      vertex 28.90803357918177 17.38494773318632 0
      vertex 28.54446609406726 17.714466094067266 0
      vertex 28.54446609406726 17.714466094067266 2.8
    endloop
  endfacet
  facet normal 0.5956993044924287 0.8032075314806483 0
    outer loop
      vertex 28.90803357918177 17.38494773318632 2.8
      vertex 29.30214883490199 17.09265193848728 0
      vertex 28.90803357918177 17.38494773318632 0
    endloop
  endfacet
  facet normal 0.42755509343027975 0.9039892931234443 0
    outer loop
      vertex 29.72301631587001 16.840393678258227 2.8
      vertex 30.16658283817455 16.63060233744357 0
      vertex 29.72301631587001 16.840393678258227 0
    endloop
  endfacet
  facet normal 0.5141027441932284 0.857728610000268 0
    outer loop
      vertex 29.30214883490199 17.09265193848728 2.8
      vertex 29.72301631587001 16.840393678258227 0
      vertex 29.30214883490199 17.09265193848728 0
    endloop
  endfacet
  facet normal 0.3368898533922174 0.9415440651830217 0
    outer loop
      vertex 30.16658283817455 16.63060233744357 2.8
      vertex 30.628576613727688 16.46529832133896 0
      vertex 30.16658283817455 16.63060233744357 0
    endloop
  endfacet
  facet normal 0.8577286100002712 0.5141027441932232 0
    outer loop
      vertex 27.670393678258222 18.893016315870014 2.8
      vertex 27.92265193848727 18.472148834901994 0
      vertex 27.670393678258222 18.893016315870014 0
    endloop
  endfacet
  facet normal 0.9039892931234443 0.42755509343027975 0
    outer loop
      vertex 27.460602337443564 19.336582838174554 2.8
      vertex 27.670393678258222 18.893016315870014 0
      vertex 27.460602337443564 19.336582838174554 0
    endloop
  endfacet
  facet normal 0.9415440651830217 0.3368898533922174 0
    outer loop
      vertex 27.295298321338954 19.798576613727693 2.8
      vertex 27.460602337443564 19.336582838174554 0
      vertex 27.295298321338954 19.798576613727693 0
    endloop
  endfacet
  facet normal 0.970031253194543 0.24298017990326792 0
    outer loop
      vertex 27.176073597983844 20.274548389919364 2.8
      vertex 27.295298321338954 19.798576613727693 0
      vertex 27.176073597983844 20.274548389919364 0
    endloop
  endfacet
  facet normal 0.9891765099647812 0.14673047445535986 0
    outer loop
      vertex 27.104076366639013 20.7599142983522 2.8
      vertex 27.176073597983844 20.274548389919364 0
      vertex 27.104076366639013 20.7599142983522 0
    endloop
  endfacet
  facet normal 0.9987954562051724 0.049067674327417085 0
    outer loop
      vertex 27.08 21.250000000000004 2.8
      vertex 27.104076366639013 20.7599142983522 0
      vertex 27.08 21.250000000000004 0
    endloop
  endfacet
  facet normal 0.8032075314806423 0.5956993044924368 0
    outer loop
      vertex 27.92265193848727 18.472148834901994 2.8
      vertex 28.214947733186314 18.078033579181778 0
      vertex 27.92265193848727 18.472148834901994 0
    endloop
  endfacet
  facet normal 0.5956993044924287 0.8032075314806483 0
    outer loop
      vertex 29.30214883490199 17.09265193848728 2.8
      vertex 29.30214883490199 17.09265193848728 0
      vertex 28.90803357918177 17.38494773318632 2.8
    endloop
  endfacet
  facet normal 0.7409511253549612 0.671558954847016 0
    outer loop
      vertex 28.214947733186314 18.078033579181778 2.8
      vertex 28.54446609406726 17.714466094067266 2.8
      vertex 28.54446609406726 17.714466094067266 0
    endloop
  endfacet
  facet normal 0.6715589548470197 0.740951125354958 0
    outer loop
      vertex 28.90803357918177 17.38494773318632 2.8
      vertex 28.90803357918177 17.38494773318632 0
      vertex 28.54446609406726 17.714466094067266 2.8
    endloop
  endfacet
  facet normal 0.5141027441932284 0.857728610000268 0
    outer loop
      vertex 29.72301631587001 16.840393678258227 2.8
      vertex 29.72301631587001 16.840393678258227 0
      vertex 29.30214883490199 17.09265193848728 2.8
    endloop
  endfacet
  facet normal 0.42755509343027975 0.9039892931234443 0
    outer loop
      vertex 30.16658283817455 16.63060233744357 2.8
      vertex 30.16658283817455 16.63060233744357 0
      vertex 29.72301631587001 16.840393678258227 2.8
    endloop
  endfacet
  facet normal 0.3368898533922174 0.9415440651830217 0
    outer loop
      vertex 30.628576613727688 16.46529832133896 2.8
      vertex 30.628576613727688 16.46529832133896 0
      vertex 30.16658283817455 16.63060233744357 2.8
    endloop
  endfacet
  facet normal 0.9039892931234443 0.42755509343027975 0
    outer loop
      vertex 27.460602337443564 19.336582838174554 2.8
      vertex 27.670393678258222 18.893016315870014 2.8
      vertex 27.670393678258222 18.893016315870014 0
    endloop
  endfacet
  facet normal 0.9415440651830217 0.3368898533922174 0
    outer loop
      vertex 27.295298321338954 19.798576613727693 2.8
      vertex 27.460602337443564 19.336582838174554 2.8
      vertex 27.460602337443564 19.336582838174554 0
    endloop
  endfacet
  facet normal 0.970031253194543 0.24298017990326792 0
    outer loop
      vertex 27.176073597983844 20.274548389919364 2.8
      vertex 27.295298321338954 19.798576613727693 2.8
      vertex 27.295298321338954 19.798576613727693 0
    endloop
  endfacet
  facet normal 0.9891765099647812 0.14673047445535986 0
    outer loop
      vertex 27.104076366639013 20.7599142983522 2.8
      vertex 27.176073597983844 20.274548389919364 2.8
      vertex 27.176073597983844 20.274548389919364 0
    endloop
  endfacet
  facet normal 0.9987954562051724 0.049067674327417085 0
    outer loop
      vertex 27.08 21.250000000000004 2.8
      vertex 27.104076366639013 20.7599142983522 2.8
      vertex 27.104076366639013 20.7599142983522 0
    endloop
  endfacet
  facet normal 0.8032075314806423 0.5956993044924368 0
    outer loop
      vertex 27.92265193848727 18.472148834901994 2.8
      vertex 28.214947733186314 18.078033579181778 2.8
      vertex 28.214947733186314 18.078033579181778 0
    endloop
  endfacet
  facet normal 0.8577286100002712 0.5141027441932232 0
    outer loop
      vertex 27.670393678258222 18.893016315870014 2.8
      vertex 27.92265193848727 18.472148834901994 2.8
      vertex 27.92265193848727 18.472148834901994 0
    endloop
  endfacet
  facet normal 0.14673047445536694 0.9891765099647803 0
    outer loop
      vertex 31.10454838991936 16.346073597983853 2.8
      vertex 31.589914298352195 16.27407636663902 0
      vertex 31.10454838991936 16.346073597983853 0
    endloop
  endfacet
  facet normal 0.049067674327417085 0.9987954562051724 0
    outer loop
      vertex 31.589914298352195 16.27407636663902 2.8
      vertex 32.08 16.250000000000004 0
      vertex 31.589914298352195 16.27407636663902 0
    endloop
  endfacet
  facet normal -0.04906767432741744 0.9987954562051725 0
    outer loop
      vertex 32.08 16.250000000000004 2.8
      vertex 32.5700857016478 16.27407636663902 0
      vertex 32.08 16.250000000000004 0
    endloop
  endfacet
  facet normal -0.14673047445536588 0.9891765099647803 0
    outer loop
      vertex 32.5700857016478 16.27407636663902 0
      vertex 32.5700857016478 16.27407636663902 2.8
      vertex 33.05545161008064 16.346073597983853 0
    endloop
  endfacet
  facet normal -0.24298017990326112 0.9700312531945446 0
    outer loop
      vertex 33.05545161008064 16.346073597983853 0
      vertex 33.05545161008064 16.346073597983853 2.8
      vertex 33.53142338627231 16.46529832133896 0
    endloop
  endfacet
  facet normal 0.24298017990326112 0.9700312531945446 0
    outer loop
      vertex 30.628576613727688 16.46529832133896 2.8
      vertex 31.10454838991936 16.346073597983853 0
      vertex 30.628576613727688 16.46529832133896 0
    endloop
  endfacet
  facet normal -0.3368898533922174 0.9415440651830217 0
    outer loop
      vertex 33.53142338627231 16.46529832133896 0
      vertex 33.53142338627231 16.46529832133896 2.8
      vertex 33.99341716182545 16.63060233744357 0
    endloop
  endfacet
  facet normal -0.4275550934302826 0.903989293123443 0
    outer loop
      vertex 33.99341716182545 16.63060233744357 0
      vertex 33.99341716182545 16.63060233744357 2.8
      vertex 34.436983684129984 16.840393678258227 0
    endloop
  endfacet
  facet normal -0.5141027441932221 0.8577286100002719 0
    outer loop
      vertex 34.436983684129984 16.840393678258227 0
      vertex 34.436983684129984 16.840393678258227 2.8
      vertex 34.85785116509801 17.09265193848728 0
    endloop
  endfacet
  facet normal -0.5956993044924322 0.8032075314806458 0
    outer loop
      vertex 34.85785116509801 17.09265193848728 0
      vertex 34.85785116509801 17.09265193848728 2.8
      vertex 35.25196642081823 17.38494773318632 0
    endloop
  endfacet
  facet normal -0.6715589548470197 0.740951125354958 0
    outer loop
      vertex 35.25196642081823 17.38494773318632 0
      vertex 35.25196642081823 17.38494773318632 2.8
      vertex 35.615533905932736 17.714466094067266 0
    endloop
  endfacet
  facet normal -0.7409511253549612 0.671558954847016 0
    outer loop
      vertex 35.94505226681368 18.078033579181778 0
      vertex 35.615533905932736 17.714466094067266 0
      vertex 35.615533905932736 17.714466094067266 2.8
    endloop
  endfacet
  facet normal -0.8032075314806423 0.5956993044924368 0
    outer loop
      vertex 35.94505226681368 18.078033579181778 2.8
      vertex 36.237348061512726 18.472148834901994 0
      vertex 35.94505226681368 18.078033579181778 0
    endloop
  endfacet
  facet normal -0.8577286100002712 0.5141027441932232 0
    outer loop
      vertex 36.489606321741775 18.893016315870014 0
      vertex 36.237348061512726 18.472148834901994 0
      vertex 36.237348061512726 18.472148834901994 2.8
    endloop
  endfacet
  facet normal -0.9039892931234416 0.42755509343028575 0
    outer loop
      vertex 36.699397662556436 19.336582838174554 0
      vertex 36.489606321741775 18.893016315870014 0
      vertex 36.489606321741775 18.893016315870014 2.8
    endloop
  endfacet
  facet normal -0.941544065183024 0.33688985339221095 0
    outer loop
      vertex 36.86470167866104 19.798576613727693 0
      vertex 36.699397662556436 19.336582838174554 0
      vertex 36.699397662556436 19.336582838174554 2.8
    endloop
  endfacet
  facet normal -0.970031253194543 0.24298017990326792 0
    outer loop
      vertex 36.98392640201615 20.274548389919364 0
      vertex 36.86470167866104 19.798576613727693 0
      vertex 36.86470167866104 19.798576613727693 2.8
    endloop
  endfacet
  facet normal -0.9891765099647812 0.14673047445535986 0
    outer loop
      vertex 37.05592363336098 20.7599142983522 0
      vertex 36.98392640201615 20.274548389919364 0
      vertex 36.98392640201615 20.274548389919364 2.8
    endloop
  endfacet
  facet normal -0.9987954562051724 0.049067674327417085 0
    outer loop
      vertex 37.05592363336098 20.7599142983522 0
      vertex 37.05592363336098 20.7599142983522 2.8
      vertex 37.08 21.250000000000004 0
    endloop
  endfacet
  facet normal 0.24298017990326112 0.9700312531945446 0
    outer loop
      vertex 31.10454838991936 16.346073597983853 2.8
      vertex 31.10454838991936 16.346073597983853 0
      vertex 30.628576613727688 16.46529832133896 2.8
    endloop
  endfacet
  facet normal 0.14673047445536694 0.9891765099647803 0
    outer loop
      vertex 31.589914298352195 16.27407636663902 2.8
      vertex 31.589914298352195 16.27407636663902 0
      vertex 31.10454838991936 16.346073597983853 2.8
    endloop
  endfacet
  facet normal 0.049067674327417085 0.9987954562051724 0
    outer loop
      vertex 32.08 16.250000000000004 2.8
      vertex 32.08 16.250000000000004 0
      vertex 31.589914298352195 16.27407636663902 2.8
    endloop
  endfacet
  facet normal -0.04906767432741744 0.9987954562051725 0
    outer loop
      vertex 32.5700857016478 16.27407636663902 0
      vertex 32.08 16.250000000000004 2.8
      vertex 32.5700857016478 16.27407636663902 2.8
    endloop
  endfacet
  facet normal -0.14673047445536588 0.9891765099647803 0
    outer loop
      vertex 33.05545161008064 16.346073597983853 0
      vertex 32.5700857016478 16.27407636663902 2.8
      vertex 33.05545161008064 16.346073597983853 2.8
    endloop
  endfacet
  facet normal -0.24298017990326112 0.9700312531945446 0
    outer loop
      vertex 33.53142338627231 16.46529832133896 0
      vertex 33.05545161008064 16.346073597983853 2.8
      vertex 33.53142338627231 16.46529832133896 2.8
    endloop
  endfacet
  facet normal -0.3368898533922174 0.9415440651830217 0
    outer loop
      vertex 33.99341716182545 16.63060233744357 0
      vertex 33.53142338627231 16.46529832133896 2.8
      vertex 33.99341716182545 16.63060233744357 2.8
    endloop
  endfacet
  facet normal -0.4275550934302826 0.903989293123443 0
    outer loop
      vertex 34.436983684129984 16.840393678258227 0
      vertex 33.99341716182545 16.63060233744357 2.8
      vertex 34.436983684129984 16.840393678258227 2.8
    endloop
  endfacet
  facet normal -0.5141027441932221 0.8577286100002719 0
    outer loop
      vertex 34.85785116509801 17.09265193848728 0
      vertex 34.436983684129984 16.840393678258227 2.8
      vertex 34.85785116509801 17.09265193848728 2.8
    endloop
  endfacet
  facet normal -0.5956993044924322 0.8032075314806458 0
    outer loop
      vertex 35.25196642081823 17.38494773318632 0
      vertex 34.85785116509801 17.09265193848728 2.8
      vertex 35.25196642081823 17.38494773318632 2.8
    endloop
  endfacet
  facet normal -0.6715589548470197 0.740951125354958 0
    outer loop
      vertex 35.615533905932736 17.714466094067266 0
      vertex 35.25196642081823 17.38494773318632 2.8
      vertex 35.615533905932736 17.714466094067266 2.8
    endloop
  endfacet
  facet normal -0.7409511253549612 0.671558954847016 0
    outer loop
      vertex 35.615533905932736 17.714466094067266 2.8
      vertex 35.94505226681368 18.078033579181778 2.8
      vertex 35.94505226681368 18.078033579181778 0
    endloop
  endfacet
  facet normal -0.8032075314806423 0.5956993044924368 0
    outer loop
      vertex 35.94505226681368 18.078033579181778 2.8
      vertex 36.237348061512726 18.472148834901994 2.8
      vertex 36.237348061512726 18.472148834901994 0
    endloop
  endfacet
  facet normal -0.8577286100002712 0.5141027441932232 0
    outer loop
      vertex 36.489606321741775 18.893016315870014 0
      vertex 36.237348061512726 18.472148834901994 2.8
      vertex 36.489606321741775 18.893016315870014 2.8
    endloop
  endfacet
  facet normal -0.9039892931234416 0.42755509343028575 0
    outer loop
      vertex 36.699397662556436 19.336582838174554 0
      vertex 36.489606321741775 18.893016315870014 2.8
      vertex 36.699397662556436 19.336582838174554 2.8
    endloop
  endfacet
  facet normal -0.941544065183024 0.33688985339221095 0
    outer loop
      vertex 36.86470167866104 19.798576613727693 0
      vertex 36.699397662556436 19.336582838174554 2.8
      vertex 36.86470167866104 19.798576613727693 2.8
    endloop
  endfacet
  facet normal -0.970031253194543 0.24298017990326792 0
    outer loop
      vertex 36.98392640201615 20.274548389919364 0
      vertex 36.86470167866104 19.798576613727693 2.8
      vertex 36.98392640201615 20.274548389919364 2.8
    endloop
  endfacet
  facet normal -0.9891765099647812 0.14673047445535986 0
    outer loop
      vertex 37.05592363336098 20.7599142983522 0
      vertex 36.98392640201615 20.274548389919364 2.8
      vertex 37.05592363336098 20.7599142983522 2.8
    endloop
  endfacet
  facet normal -0.9987954562051724 0.049067674327417085 0
    outer loop
      vertex 37.08 21.250000000000004 0
      vertex 37.05592363336098 20.7599142983522 2.8
      vertex 37.08 21.250000000000004 2.8
    endloop
  endfacet
  facet normal 0.9987954562051724 -0.049067674327417085 0
    outer loop
      vertex 27.104076366639013 21.740085701647807 2.8
      vertex 27.08 21.250000000000004 0
      vertex 27.104076366639013 21.740085701647807 0
    endloop
  endfacet
  facet normal 0.9891765099647812 -0.14673047445535986 0
    outer loop
      vertex 27.176073597983844 22.225451610080643 2.8
      vertex 27.104076366639013 21.740085701647807 0
      vertex 27.176073597983844 22.225451610080643 0
    endloop
  endfacet
  facet normal 0.970031253194543 -0.24298017990326792 0
    outer loop
      vertex 27.295298321338954 22.701423386272314 2.8
      vertex 27.176073597983844 22.225451610080643 0
      vertex 27.295298321338954 22.701423386272314 0
    endloop
  endfacet
  facet normal 0.9415440651830217 -0.3368898533922174 0
    outer loop
      vertex 27.460602337443564 23.163417161825453 2.8
      vertex 27.295298321338954 22.701423386272314 0
      vertex 27.460602337443564 23.163417161825453 0
    endloop
  endfacet
  facet normal 0.9039892931234443 -0.42755509343027975 0
    outer loop
      vertex 27.670393678258222 23.606983684129993 2.8
      vertex 27.460602337443564 23.163417161825453 0
      vertex 27.670393678258222 23.606983684129993 0
    endloop
  endfacet
  facet normal 0.8577286100002712 -0.5141027441932232 0
    outer loop
      vertex 27.92265193848727 24.027851165098014 2.8
      vertex 27.670393678258222 23.606983684129993 0
      vertex 27.92265193848727 24.027851165098014 0
    endloop
  endfacet
  facet normal 0.8032075314806423 -0.5956993044924368 0
    outer loop
      vertex 28.214947733186314 24.42196642081823 2.8
      vertex 27.92265193848727 24.027851165098014 0
      vertex 28.214947733186314 24.42196642081823 0
    endloop
  endfacet
  facet normal 0.7409511253549612 -0.671558954847016 0
    outer loop
      vertex 28.54446609406726 24.78553390593274 2.8
      vertex 28.214947733186314 24.42196642081823 0
      vertex 28.54446609406726 24.78553390593274 0
    endloop
  endfacet
  facet normal 0.6715589548470197 -0.740951125354958 0
    outer loop
      vertex 28.90803357918177 25.115052266813688 2.8
      vertex 28.54446609406726 24.78553390593274 0
      vertex 28.90803357918177 25.115052266813688 0
    endloop
  endfacet
  facet normal 0.5956993044924287 -0.8032075314806483 0
    outer loop
      vertex 29.30214883490199 25.407348061512728 2.8
      vertex 28.90803357918177 25.115052266813688 0
      vertex 29.30214883490199 25.407348061512728 0
    endloop
  endfacet
  facet normal 0.5141027441932284 -0.857728610000268 0
    outer loop
      vertex 29.72301631587001 25.65960632174178 2.8
      vertex 29.30214883490199 25.407348061512728 0
      vertex 29.72301631587001 25.65960632174178 0
    endloop
  endfacet
  facet normal 0.42755509343027975 -0.9039892931234443 0
    outer loop
      vertex 30.16658283817455 25.869397662556437 2.8
      vertex 29.72301631587001 25.65960632174178 0
      vertex 30.16658283817455 25.869397662556437 0
    endloop
  endfacet
  facet normal 0.3368898533922174 -0.9415440651830217 0
    outer loop
      vertex 30.628576613727688 26.034701678661047 0
      vertex 30.628576613727688 26.034701678661047 2.8
      vertex 30.16658283817455 25.869397662556437 0
    endloop
  endfacet
  facet normal 0.9987954562051724 -0.049067674327417085 0
    outer loop
      vertex 27.104076366639013 21.740085701647807 2.8
      vertex 27.08 21.250000000000004 2.8
      vertex 27.08 21.250000000000004 0
    endloop
  endfacet
  facet normal 0.9891765099647812 -0.14673047445535986 0
    outer loop
      vertex 27.176073597983844 22.225451610080643 2.8
      vertex 27.104076366639013 21.740085701647807 2.8
      vertex 27.104076366639013 21.740085701647807 0
    endloop
  endfacet
  facet normal 0.970031253194543 -0.24298017990326792 0
    outer loop
      vertex 27.295298321338954 22.701423386272314 2.8
      vertex 27.176073597983844 22.225451610080643 2.8
      vertex 27.176073597983844 22.225451610080643 0
    endloop
  endfacet
  facet normal 0.9415440651830217 -0.3368898533922174 0
    outer loop
      vertex 27.460602337443564 23.163417161825453 2.8
      vertex 27.295298321338954 22.701423386272314 2.8
      vertex 27.295298321338954 22.701423386272314 0
    endloop
  endfacet
  facet normal 0.9039892931234443 -0.42755509343027975 0
    outer loop
      vertex 27.670393678258222 23.606983684129993 2.8
      vertex 27.460602337443564 23.163417161825453 2.8
      vertex 27.460602337443564 23.163417161825453 0
    endloop
  endfacet
  facet normal 0.8577286100002712 -0.5141027441932232 0
    outer loop
      vertex 27.92265193848727 24.027851165098014 2.8
      vertex 27.670393678258222 23.606983684129993 2.8
      vertex 27.670393678258222 23.606983684129993 0
    endloop
  endfacet
  facet normal 0.8032075314806423 -0.5956993044924368 0
    outer loop
      vertex 28.214947733186314 24.42196642081823 2.8
      vertex 27.92265193848727 24.027851165098014 2.8
      vertex 27.92265193848727 24.027851165098014 0
    endloop
  endfacet
  facet normal 0.7409511253549612 -0.671558954847016 0
    outer loop
      vertex 28.54446609406726 24.78553390593274 2.8
      vertex 28.214947733186314 24.42196642081823 2.8
      vertex 28.214947733186314 24.42196642081823 0
    endloop
  endfacet
  facet normal 0.6715589548470197 -0.740951125354958 0
    outer loop
      vertex 28.54446609406726 24.78553390593274 2.8
      vertex 28.54446609406726 24.78553390593274 0
      vertex 28.90803357918177 25.115052266813688 2.8
    endloop
  endfacet
  facet normal 0.5956993044924287 -0.8032075314806483 0
    outer loop
      vertex 28.90803357918177 25.115052266813688 2.8
      vertex 28.90803357918177 25.115052266813688 0
      vertex 29.30214883490199 25.407348061512728 2.8
    endloop
  endfacet
  facet normal 0.5141027441932284 -0.857728610000268 0
    outer loop
      vertex 29.30214883490199 25.407348061512728 2.8
      vertex 29.30214883490199 25.407348061512728 0
      vertex 29.72301631587001 25.65960632174178 2.8
    endloop
  endfacet
  facet normal 0.42755509343027975 -0.9039892931234443 0
    outer loop
      vertex 29.72301631587001 25.65960632174178 2.8
      vertex 29.72301631587001 25.65960632174178 0
      vertex 30.16658283817455 25.869397662556437 2.8
    endloop
  endfacet
  facet normal 0.3368898533922174 -0.9415440651830217 0
    outer loop
      vertex 30.16658283817455 25.869397662556437 2.8
      vertex 30.16658283817455 25.869397662556437 0
      vertex 30.628576613727688 26.034701678661047 2.8
    endloop
  endfacet
  facet normal -0.8577286100002712 -0.5141027441932232 0
    outer loop
      vertex 36.237348061512726 24.027851165098014 0
      vertex 36.489606321741775 23.606983684129993 0
      vertex 36.489606321741775 23.606983684129993 2.8
    endloop
  endfacet
  facet normal -0.8032075314806423 -0.5956993044924368 0
    outer loop
      vertex 35.94505226681368 24.42196642081823 0
      vertex 36.237348061512726 24.027851165098014 0
      vertex 36.237348061512726 24.027851165098014 2.8
    endloop
  endfacet
  facet normal -0.24298017990326112 -0.9700312531945446 0
    outer loop
      vertex 33.53142338627231 26.034701678661047 0
      vertex 33.53142338627231 26.034701678661047 2.8
      vertex 33.05545161008064 26.153926402016154 0
    endloop
  endfacet
  facet normal 0.24298017990326112 -0.9700312531945446 0
    outer loop
      vertex 31.10454838991936 26.153926402016154 0
      vertex 31.10454838991936 26.153926402016154 2.8
      vertex 30.628576613727688 26.034701678661047 0
    endloop
  endfacet
  facet normal 0.14673047445536694 -0.9891765099647803 0
    outer loop
      vertex 31.589914298352195 26.22592363336099 0
      vertex 31.589914298352195 26.22592363336099 2.8
      vertex 31.10454838991936 26.153926402016154 0
    endloop
  endfacet
  facet normal 0.049067674327417085 -0.9987954562051724 0
    outer loop
      vertex 32.08 26.250000000000004 0
      vertex 32.08 26.250000000000004 2.8
      vertex 31.589914298352195 26.22592363336099 0
    endloop
  endfacet
  facet normal -0.04906767432741744 -0.9987954562051725 0
    outer loop
      vertex 32.5700857016478 26.22592363336099 0
      vertex 32.5700857016478 26.22592363336099 2.8
      vertex 32.08 26.250000000000004 0
    endloop
  endfacet
  facet normal -0.14673047445536588 -0.9891765099647803 0
    outer loop
      vertex 33.05545161008064 26.153926402016154 0
      vertex 33.05545161008064 26.153926402016154 2.8
      vertex 32.5700857016478 26.22592363336099 0
    endloop
  endfacet
  facet normal -0.3368898533922174 -0.9415440651830217 0
    outer loop
      vertex 33.99341716182545 25.869397662556437 0
      vertex 33.99341716182545 25.869397662556437 2.8
      vertex 33.53142338627231 26.034701678661047 0
    endloop
  endfacet
  facet normal -0.4275550934302826 -0.903989293123443 0
    outer loop
      vertex 34.436983684129984 25.65960632174178 0
      vertex 34.436983684129984 25.65960632174178 2.8
      vertex 33.99341716182545 25.869397662556437 0
    endloop
  endfacet
  facet normal -0.5141027441932221 -0.8577286100002719 0
    outer loop
      vertex 34.85785116509801 25.407348061512728 0
      vertex 34.85785116509801 25.407348061512728 2.8
      vertex 34.436983684129984 25.65960632174178 0
    endloop
  endfacet
  facet normal -0.5956993044924322 -0.8032075314806458 0
    outer loop
      vertex 35.25196642081823 25.115052266813688 0
      vertex 35.25196642081823 25.115052266813688 2.8
      vertex 34.85785116509801 25.407348061512728 0
    endloop
  endfacet
  facet normal -0.6715589548470197 -0.740951125354958 0
    outer loop
      vertex 35.615533905932736 24.78553390593274 0
      vertex 35.615533905932736 24.78553390593274 2.8
      vertex 35.25196642081823 25.115052266813688 0
    endloop
  endfacet
  facet normal -0.7409511253549612 -0.671558954847016 0
    outer loop
      vertex 35.615533905932736 24.78553390593274 0
      vertex 35.94505226681368 24.42196642081823 0
      vertex 35.94505226681368 24.42196642081823 2.8
    endloop
  endfacet
  facet normal -0.9987954562051724 -0.049067674327417085 0
    outer loop
      vertex 37.08 21.250000000000004 0
      vertex 37.08 21.250000000000004 2.8
      vertex 37.05592363336098 21.740085701647807 0
    endloop
  endfacet
  facet normal -0.9891765099647812 -0.14673047445535986 0
    outer loop
      vertex 36.98392640201615 22.225451610080643 0
      vertex 37.05592363336098 21.740085701647807 0
      vertex 37.05592363336098 21.740085701647807 2.8
    endloop
  endfacet
  facet normal -0.970031253194543 -0.24298017990326792 0
    outer loop
      vertex 36.86470167866104 22.701423386272314 0
      vertex 36.98392640201615 22.225451610080643 0
      vertex 36.98392640201615 22.225451610080643 2.8
    endloop
  endfacet
  facet normal -0.941544065183024 -0.33688985339221095 0
    outer loop
      vertex 36.699397662556436 23.163417161825453 0
      vertex 36.86470167866104 22.701423386272314 0
      vertex 36.86470167866104 22.701423386272314 2.8
    endloop
  endfacet
  facet normal -0.9039892931234416 -0.42755509343028575 0
    outer loop
      vertex 36.489606321741775 23.606983684129993 0
      vertex 36.699397662556436 23.163417161825453 0
      vertex 36.699397662556436 23.163417161825453 2.8
    endloop
  endfacet
  facet normal -0.9039892931234416 -0.42755509343028575 0
    outer loop
      vertex 36.489606321741775 23.606983684129993 0
      vertex 36.699397662556436 23.163417161825453 2.8
      vertex 36.489606321741775 23.606983684129993 2.8
    endloop
  endfacet
  facet normal -0.8577286100002712 -0.5141027441932232 0
    outer loop
      vertex 36.237348061512726 24.027851165098014 0
      vertex 36.489606321741775 23.606983684129993 2.8
      vertex 36.237348061512726 24.027851165098014 2.8
    endloop
  endfacet
  facet normal -0.8032075314806423 -0.5956993044924368 0
    outer loop
      vertex 35.94505226681368 24.42196642081823 0
      vertex 36.237348061512726 24.027851165098014 2.8
      vertex 35.94505226681368 24.42196642081823 2.8
    endloop
  endfacet
  facet normal 0.24298017990326112 -0.9700312531945446 0
    outer loop
      vertex 30.628576613727688 26.034701678661047 0
      vertex 31.10454838991936 26.153926402016154 2.8
      vertex 30.628576613727688 26.034701678661047 2.8
    endloop
  endfacet
  facet normal 0.14673047445536694 -0.9891765099647803 0
    outer loop
      vertex 31.10454838991936 26.153926402016154 0
      vertex 31.589914298352195 26.22592363336099 2.8
      vertex 31.10454838991936 26.153926402016154 2.8
    endloop
  endfacet
  facet normal 0.049067674327417085 -0.9987954562051724 0
    outer loop
      vertex 31.589914298352195 26.22592363336099 0
      vertex 32.08 26.250000000000004 2.8
      vertex 31.589914298352195 26.22592363336099 2.8
    endloop
  endfacet
  facet normal -0.04906767432741744 -0.9987954562051725 0
    outer loop
      vertex 32.08 26.250000000000004 0
      vertex 32.5700857016478 26.22592363336099 2.8
      vertex 32.08 26.250000000000004 2.8
    endloop
  endfacet
  facet normal -0.14673047445536588 -0.9891765099647803 0
    outer loop
      vertex 32.5700857016478 26.22592363336099 0
      vertex 33.05545161008064 26.153926402016154 2.8
      vertex 32.5700857016478 26.22592363336099 2.8
    endloop
  endfacet
  facet normal -0.24298017990326112 -0.9700312531945446 0
    outer loop
      vertex 33.05545161008064 26.153926402016154 0
      vertex 33.53142338627231 26.034701678661047 2.8
      vertex 33.05545161008064 26.153926402016154 2.8
    endloop
  endfacet
  facet normal -0.3368898533922174 -0.9415440651830217 0
    outer loop
      vertex 33.53142338627231 26.034701678661047 0
      vertex 33.99341716182545 25.869397662556437 2.8
      vertex 33.53142338627231 26.034701678661047 2.8
    endloop
  endfacet
  facet normal -0.4275550934302826 -0.903989293123443 0
    outer loop
      vertex 33.99341716182545 25.869397662556437 0
      vertex 34.436983684129984 25.65960632174178 2.8
      vertex 33.99341716182545 25.869397662556437 2.8
    endloop
  endfacet
  facet normal -0.5141027441932221 -0.8577286100002719 0
    outer loop
      vertex 34.436983684129984 25.65960632174178 0
      vertex 34.85785116509801 25.407348061512728 2.8
      vertex 34.436983684129984 25.65960632174178 2.8
    endloop
  endfacet
  facet normal -0.5956993044924322 -0.8032075314806458 0
    outer loop
      vertex 34.85785116509801 25.407348061512728 0
      vertex 35.25196642081823 25.115052266813688 2.8
      vertex 34.85785116509801 25.407348061512728 2.8
    endloop
  endfacet
  facet normal -0.7409511253549612 -0.671558954847016 0
    outer loop
      vertex 35.615533905932736 24.78553390593274 0
      vertex 35.94505226681368 24.42196642081823 2.8
      vertex 35.615533905932736 24.78553390593274 2.8
    endloop
  endfacet
  facet normal -0.6715589548470197 -0.740951125354958 0
    outer loop
      vertex 35.25196642081823 25.115052266813688 0
      vertex 35.615533905932736 24.78553390593274 2.8
      vertex 35.25196642081823 25.115052266813688 2.8
    endloop
  endfacet
  facet normal -0.9987954562051724 -0.049067674327417085 0
    outer loop
      vertex 37.05592363336098 21.740085701647807 0
      vertex 37.08 21.250000000000004 2.8
      vertex 37.05592363336098 21.740085701647807 2.8
    endloop
  endfacet
  facet normal -0.9891765099647812 -0.14673047445535986 0
    outer loop
      vertex 36.98392640201615 22.225451610080643 0
      vertex 37.05592363336098 21.740085701647807 2.8
      vertex 36.98392640201615 22.225451610080643 2.8
    endloop
  endfacet
  facet normal -0.970031253194543 -0.24298017990326792 0
    outer loop
      vertex 36.86470167866104 22.701423386272314 0
      vertex 36.98392640201615 22.225451610080643 2.8
      vertex 36.86470167866104 22.701423386272314 2.8
    endloop
  endfacet
  facet normal -0.941544065183024 -0.33688985339221095 0
    outer loop
      vertex 36.699397662556436 23.163417161825453 0
      vertex 36.86470167866104 22.701423386272314 2.8
      vertex 36.699397662556436 23.163417161825453 2.8
    endloop
  endfacet
  facet normal 0.9039892931234416 0.42755509343028575 0
    outer loop
      vertex 48.18060233744356 19.336582838174554 2.8
      vertex 48.39039367825822 18.893016315870014 0
      vertex 48.18060233744356 19.336582838174554 0
    endloop
  endfacet
  facet normal 0.941544065183024 0.33688985339221095 0
    outer loop
      vertex 48.01529832133895 19.798576613727693 2.8
      vertex 48.18060233744356 19.336582838174554 0
      vertex 48.01529832133895 19.798576613727693 0
    endloop
  endfacet
  facet normal 0.970031253194543 0.24298017990326792 0
    outer loop
      vertex 47.89607359798384 20.274548389919364 2.8
      vertex 48.01529832133895 19.798576613727693 0
      vertex 47.89607359798384 20.274548389919364 0
    endloop
  endfacet
  facet normal 0.9891765099647812 0.14673047445535986 0
    outer loop
      vertex 47.82407636663901 20.7599142983522 2.8
      vertex 47.89607359798384 20.274548389919364 0
      vertex 47.82407636663901 20.7599142983522 0
    endloop
  endfacet
  facet normal 0.9987954562051724 0.049067674327417085 0
    outer loop
      vertex 47.8 21.250000000000004 2.8
      vertex 47.82407636663901 20.7599142983522 0
      vertex 47.8 21.250000000000004 0
    endloop
  endfacet
  facet normal 0.7409511253549612 0.671558954847016 0
    outer loop
      vertex 48.93494773318631 18.078033579181778 2.8
      vertex 49.26446609406726 17.714466094067266 0
      vertex 48.93494773318631 18.078033579181778 0
    endloop
  endfacet
  facet normal 0.6715589548470197 0.740951125354958 0
    outer loop
      vertex 49.62803357918177 17.38494773318632 0
      vertex 49.26446609406726 17.714466094067266 0
      vertex 49.26446609406726 17.714466094067266 2.8
    endloop
  endfacet
  facet normal 0.5956993044924322 0.8032075314806458 0
    outer loop
      vertex 49.62803357918177 17.38494773318632 2.8
      vertex 50.022148834901984 17.09265193848728 0
      vertex 49.62803357918177 17.38494773318632 0
    endloop
  endfacet
  facet normal 0.5141027441932221 0.8577286100002719 0
    outer loop
      vertex 50.022148834901984 17.09265193848728 2.8
      vertex 50.44301631587001 16.840393678258227 0
      vertex 50.022148834901984 17.09265193848728 0
    endloop
  endfacet
  facet normal 0.4275550934302826 0.903989293123443 0
    outer loop
      vertex 50.44301631587001 16.840393678258227 2.8
      vertex 50.88658283817455 16.63060233744357 0
      vertex 50.44301631587001 16.840393678258227 0
    endloop
  endfacet
  facet normal 0.3368898533922174 0.9415440651830217 0
    outer loop
      vertex 50.88658283817455 16.63060233744357 2.8
      vertex 51.34857661372769 16.46529832133896 0
      vertex 50.88658283817455 16.63060233744357 0
    endloop
  endfacet
  facet normal 0.14673047445536588 0.9891765099647803 0
    outer loop
      vertex 51.82454838991936 16.346073597983853 2.8
      vertex 52.3099142983522 16.27407636663902 0
      vertex 51.82454838991936 16.346073597983853 0
    endloop
  endfacet
  facet normal 0.04906767432741744 0.9987954562051725 0
    outer loop
      vertex 52.3099142983522 16.27407636663902 2.8
      vertex 52.8 16.250000000000004 0
      vertex 52.3099142983522 16.27407636663902 0
    endloop
  endfacet
  facet normal -0.04906767432741744 0.9987954562051725 0
    outer loop
      vertex 52.8 16.250000000000004 2.8
      vertex 53.2900857016478 16.27407636663902 0
      vertex 52.8 16.250000000000004 0
    endloop
  endfacet
  facet normal -0.14673047445536588 0.9891765099647803 0
    outer loop
      vertex 53.2900857016478 16.27407636663902 2.8
      vertex 53.77545161008064 16.346073597983853 0
      vertex 53.2900857016478 16.27407636663902 0
    endloop
  endfacet
  facet normal -0.24298017990326112 0.9700312531945446 0
    outer loop
      vertex 53.77545161008064 16.346073597983853 2.8
      vertex 54.25142338627231 16.46529832133896 0
      vertex 53.77545161008064 16.346073597983853 0
    endloop
  endfacet
  facet normal 0.24298017990326112 0.9700312531945446 0
    outer loop
      vertex 51.34857661372769 16.46529832133896 2.8
      vertex 51.82454838991936 16.346073597983853 0
      vertex 51.34857661372769 16.46529832133896 0
    endloop
  endfacet
  facet normal 0.8032075314806423 0.5956993044924368 0
    outer loop
      vertex 48.64265193848727 18.472148834901994 2.8
      vertex 48.93494773318631 18.078033579181778 0
      vertex 48.64265193848727 18.472148834901994 0
    endloop
  endfacet
  facet normal 0.8577286100002712 0.5141027441932232 0
    outer loop
      vertex 48.39039367825822 18.893016315870014 2.8
      vertex 48.64265193848727 18.472148834901994 0
      vertex 48.39039367825822 18.893016315870014 0
    endloop
  endfacet
  facet normal 0.941544065183024 0.33688985339221095 0
    outer loop
      vertex 48.01529832133895 19.798576613727693 2.8
      vertex 48.18060233744356 19.336582838174554 2.8
      vertex 48.18060233744356 19.336582838174554 0
    endloop
  endfacet
  facet normal 0.970031253194543 0.24298017990326792 0
    outer loop
      vertex 47.89607359798384 20.274548389919364 2.8
      vertex 48.01529832133895 19.798576613727693 2.8
      vertex 48.01529832133895 19.798576613727693 0
    endloop
  endfacet
  facet normal 0.9891765099647812 0.14673047445535986 0
    outer loop
      vertex 47.82407636663901 20.7599142983522 2.8
      vertex 47.89607359798384 20.274548389919364 2.8
      vertex 47.89607359798384 20.274548389919364 0
    endloop
  endfacet
  facet normal 0.9987954562051724 0.049067674327417085 0
    outer loop
      vertex 47.8 21.250000000000004 2.8
      vertex 47.82407636663901 20.7599142983522 2.8
      vertex 47.82407636663901 20.7599142983522 0
    endloop
  endfacet
  facet normal 0.6715589548470197 0.740951125354958 0
    outer loop
      vertex 49.62803357918177 17.38494773318632 2.8
      vertex 49.62803357918177 17.38494773318632 0
      vertex 49.26446609406726 17.714466094067266 2.8
    endloop
  endfacet
  facet normal 0.7409511253549612 0.671558954847016 0
    outer loop
      vertex 48.93494773318631 18.078033579181778 2.8
      vertex 49.26446609406726 17.714466094067266 2.8
      vertex 49.26446609406726 17.714466094067266 0
    endloop
  endfacet
  facet normal 0.5956993044924322 0.8032075314806458 0
    outer loop
      vertex 50.022148834901984 17.09265193848728 2.8
      vertex 50.022148834901984 17.09265193848728 0
      vertex 49.62803357918177 17.38494773318632 2.8
    endloop
  endfacet
  facet normal 0.5141027441932221 0.8577286100002719 0
    outer loop
      vertex 50.44301631587001 16.840393678258227 2.8
      vertex 50.44301631587001 16.840393678258227 0
      vertex 50.022148834901984 17.09265193848728 2.8
    endloop
  endfacet
  facet normal 0.4275550934302826 0.903989293123443 0
    outer loop
      vertex 50.88658283817455 16.63060233744357 2.8
      vertex 50.88658283817455 16.63060233744357 0
      vertex 50.44301631587001 16.840393678258227 2.8
    endloop
  endfacet
  facet normal 0.3368898533922174 0.9415440651830217 0
    outer loop
      vertex 51.34857661372769 16.46529832133896 2.8
      vertex 51.34857661372769 16.46529832133896 0
      vertex 50.88658283817455 16.63060233744357 2.8
    endloop
  endfacet
  facet normal 0.24298017990326112 0.9700312531945446 0
    outer loop
      vertex 51.82454838991936 16.346073597983853 2.8
      vertex 51.82454838991936 16.346073597983853 0
      vertex 51.34857661372769 16.46529832133896 2.8
    endloop
  endfacet
  facet normal 0.14673047445536588 0.9891765099647803 0
    outer loop
      vertex 52.3099142983522 16.27407636663902 2.8
      vertex 52.3099142983522 16.27407636663902 0
      vertex 51.82454838991936 16.346073597983853 2.8
    endloop
  endfacet
  facet normal 0.04906767432741744 0.9987954562051725 0
    outer loop
      vertex 52.8 16.250000000000004 2.8
      vertex 52.8 16.250000000000004 0
      vertex 52.3099142983522 16.27407636663902 2.8
    endloop
  endfacet
  facet normal -0.04906767432741744 0.9987954562051725 0
    outer loop
      vertex 53.2900857016478 16.27407636663902 2.8
      vertex 53.2900857016478 16.27407636663902 0
      vertex 52.8 16.250000000000004 2.8
    endloop
  endfacet
  facet normal -0.14673047445536588 0.9891765099647803 0
    outer loop
      vertex 53.77545161008064 16.346073597983853 2.8
      vertex 53.77545161008064 16.346073597983853 0
      vertex 53.2900857016478 16.27407636663902 2.8
    endloop
  endfacet
  facet normal -0.24298017990326112 0.9700312531945446 0
    outer loop
      vertex 54.25142338627231 16.46529832133896 2.8
      vertex 54.25142338627231 16.46529832133896 0
      vertex 53.77545161008064 16.346073597983853 2.8
    endloop
  endfacet
  facet normal 0.8032075314806423 0.5956993044924368 0
    outer loop
      vertex 48.64265193848727 18.472148834901994 2.8
      vertex 48.93494773318631 18.078033579181778 2.8
      vertex 48.93494773318631 18.078033579181778 0
    endloop
  endfacet
  facet normal 0.8577286100002712 0.5141027441932232 0
    outer loop
      vertex 48.39039367825822 18.893016315870014 2.8
      vertex 48.64265193848727 18.472148834901994 2.8
      vertex 48.64265193848727 18.472148834901994 0
    endloop
  endfacet
  facet normal 0.9039892931234416 0.42755509343028575 0
    outer loop
      vertex 48.18060233744356 19.336582838174554 2.8
      vertex 48.39039367825822 18.893016315870014 2.8
      vertex 48.39039367825822 18.893016315870014 0
    endloop
  endfacet
  facet normal -0.3368898533922174 0.9415440651830217 0
    outer loop
      vertex 54.25142338627231 16.46529832133896 2.8
      vertex 54.71341716182545 16.63060233744357 0
      vertex 54.25142338627231 16.46529832133896 0
    endloop
  endfacet
  facet normal -0.4275550934302826 0.903989293123443 0
    outer loop
      vertex 54.71341716182545 16.63060233744357 0
      vertex 54.71341716182545 16.63060233744357 2.8
      vertex 55.15698368412998 16.840393678258227 0
    endloop
  endfacet
  facet normal -0.5141027441932221 0.8577286100002719 0
    outer loop
      vertex 55.15698368412998 16.840393678258227 0
      vertex 55.15698368412998 16.840393678258227 2.8
      vertex 55.57785116509801 17.09265193848728 0
    endloop
  endfacet
  facet normal -0.5956993044924322 0.8032075314806458 0
    outer loop
      vertex 55.57785116509801 17.09265193848728 0
      vertex 55.57785116509801 17.09265193848728 2.8
      vertex 55.97196642081823 17.38494773318632 0
    endloop
  endfacet
  facet normal -0.6715589548470197 0.740951125354958 0
    outer loop
      vertex 55.97196642081823 17.38494773318632 0
      vertex 55.97196642081823 17.38494773318632 2.8
      vertex 56.335533905932735 17.714466094067266 0
    endloop
  endfacet
  facet normal -0.7409511253549612 0.671558954847016 0
    outer loop
      vertex 56.335533905932735 17.714466094067266 0
      vertex 56.335533905932735 17.714466094067266 2.8
      vertex 56.66505226681368 18.078033579181778 0
    endloop
  endfacet
  facet normal -0.8032075314806423 0.5956993044924368 0
    outer loop
      vertex 56.957348061512725 18.472148834901994 0
      vertex 56.66505226681368 18.078033579181778 0
      vertex 56.66505226681368 18.078033579181778 2.8
    endloop
  endfacet
  facet normal -0.8577286100002712 0.5141027441932232 0
    outer loop
      vertex 57.209606321741774 18.893016315870014 0
      vertex 56.957348061512725 18.472148834901994 0
      vertex 56.957348061512725 18.472148834901994 2.8
    endloop
  endfacet
  facet normal -0.9039892931234416 0.42755509343028575 0
    outer loop
      vertex 57.419397662556435 19.336582838174554 0
      vertex 57.209606321741774 18.893016315870014 0
      vertex 57.209606321741774 18.893016315870014 2.8
    endloop
  endfacet
  facet normal -0.941544065183024 0.33688985339221095 0
    outer loop
      vertex 57.58470167866104 19.798576613727693 0
      vertex 57.419397662556435 19.336582838174554 0
      vertex 57.419397662556435 19.336582838174554 2.8
    endloop
  endfacet
  facet normal -0.970031253194543 0.24298017990326792 0
    outer loop
      vertex 57.70392640201615 20.274548389919364 0
      vertex 57.58470167866104 19.798576613727693 0
      vertex 57.58470167866104 19.798576613727693 2.8
    endloop
  endfacet
  facet normal -0.9891765099647812 0.14673047445535986 0
    outer loop
      vertex 57.77592363336098 20.7599142983522 0
      vertex 57.70392640201615 20.274548389919364 0
      vertex 57.70392640201615 20.274548389919364 2.8
    endloop
  endfacet
  facet normal -0.9987954562051724 0.049067674327417085 0
    outer loop
      vertex 57.77592363336098 20.7599142983522 0
      vertex 57.77592363336098 20.7599142983522 2.8
      vertex 57.8 21.250000000000004 0
    endloop
  endfacet
  facet normal -0.3368898533922174 0.9415440651830217 0
    outer loop
      vertex 54.71341716182545 16.63060233744357 0
      vertex 54.25142338627231 16.46529832133896 2.8
      vertex 54.71341716182545 16.63060233744357 2.8
    endloop
  endfacet
  facet normal -0.4275550934302826 0.903989293123443 0
    outer loop
      vertex 55.15698368412998 16.840393678258227 0
      vertex 54.71341716182545 16.63060233744357 2.8
      vertex 55.15698368412998 16.840393678258227 2.8
    endloop
  endfacet
  facet normal -0.5141027441932221 0.8577286100002719 0
    outer loop
      vertex 55.57785116509801 17.09265193848728 0
      vertex 55.15698368412998 16.840393678258227 2.8
      vertex 55.57785116509801 17.09265193848728 2.8
    endloop
  endfacet
  facet normal -0.5956993044924322 0.8032075314806458 0
    outer loop
      vertex 55.97196642081823 17.38494773318632 0
      vertex 55.57785116509801 17.09265193848728 2.8
      vertex 55.97196642081823 17.38494773318632 2.8
    endloop
  endfacet
  facet normal -0.6715589548470197 0.740951125354958 0
    outer loop
      vertex 56.335533905932735 17.714466094067266 0
      vertex 55.97196642081823 17.38494773318632 2.8
      vertex 56.335533905932735 17.714466094067266 2.8
    endloop
  endfacet
  facet normal -0.7409511253549612 0.671558954847016 0
    outer loop
      vertex 56.66505226681368 18.078033579181778 0
      vertex 56.335533905932735 17.714466094067266 2.8
      vertex 56.66505226681368 18.078033579181778 2.8
    endloop
  endfacet
  facet normal -0.8032075314806423 0.5956993044924368 0
    outer loop
      vertex 56.957348061512725 18.472148834901994 0
      vertex 56.66505226681368 18.078033579181778 2.8
      vertex 56.957348061512725 18.472148834901994 2.8
    endloop
  endfacet
  facet normal -0.8577286100002712 0.5141027441932232 0
    outer loop
      vertex 57.209606321741774 18.893016315870014 0
      vertex 56.957348061512725 18.472148834901994 2.8
      vertex 57.209606321741774 18.893016315870014 2.8
    endloop
  endfacet
  facet normal -0.9039892931234416 0.42755509343028575 0
    outer loop
      vertex 57.419397662556435 19.336582838174554 0
      vertex 57.209606321741774 18.893016315870014 2.8
      vertex 57.419397662556435 19.336582838174554 2.8
    endloop
  endfacet
  facet normal -0.941544065183024 0.33688985339221095 0
    outer loop
      vertex 57.58470167866104 19.798576613727693 0
      vertex 57.419397662556435 19.336582838174554 2.8
      vertex 57.58470167866104 19.798576613727693 2.8
    endloop
  endfacet
  facet normal -0.970031253194543 0.24298017990326792 0
    outer loop
      vertex 57.70392640201615 20.274548389919364 0
      vertex 57.58470167866104 19.798576613727693 2.8
      vertex 57.70392640201615 20.274548389919364 2.8
    endloop
  endfacet
  facet normal -0.9891765099647812 0.14673047445535986 0
    outer loop
      vertex 57.77592363336098 20.7599142983522 0
      vertex 57.70392640201615 20.274548389919364 2.8
      vertex 57.77592363336098 20.7599142983522 2.8
    endloop
  endfacet
  facet normal -0.9987954562051724 0.049067674327417085 0
    outer loop
      vertex 57.8 21.250000000000004 0
      vertex 57.77592363336098 20.7599142983522 2.8
      vertex 57.8 21.250000000000004 2.8
    endloop
  endfacet
  facet normal 0.9987954562051724 -0.049067674327417085 0
    outer loop
      vertex 47.82407636663901 21.740085701647807 2.8
      vertex 47.8 21.250000000000004 0
      vertex 47.82407636663901 21.740085701647807 0
    endloop
  endfacet
  facet normal 0.9891765099647812 -0.14673047445535986 0
    outer loop
      vertex 47.89607359798384 22.225451610080643 2.8
      vertex 47.82407636663901 21.740085701647807 0
      vertex 47.89607359798384 22.225451610080643 0
    endloop
  endfacet
  facet normal 0.970031253194543 -0.24298017990326792 0
    outer loop
      vertex 48.01529832133895 22.701423386272314 2.8
      vertex 47.89607359798384 22.225451610080643 0
      vertex 48.01529832133895 22.701423386272314 0
    endloop
  endfacet
  facet normal 0.941544065183024 -0.33688985339221095 0
    outer loop
      vertex 48.18060233744356 23.163417161825453 2.8
      vertex 48.01529832133895 22.701423386272314 0
      vertex 48.18060233744356 23.163417161825453 0
    endloop
  endfacet
  facet normal 0.9039892931234416 -0.42755509343028575 0
    outer loop
      vertex 48.39039367825822 23.606983684129993 2.8
      vertex 48.18060233744356 23.163417161825453 0
      vertex 48.39039367825822 23.606983684129993 0
    endloop
  endfacet
  facet normal 0.8577286100002712 -0.5141027441932232 0
    outer loop
      vertex 48.39039367825822 23.606983684129993 0
      vertex 48.64265193848727 24.027851165098014 0
      vertex 48.64265193848727 24.027851165098014 2.8
    endloop
  endfacet
  facet normal 0.8032075314806423 -0.5956993044924368 0
    outer loop
      vertex 48.64265193848727 24.027851165098014 0
      vertex 48.93494773318631 24.42196642081823 0
      vertex 48.93494773318631 24.42196642081823 2.8
    endloop
  endfacet
  facet normal 0.7409511253549612 -0.671558954847016 0
    outer loop
      vertex 48.93494773318631 24.42196642081823 0
      vertex 49.26446609406726 24.78553390593274 0
      vertex 49.26446609406726 24.78553390593274 2.8
    endloop
  endfacet
  facet normal 0.6715589548470197 -0.740951125354958 0
    outer loop
      vertex 49.62803357918177 25.115052266813688 2.8
      vertex 49.26446609406726 24.78553390593274 0
      vertex 49.62803357918177 25.115052266813688 0
    endloop
  endfacet
  facet normal 0.5956993044924322 -0.8032075314806458 0
    outer loop
      vertex 50.022148834901984 25.407348061512728 2.8
      vertex 49.62803357918177 25.115052266813688 0
      vertex 50.022148834901984 25.407348061512728 0
    endloop
  endfacet
  facet normal 0.5141027441932221 -0.8577286100002719 0
    outer loop
      vertex 50.44301631587001 25.65960632174178 2.8
      vertex 50.022148834901984 25.407348061512728 0
      vertex 50.44301631587001 25.65960632174178 0
    endloop
  endfacet
  facet normal 0.4275550934302826 -0.903989293123443 0
    outer loop
      vertex 50.88658283817455 25.869397662556437 2.8
      vertex 50.44301631587001 25.65960632174178 0
      vertex 50.88658283817455 25.869397662556437 0
    endloop
  endfacet
  facet normal 0.3368898533922174 -0.9415440651830217 0
    outer loop
      vertex 51.34857661372769 26.034701678661047 2.8
      vertex 50.88658283817455 25.869397662556437 0
      vertex 51.34857661372769 26.034701678661047 0
    endloop
  endfacet
  facet normal -0.24298017990326112 -0.9700312531945446 0
    outer loop
      vertex 54.25142338627231 26.034701678661047 0
      vertex 54.25142338627231 26.034701678661047 2.8
      vertex 53.77545161008064 26.153926402016154 0
    endloop
  endfacet
  facet normal 0.24298017990326112 -0.9700312531945446 0
    outer loop
      vertex 51.82454838991936 26.153926402016154 2.8
      vertex 51.34857661372769 26.034701678661047 0
      vertex 51.82454838991936 26.153926402016154 0
    endloop
  endfacet
  facet normal 0.14673047445536588 -0.9891765099647803 0
    outer loop
      vertex 52.3099142983522 26.22592363336099 2.8
      vertex 51.82454838991936 26.153926402016154 0
      vertex 52.3099142983522 26.22592363336099 0
    endloop
  endfacet
  facet normal 0.04906767432741744 -0.9987954562051725 0
    outer loop
      vertex 52.8 26.250000000000004 0
      vertex 52.8 26.250000000000004 2.8
      vertex 52.3099142983522 26.22592363336099 0
    endloop
  endfacet
  facet normal -0.04906767432741744 -0.9987954562051725 0
    outer loop
      vertex 53.2900857016478 26.22592363336099 0
      vertex 53.2900857016478 26.22592363336099 2.8
      vertex 52.8 26.250000000000004 0
    endloop
  endfacet
  facet normal -0.14673047445536588 -0.9891765099647803 0
    outer loop
      vertex 53.77545161008064 26.153926402016154 0
      vertex 53.77545161008064 26.153926402016154 2.8
      vertex 53.2900857016478 26.22592363336099 0
    endloop
  endfacet
  facet normal 0.9987954562051724 -0.049067674327417085 0
    outer loop
      vertex 47.82407636663901 21.740085701647807 2.8
      vertex 47.8 21.250000000000004 2.8
      vertex 47.8 21.250000000000004 0
    endloop
  endfacet
  facet normal 0.9891765099647812 -0.14673047445535986 0
    outer loop
      vertex 47.89607359798384 22.225451610080643 2.8
      vertex 47.82407636663901 21.740085701647807 2.8
      vertex 47.82407636663901 21.740085701647807 0
    endloop
  endfacet
  facet normal 0.970031253194543 -0.24298017990326792 0
    outer loop
      vertex 48.01529832133895 22.701423386272314 2.8
      vertex 47.89607359798384 22.225451610080643 2.8
      vertex 47.89607359798384 22.225451610080643 0
    endloop
  endfacet
  facet normal 0.941544065183024 -0.33688985339221095 0
    outer loop
      vertex 48.18060233744356 23.163417161825453 2.8
      vertex 48.01529832133895 22.701423386272314 2.8
      vertex 48.01529832133895 22.701423386272314 0
    endloop
  endfacet
  facet normal 0.9039892931234416 -0.42755509343028575 0
    outer loop
      vertex 48.39039367825822 23.606983684129993 2.8
      vertex 48.18060233744356 23.163417161825453 2.8
      vertex 48.18060233744356 23.163417161825453 0
    endloop
  endfacet
  facet normal 0.8577286100002712 -0.5141027441932232 0
    outer loop
      vertex 48.64265193848727 24.027851165098014 2.8
      vertex 48.39039367825822 23.606983684129993 2.8
      vertex 48.39039367825822 23.606983684129993 0
    endloop
  endfacet
  facet normal 0.8032075314806423 -0.5956993044924368 0
    outer loop
      vertex 48.64265193848727 24.027851165098014 0
      vertex 48.93494773318631 24.42196642081823 2.8
      vertex 48.64265193848727 24.027851165098014 2.8
    endloop
  endfacet
  facet normal 0.7409511253549612 -0.671558954847016 0
    outer loop
      vertex 48.93494773318631 24.42196642081823 0
      vertex 49.26446609406726 24.78553390593274 2.8
      vertex 48.93494773318631 24.42196642081823 2.8
    endloop
  endfacet
  facet normal 0.6715589548470197 -0.740951125354958 0
    outer loop
      vertex 49.26446609406726 24.78553390593274 2.8
      vertex 49.26446609406726 24.78553390593274 0
      vertex 49.62803357918177 25.115052266813688 2.8
    endloop
  endfacet
  facet normal 0.5956993044924322 -0.8032075314806458 0
    outer loop
      vertex 49.62803357918177 25.115052266813688 2.8
      vertex 49.62803357918177 25.115052266813688 0
      vertex 50.022148834901984 25.407348061512728 2.8
    endloop
  endfacet
  facet normal 0.5141027441932221 -0.8577286100002719 0
    outer loop
      vertex 50.022148834901984 25.407348061512728 2.8
      vertex 50.022148834901984 25.407348061512728 0
      vertex 50.44301631587001 25.65960632174178 2.8
    endloop
  endfacet
  facet normal 0.4275550934302826 -0.903989293123443 0
    outer loop
      vertex 50.44301631587001 25.65960632174178 2.8
      vertex 50.44301631587001 25.65960632174178 0
      vertex 50.88658283817455 25.869397662556437 2.8
    endloop
  endfacet
  facet normal 0.3368898533922174 -0.9415440651830217 0
    outer loop
      vertex 50.88658283817455 25.869397662556437 2.8
      vertex 50.88658283817455 25.869397662556437 0
      vertex 51.34857661372769 26.034701678661047 2.8
    endloop
  endfacet
  facet normal 0.24298017990326112 -0.9700312531945446 0
    outer loop
      vertex 51.34857661372769 26.034701678661047 2.8
      vertex 51.34857661372769 26.034701678661047 0
      vertex 51.82454838991936 26.153926402016154 2.8
    endloop
  endfacet
  facet normal 0.14673047445536588 -0.9891765099647803 0
    outer loop
      vertex 51.82454838991936 26.153926402016154 2.8
      vertex 51.82454838991936 26.153926402016154 0
      vertex 52.3099142983522 26.22592363336099 2.8
    endloop
  endfacet
  facet normal 0.04906767432741744 -0.9987954562051725 0
    outer loop
      vertex 52.3099142983522 26.22592363336099 2.8
      vertex 52.3099142983522 26.22592363336099 0
      vertex 52.8 26.250000000000004 2.8
    endloop
  endfacet
  facet normal -0.04906767432741744 -0.9987954562051725 0
    outer loop
      vertex 52.8 26.250000000000004 0
      vertex 53.2900857016478 26.22592363336099 2.8
      vertex 52.8 26.250000000000004 2.8
    endloop
  endfacet
  facet normal -0.14673047445536588 -0.9891765099647803 0
    outer loop
      vertex 53.2900857016478 26.22592363336099 0
      vertex 53.77545161008064 26.153926402016154 2.8
      vertex 53.2900857016478 26.22592363336099 2.8
    endloop
  endfacet
  facet normal -0.24298017990326112 -0.9700312531945446 0
    outer loop
      vertex 53.77545161008064 26.153926402016154 0
      vertex 54.25142338627231 26.034701678661047 2.8
      vertex 53.77545161008064 26.153926402016154 2.8
    endloop
  endfacet
  facet normal -0.8032075314806423 -0.5956993044924368 0
    outer loop
      vertex 56.66505226681368 24.42196642081823 0
      vertex 56.957348061512725 24.027851165098014 0
      vertex 56.957348061512725 24.027851165098014 2.8
    endloop
  endfacet
  facet normal -0.9987954562051724 -0.049067674327417085 0
    outer loop
      vertex 57.8 21.250000000000004 0
      vertex 57.8 21.250000000000004 2.8
      vertex 57.77592363336098 21.740085701647807 0
    endloop
  endfacet
  facet normal -0.9891765099647812 -0.14673047445535986 0
    outer loop
      vertex 57.70392640201615 22.225451610080643 0
      vertex 57.77592363336098 21.740085701647807 0
      vertex 57.77592363336098 21.740085701647807 2.8
    endloop
  endfacet
  facet normal -0.970031253194543 -0.24298017990326792 0
    outer loop
      vertex 57.58470167866104 22.701423386272314 0
      vertex 57.70392640201615 22.225451610080643 0
      vertex 57.70392640201615 22.225451610080643 2.8
    endloop
  endfacet
  facet normal -0.941544065183024 -0.33688985339221095 0
    outer loop
      vertex 57.419397662556435 23.163417161825453 0
      vertex 57.58470167866104 22.701423386272314 0
      vertex 57.58470167866104 22.701423386272314 2.8
    endloop
  endfacet
  facet normal -0.9039892931234416 -0.42755509343028575 0
    outer loop
      vertex 57.209606321741774 23.606983684129993 0
      vertex 57.419397662556435 23.163417161825453 0
      vertex 57.419397662556435 23.163417161825453 2.8
    endloop
  endfacet
  facet normal -0.8577286100002712 -0.5141027441932232 0
    outer loop
      vertex 56.957348061512725 24.027851165098014 0
      vertex 57.209606321741774 23.606983684129993 0
      vertex 57.209606321741774 23.606983684129993 2.8
    endloop
  endfacet
  facet normal -0.3368898533922174 -0.9415440651830217 0
    outer loop
      vertex 54.71341716182545 25.869397662556437 0
      vertex 54.71341716182545 25.869397662556437 2.8
      vertex 54.25142338627231 26.034701678661047 0
    endloop
  endfacet
  facet normal -0.5141027441932221 -0.8577286100002719 0
    outer loop
      vertex 55.57785116509801 25.407348061512728 0
      vertex 55.57785116509801 25.407348061512728 2.8
      vertex 55.15698368412998 25.65960632174178 0
    endloop
  endfacet
  facet normal -0.4275550934302826 -0.903989293123443 0
    outer loop
      vertex 55.15698368412998 25.65960632174178 0
      vertex 55.15698368412998 25.65960632174178 2.8
      vertex 54.71341716182545 25.869397662556437 0
    endloop
  endfacet
  facet normal -0.5956993044924322 -0.8032075314806458 0
    outer loop
      vertex 55.97196642081823 25.115052266813688 0
      vertex 55.97196642081823 25.115052266813688 2.8
      vertex 55.57785116509801 25.407348061512728 0
    endloop
  endfacet
  facet normal -0.6715589548470197 -0.740951125354958 0
    outer loop
      vertex 56.335533905932735 24.78553390593274 0
      vertex 56.335533905932735 24.78553390593274 2.8
      vertex 55.97196642081823 25.115052266813688 0
    endloop
  endfacet
  facet normal -0.7409511253549612 -0.671558954847016 0
    outer loop
      vertex 56.335533905932735 24.78553390593274 0
      vertex 56.66505226681368 24.42196642081823 0
      vertex 56.66505226681368 24.42196642081823 2.8
    endloop
  endfacet
  facet normal -0.8577286100002712 -0.5141027441932232 0
    outer loop
      vertex 56.957348061512725 24.027851165098014 0
      vertex 57.209606321741774 23.606983684129993 2.8
      vertex 56.957348061512725 24.027851165098014 2.8
    endloop
  endfacet
  facet normal -0.8032075314806423 -0.5956993044924368 0
    outer loop
      vertex 56.66505226681368 24.42196642081823 0
      vertex 56.957348061512725 24.027851165098014 2.8
      vertex 56.66505226681368 24.42196642081823 2.8
    endloop
  endfacet
  facet normal -0.9987954562051724 -0.049067674327417085 0
    outer loop
      vertex 57.77592363336098 21.740085701647807 0
      vertex 57.8 21.250000000000004 2.8
      vertex 57.77592363336098 21.740085701647807 2.8
    endloop
  endfacet
  facet normal -0.9891765099647812 -0.14673047445535986 0
    outer loop
      vertex 57.70392640201615 22.225451610080643 0
      vertex 57.77592363336098 21.740085701647807 2.8
      vertex 57.70392640201615 22.225451610080643 2.8
    endloop
  endfacet
  facet normal -0.970031253194543 -0.24298017990326792 0
    outer loop
      vertex 57.58470167866104 22.701423386272314 0
      vertex 57.70392640201615 22.225451610080643 2.8
      vertex 57.58470167866104 22.701423386272314 2.8
    endloop
  endfacet
  facet normal -0.941544065183024 -0.33688985339221095 0
    outer loop
      vertex 57.419397662556435 23.163417161825453 0
      vertex 57.58470167866104 22.701423386272314 2.8
      vertex 57.419397662556435 23.163417161825453 2.8
    endloop
  endfacet
  facet normal -0.9039892931234416 -0.42755509343028575 0
    outer loop
      vertex 57.209606321741774 23.606983684129993 0
      vertex 57.419397662556435 23.163417161825453 2.8
      vertex 57.209606321741774 23.606983684129993 2.8
    endloop
  endfacet
  facet normal -0.3368898533922174 -0.9415440651830217 0
    outer loop
      vertex 54.25142338627231 26.034701678661047 0
      vertex 54.71341716182545 25.869397662556437 2.8
      vertex 54.25142338627231 26.034701678661047 2.8
    endloop
  endfacet
  facet normal -0.4275550934302826 -0.903989293123443 0
    outer loop
      vertex 54.71341716182545 25.869397662556437 0
      vertex 55.15698368412998 25.65960632174178 2.8
      vertex 54.71341716182545 25.869397662556437 2.8
    endloop
  endfacet
  facet normal -0.5141027441932221 -0.8577286100002719 0
    outer loop
      vertex 55.15698368412998 25.65960632174178 0
      vertex 55.57785116509801 25.407348061512728 2.8
      vertex 55.15698368412998 25.65960632174178 2.8
    endloop
  endfacet
  facet normal -0.6715589548470197 -0.740951125354958 0
    outer loop
      vertex 55.97196642081823 25.115052266813688 0
      vertex 56.335533905932735 24.78553390593274 2.8
      vertex 55.97196642081823 25.115052266813688 2.8
    endloop
  endfacet
  facet normal -0.7409511253549612 -0.671558954847016 0
    outer loop
      vertex 56.335533905932735 24.78553390593274 0
      vertex 56.66505226681368 24.42196642081823 2.8
      vertex 56.335533905932735 24.78553390593274 2.8
    endloop
  endfacet
  facet normal -0.5956993044924322 -0.8032075314806458 0
    outer loop
      vertex 55.57785116509801 25.407348061512728 0
      vertex 55.97196642081823 25.115052266813688 2.8
      vertex 55.57785116509801 25.407348061512728 2.8
    endloop
  endfacet
  facet normal 0.6715589548470124 0.7409511253549645 0
    outer loop
      vertex 70.34803357918177 17.38494773318632 0
      vertex 69.98446609406726 17.714466094067266 0
      vertex 69.98446609406726 17.714466094067266 2.8
    endloop
  endfacet
  facet normal 0.740951125354954 0.671558954847024 0
    outer loop
      vertex 69.98446609406726 17.714466094067266 0
      vertex 69.6549477331863 18.078033579181778 0
      vertex 69.6549477331863 18.078033579181778 2.8
    endloop
  endfacet
  facet normal 0.5141027441932221 0.8577286100002719 0
    outer loop
      vertex 70.74214883490198 17.09265193848728 0
      vertex 70.74214883490198 17.09265193848728 2.8
      vertex 71.16301631587001 16.840393678258227 0
    endloop
  endfacet
  facet normal 0.4275550934302826 0.903989293123443 0
    outer loop
      vertex 71.16301631587001 16.840393678258227 0
      vertex 71.16301631587001 16.840393678258227 2.8
      vertex 71.60658283817455 16.63060233744357 0
    endloop
  endfacet
  facet normal 0.3368898533922174 0.9415440651830217 0
    outer loop
      vertex 71.60658283817455 16.63060233744357 0
      vertex 71.60658283817455 16.63060233744357 2.8
      vertex 72.06857661372769 16.46529832133896 0
    endloop
  endfacet
  facet normal 0.595699304492439 0.8032075314806406 0
    outer loop
      vertex 70.34803357918177 17.38494773318632 0
      vertex 70.34803357918177 17.38494773318632 2.8
      vertex 70.74214883490198 17.09265193848728 0
    endloop
  endfacet
  facet normal 0.9415440651830195 0.3368898533922238 0
    outer loop
      vertex 68.90060233744356 19.336582838174554 0
      vertex 68.73529832133895 19.798576613727693 0
      vertex 68.73529832133895 19.798576613727693 2.8
    endloop
  endfacet
  facet normal 0.9700312531945464 0.24298017990325432 0
    outer loop
      vertex 68.73529832133895 19.798576613727693 0
      vertex 68.61607359798384 20.274548389919364 0
      vertex 68.61607359798384 20.274548389919364 2.8
    endloop
  endfacet
  facet normal 0.9891765099647833 0.14673047445534568 0
    outer loop
      vertex 68.61607359798384 20.274548389919364 0
      vertex 68.54407636663902 20.7599142983522 0
      vertex 68.54407636663902 20.7599142983522 2.8
    endloop
  endfacet
  facet normal 0.9987954562051717 0.049067674327431525 0
    outer loop
      vertex 68.54407636663902 20.7599142983522 0
      vertex 68.52 21.250000000000004 0
      vertex 68.52 21.250000000000004 2.8
    endloop
  endfacet
  facet normal 0.8032075314806563 0.5956993044924181 0
    outer loop
      vertex 69.6549477331863 18.078033579181778 0
      vertex 69.36265193848728 18.472148834901994 0
      vertex 69.36265193848728 18.472148834901994 2.8
    endloop
  endfacet
  facet normal 0.8577286100002649 0.5141027441932339 0
    outer loop
      vertex 69.36265193848728 18.472148834901994 0
      vertex 69.11039367825822 18.893016315870014 0
      vertex 69.11039367825822 18.893016315870014 2.8
    endloop
  endfacet
  facet normal 0.9039892931234416 0.42755509343028575 0
    outer loop
      vertex 69.11039367825822 18.893016315870014 0
      vertex 68.90060233744356 19.336582838174554 0
      vertex 68.90060233744356 19.336582838174554 2.8
    endloop
  endfacet
  facet normal 0.14673047445536588 0.9891765099647803 0
    outer loop
      vertex 72.54454838991936 16.346073597983853 0
      vertex 72.54454838991936 16.346073597983853 2.8
      vertex 73.0299142983522 16.27407636663902 0
    endloop
  endfacet
  facet normal 0.04906767432741744 0.9987954562051725 0
    outer loop
      vertex 73.0299142983522 16.27407636663902 0
      vertex 73.0299142983522 16.27407636663902 2.8
      vertex 73.52 16.250000000000004 0
    endloop
  endfacet
  facet normal -0.04906767432741744 0.9987954562051725 0
    outer loop
      vertex 73.52 16.250000000000004 0
      vertex 73.52 16.250000000000004 2.8
      vertex 74.0100857016478 16.27407636663902 0
    endloop
  endfacet
  facet normal -0.14673047445536588 0.9891765099647803 0
    outer loop
      vertex 74.0100857016478 16.27407636663902 0
      vertex 74.0100857016478 16.27407636663902 2.8
      vertex 74.49545161008064 16.346073597983853 0
    endloop
  endfacet
  facet normal -0.24298017990326112 0.9700312531945446 0
    outer loop
      vertex 74.49545161008064 16.346073597983853 0
      vertex 74.49545161008064 16.346073597983853 2.8
      vertex 74.9714233862723 16.46529832133896 0
    endloop
  endfacet
  facet normal 0.24298017990326112 0.9700312531945446 0
    outer loop
      vertex 72.06857661372769 16.46529832133896 0
      vertex 72.06857661372769 16.46529832133896 2.8
      vertex 72.54454838991936 16.346073597983853 0
    endloop
  endfacet
  facet normal -0.3368898533922174 0.9415440651830217 0
    outer loop
      vertex 74.9714233862723 16.46529832133896 0
      vertex 74.9714233862723 16.46529832133896 2.8
      vertex 75.43341716182545 16.63060233744357 0
    endloop
  endfacet
  facet normal -0.4275550934302826 0.903989293123443 0
    outer loop
      vertex 75.43341716182545 16.63060233744357 0
      vertex 75.43341716182545 16.63060233744357 2.8
      vertex 75.87698368412998 16.840393678258227 0
    endloop
  endfacet
  facet normal -0.5141027441932221 0.8577286100002719 0
    outer loop
      vertex 75.87698368412998 16.840393678258227 0
      vertex 75.87698368412998 16.840393678258227 2.8
      vertex 76.29785116509801 17.09265193848728 0
    endloop
  endfacet
  facet normal -0.595699304492439 0.8032075314806406 0
    outer loop
      vertex 76.29785116509801 17.09265193848728 0
      vertex 76.29785116509801 17.09265193848728 2.8
      vertex 76.69196642081822 17.38494773318632 0
    endloop
  endfacet
  facet normal -0.6715589548470124 0.7409511253549645 0
    outer loop
      vertex 76.69196642081822 17.38494773318632 0
      vertex 76.69196642081822 17.38494773318632 2.8
      vertex 77.05553390593273 17.714466094067266 0
    endloop
  endfacet
  facet normal -0.740951125354954 0.671558954847024 0
    outer loop
      vertex 77.05553390593273 17.714466094067266 0
      vertex 77.05553390593273 17.714466094067266 2.8
      vertex 77.38505226681369 18.078033579181778 0
    endloop
  endfacet
  facet normal -0.8032075314806563 0.5956993044924181 0
    outer loop
      vertex 77.67734806151272 18.472148834901994 0
      vertex 77.38505226681369 18.078033579181778 0
      vertex 77.38505226681369 18.078033579181778 2.8
    endloop
  endfacet
  facet normal 0.6715589548470124 0.7409511253549645 0
    outer loop
      vertex 70.34803357918177 17.38494773318632 0
      vertex 69.98446609406726 17.714466094067266 2.8
      vertex 70.34803357918177 17.38494773318632 2.8
    endloop
  endfacet
  facet normal 0.740951125354954 0.671558954847024 0
    outer loop
      vertex 69.98446609406726 17.714466094067266 0
      vertex 69.6549477331863 18.078033579181778 2.8
      vertex 69.98446609406726 17.714466094067266 2.8
    endloop
  endfacet
  facet normal 0.595699304492439 0.8032075314806406 0
    outer loop
      vertex 70.74214883490198 17.09265193848728 0
      vertex 70.34803357918177 17.38494773318632 2.8
      vertex 70.74214883490198 17.09265193848728 2.8
    endloop
  endfacet
  facet normal 0.5141027441932221 0.8577286100002719 0
    outer loop
      vertex 71.16301631587001 16.840393678258227 0
      vertex 70.74214883490198 17.09265193848728 2.8
      vertex 71.16301631587001 16.840393678258227 2.8
    endloop
  endfacet
  facet normal 0.4275550934302826 0.903989293123443 0
    outer loop
      vertex 71.60658283817455 16.63060233744357 0
      vertex 71.16301631587001 16.840393678258227 2.8
      vertex 71.60658283817455 16.63060233744357 2.8
    endloop
  endfacet
  facet normal 0.9415440651830195 0.3368898533922238 0
    outer loop
      vertex 68.90060233744356 19.336582838174554 0
      vertex 68.73529832133895 19.798576613727693 2.8
      vertex 68.90060233744356 19.336582838174554 2.8
    endloop
  endfacet
  facet normal 0.9700312531945464 0.24298017990325432 0
    outer loop
      vertex 68.73529832133895 19.798576613727693 0
      vertex 68.61607359798384 20.274548389919364 2.8
      vertex 68.73529832133895 19.798576613727693 2.8
    endloop
  endfacet
  facet normal 0.9891765099647833 0.14673047445534568 0
    outer loop
      vertex 68.61607359798384 20.274548389919364 0
      vertex 68.54407636663902 20.7599142983522 2.8
      vertex 68.61607359798384 20.274548389919364 2.8
    endloop
  endfacet
  facet normal 0.9987954562051717 0.049067674327431525 0
    outer loop
      vertex 68.54407636663902 20.7599142983522 0
      vertex 68.52 21.250000000000004 2.8
      vertex 68.54407636663902 20.7599142983522 2.8
    endloop
  endfacet
  facet normal 0.8032075314806563 0.5956993044924181 0
    outer loop
      vertex 69.6549477331863 18.078033579181778 0
      vertex 69.36265193848728 18.472148834901994 2.8
      vertex 69.6549477331863 18.078033579181778 2.8
    endloop
  endfacet
  facet normal 0.8577286100002649 0.5141027441932339 0
    outer loop
      vertex 69.36265193848728 18.472148834901994 0
      vertex 69.11039367825822 18.893016315870014 2.8
      vertex 69.36265193848728 18.472148834901994 2.8
    endloop
  endfacet
  facet normal 0.9039892931234416 0.42755509343028575 0
    outer loop
      vertex 69.11039367825822 18.893016315870014 0
      vertex 68.90060233744356 19.336582838174554 2.8
      vertex 69.11039367825822 18.893016315870014 2.8
    endloop
  endfacet
  facet normal 0.24298017990326112 0.9700312531945446 0
    outer loop
      vertex 72.54454838991936 16.346073597983853 0
      vertex 72.06857661372769 16.46529832133896 2.8
      vertex 72.54454838991936 16.346073597983853 2.8
    endloop
  endfacet
  facet normal 0.14673047445536588 0.9891765099647803 0
    outer loop
      vertex 73.0299142983522 16.27407636663902 0
      vertex 72.54454838991936 16.346073597983853 2.8
      vertex 73.0299142983522 16.27407636663902 2.8
    endloop
  endfacet
  facet normal 0.04906767432741744 0.9987954562051725 0
    outer loop
      vertex 73.52 16.250000000000004 0
      vertex 73.0299142983522 16.27407636663902 2.8
      vertex 73.52 16.250000000000004 2.8
    endloop
  endfacet
  facet normal -0.04906767432741744 0.9987954562051725 0
    outer loop
      vertex 74.0100857016478 16.27407636663902 0
      vertex 73.52 16.250000000000004 2.8
      vertex 74.0100857016478 16.27407636663902 2.8
    endloop
  endfacet
  facet normal -0.14673047445536588 0.9891765099647803 0
    outer loop
      vertex 74.49545161008064 16.346073597983853 0
      vertex 74.0100857016478 16.27407636663902 2.8
      vertex 74.49545161008064 16.346073597983853 2.8
    endloop
  endfacet
  facet normal 0.3368898533922174 0.9415440651830217 0
    outer loop
      vertex 72.06857661372769 16.46529832133896 0
      vertex 71.60658283817455 16.63060233744357 2.8
      vertex 72.06857661372769 16.46529832133896 2.8
    endloop
  endfacet
  facet normal -0.24298017990326112 0.9700312531945446 0
    outer loop
      vertex 74.9714233862723 16.46529832133896 0
      vertex 74.49545161008064 16.346073597983853 2.8
      vertex 74.9714233862723 16.46529832133896 2.8
    endloop
  endfacet
  facet normal -0.3368898533922174 0.9415440651830217 0
    outer loop
      vertex 75.43341716182545 16.63060233744357 0
      vertex 74.9714233862723 16.46529832133896 2.8
      vertex 75.43341716182545 16.63060233744357 2.8
    endloop
  endfacet
  facet normal -0.4275550934302826 0.903989293123443 0
    outer loop
      vertex 75.87698368412998 16.840393678258227 0
      vertex 75.43341716182545 16.63060233744357 2.8
      vertex 75.87698368412998 16.840393678258227 2.8
    endloop
  endfacet
  facet normal -0.5141027441932221 0.8577286100002719 0
    outer loop
      vertex 76.29785116509801 17.09265193848728 0
      vertex 75.87698368412998 16.840393678258227 2.8
      vertex 76.29785116509801 17.09265193848728 2.8
    endloop
  endfacet
  facet normal -0.595699304492439 0.8032075314806406 0
    outer loop
      vertex 76.69196642081822 17.38494773318632 0
      vertex 76.29785116509801 17.09265193848728 2.8
      vertex 76.69196642081822 17.38494773318632 2.8
    endloop
  endfacet
  facet normal -0.6715589548470124 0.7409511253549645 0
    outer loop
      vertex 77.05553390593273 17.714466094067266 0
      vertex 76.69196642081822 17.38494773318632 2.8
      vertex 77.05553390593273 17.714466094067266 2.8
    endloop
  endfacet
  facet normal -0.740951125354954 0.671558954847024 0
    outer loop
      vertex 77.38505226681369 18.078033579181778 0
      vertex 77.05553390593273 17.714466094067266 2.8
      vertex 77.38505226681369 18.078033579181778 2.8
    endloop
  endfacet
  facet normal -0.8032075314806563 0.5956993044924181 0
    outer loop
      vertex 77.67734806151272 18.472148834901994 0
      vertex 77.38505226681369 18.078033579181778 2.8
      vertex 77.67734806151272 18.472148834901994 2.8
    endloop
  endfacet
  facet normal -0.8577286100002649 0.5141027441932339 0
    outer loop
      vertex 77.92960632174177 18.893016315870014 0
      vertex 77.67734806151272 18.472148834901994 0
      vertex 77.67734806151272 18.472148834901994 2.8
    endloop
  endfacet
  facet normal -0.9039892931234416 0.42755509343028575 0
    outer loop
      vertex 78.13939766255643 19.336582838174554 0
      vertex 77.92960632174177 18.893016315870014 0
      vertex 77.92960632174177 18.893016315870014 2.8
    endloop
  endfacet
  facet normal -0.9415440651830195 0.3368898533922238 0
    outer loop
      vertex 78.30470167866105 19.798576613727693 0
      vertex 78.13939766255643 19.336582838174554 0
      vertex 78.13939766255643 19.336582838174554 2.8
    endloop
  endfacet
  facet normal -0.9700312531945464 0.24298017990325432 0
    outer loop
      vertex 78.42392640201615 20.274548389919364 0
      vertex 78.30470167866105 19.798576613727693 0
      vertex 78.30470167866105 19.798576613727693 2.8
    endloop
  endfacet
  facet normal -0.9891765099647833 0.14673047445534568 0
    outer loop
      vertex 78.49592363336097 20.7599142983522 0
      vertex 78.42392640201615 20.274548389919364 0
      vertex 78.42392640201615 20.274548389919364 2.8
    endloop
  endfacet
  facet normal -0.9987954562051717 0.049067674327431525 0
    outer loop
      vertex 78.49592363336097 20.7599142983522 0
      vertex 78.49592363336097 20.7599142983522 2.8
      vertex 78.52 21.250000000000004 0
    endloop
  endfacet
  facet normal -0.8577286100002649 0.5141027441932339 0
    outer loop
      vertex 77.92960632174177 18.893016315870014 0
      vertex 77.67734806151272 18.472148834901994 2.8
      vertex 77.92960632174177 18.893016315870014 2.8
    endloop
  endfacet
  facet normal -0.9039892931234416 0.42755509343028575 0
    outer loop
      vertex 78.13939766255643 19.336582838174554 0
      vertex 77.92960632174177 18.893016315870014 2.8
      vertex 78.13939766255643 19.336582838174554 2.8
    endloop
  endfacet
  facet normal -0.9415440651830195 0.3368898533922238 0
    outer loop
      vertex 78.30470167866105 19.798576613727693 0
      vertex 78.13939766255643 19.336582838174554 2.8
      vertex 78.30470167866105 19.798576613727693 2.8
    endloop
  endfacet
  facet normal -0.9700312531945464 0.24298017990325432 0
    outer loop
      vertex 78.42392640201615 20.274548389919364 0
      vertex 78.30470167866105 19.798576613727693 2.8
      vertex 78.42392640201615 20.274548389919364 2.8
    endloop
  endfacet
  facet normal -0.9891765099647833 0.14673047445534568 0
    outer loop
      vertex 78.49592363336097 20.7599142983522 0
      vertex 78.42392640201615 20.274548389919364 2.8
      vertex 78.49592363336097 20.7599142983522 2.8
    endloop
  endfacet
  facet normal -0.9987954562051717 0.049067674327431525 0
    outer loop
      vertex 78.52 21.250000000000004 0
      vertex 78.49592363336097 20.7599142983522 2.8
      vertex 78.52 21.250000000000004 2.8
    endloop
  endfacet
  facet normal 0.9987954562051717 -0.049067674327431525 0
    outer loop
      vertex 68.52 21.250000000000004 0
      vertex 68.54407636663902 21.740085701647807 0
      vertex 68.54407636663902 21.740085701647807 2.8
    endloop
  endfacet
  facet normal 0.9891765099647833 -0.14673047445534568 0
    outer loop
      vertex 68.54407636663902 21.740085701647807 0
      vertex 68.61607359798384 22.225451610080643 0
      vertex 68.61607359798384 22.225451610080643 2.8
    endloop
  endfacet
  facet normal 0.9700312531945464 -0.24298017990325432 0
    outer loop
      vertex 68.61607359798384 22.225451610080643 0
      vertex 68.73529832133895 22.701423386272314 0
      vertex 68.73529832133895 22.701423386272314 2.8
    endloop
  endfacet
  facet normal 0.9415440651830195 -0.3368898533922238 0
    outer loop
      vertex 68.73529832133895 22.701423386272314 0
      vertex 68.90060233744356 23.163417161825453 0
      vertex 68.90060233744356 23.163417161825453 2.8
    endloop
  endfacet
  facet normal 0.9039892931234416 -0.42755509343028575 0
    outer loop
      vertex 68.90060233744356 23.163417161825453 0
      vertex 69.11039367825822 23.606983684129993 0
      vertex 69.11039367825822 23.606983684129993 2.8
    endloop
  endfacet
  facet normal 0.8577286100002649 -0.5141027441932339 0
    outer loop
      vertex 69.11039367825822 23.606983684129993 0
      vertex 69.36265193848728 24.027851165098014 0
      vertex 69.36265193848728 24.027851165098014 2.8
    endloop
  endfacet
  facet normal 0.8032075314806563 -0.5956993044924181 0
    outer loop
      vertex 69.36265193848728 24.027851165098014 0
      vertex 69.6549477331863 24.42196642081823 0
      vertex 69.6549477331863 24.42196642081823 2.8
    endloop
  endfacet
  facet normal 0.740951125354954 -0.671558954847024 0
    outer loop
      vertex 69.6549477331863 24.42196642081823 0
      vertex 69.98446609406726 24.78553390593274 0
      vertex 69.98446609406726 24.78553390593274 2.8
    endloop
  endfacet
  facet normal 0.6715589548470124 -0.7409511253549645 0
    outer loop
      vertex 70.34803357918177 25.115052266813688 0
      vertex 70.34803357918177 25.115052266813688 2.8
      vertex 69.98446609406726 24.78553390593274 0
    endloop
  endfacet
  facet normal 0.595699304492439 -0.8032075314806406 0
    outer loop
      vertex 70.74214883490198 25.407348061512728 0
      vertex 70.74214883490198 25.407348061512728 2.8
      vertex 70.34803357918177 25.115052266813688 0
    endloop
  endfacet
  facet normal 0.5141027441932221 -0.8577286100002719 0
    outer loop
      vertex 71.16301631587001 25.65960632174178 0
      vertex 71.16301631587001 25.65960632174178 2.8
      vertex 70.74214883490198 25.407348061512728 0
    endloop
  endfacet
  facet normal 0.4275550934302826 -0.903989293123443 0
    outer loop
      vertex 71.60658283817455 25.869397662556437 0
      vertex 71.60658283817455 25.869397662556437 2.8
      vertex 71.16301631587001 25.65960632174178 0
    endloop
  endfacet
  facet normal -0.8032075314806563 -0.5956993044924181 0
    outer loop
      vertex 77.38505226681369 24.42196642081823 0
      vertex 77.67734806151272 24.027851165098014 0
      vertex 77.67734806151272 24.027851165098014 2.8
    endloop
  endfacet
  facet normal 0.3368898533922174 -0.9415440651830217 0
    outer loop
      vertex 72.06857661372769 26.034701678661047 0
      vertex 72.06857661372769 26.034701678661047 2.8
      vertex 71.60658283817455 25.869397662556437 0
    endloop
  endfacet
  facet normal 0.24298017990326112 -0.9700312531945446 0
    outer loop
      vertex 72.54454838991936 26.153926402016154 0
      vertex 72.54454838991936 26.153926402016154 2.8
      vertex 72.06857661372769 26.034701678661047 0
    endloop
  endfacet
  facet normal 0.14673047445536588 -0.9891765099647803 0
    outer loop
      vertex 73.0299142983522 26.22592363336099 0
      vertex 73.0299142983522 26.22592363336099 2.8
      vertex 72.54454838991936 26.153926402016154 0
    endloop
  endfacet
  facet normal 0.04906767432741744 -0.9987954562051725 0
    outer loop
      vertex 73.52 26.250000000000004 0
      vertex 73.52 26.250000000000004 2.8
      vertex 73.0299142983522 26.22592363336099 0
    endloop
  endfacet
  facet normal -0.04906767432741744 -0.9987954562051725 0
    outer loop
      vertex 74.0100857016478 26.22592363336099 0
      vertex 74.0100857016478 26.22592363336099 2.8
      vertex 73.52 26.250000000000004 0
    endloop
  endfacet
  facet normal -0.14673047445536588 -0.9891765099647803 0
    outer loop
      vertex 74.49545161008064 26.153926402016154 0
      vertex 74.49545161008064 26.153926402016154 2.8
      vertex 74.0100857016478 26.22592363336099 0
    endloop
  endfacet
  facet normal -0.24298017990326112 -0.9700312531945446 0
    outer loop
      vertex 74.9714233862723 26.034701678661047 0
      vertex 74.9714233862723 26.034701678661047 2.8
      vertex 74.49545161008064 26.153926402016154 0
    endloop
  endfacet
  facet normal -0.3368898533922174 -0.9415440651830217 0
    outer loop
      vertex 75.43341716182545 25.869397662556437 0
      vertex 75.43341716182545 25.869397662556437 2.8
      vertex 74.9714233862723 26.034701678661047 0
    endloop
  endfacet
  facet normal -0.5141027441932221 -0.8577286100002719 0
    outer loop
      vertex 76.29785116509801 25.407348061512728 0
      vertex 76.29785116509801 25.407348061512728 2.8
      vertex 75.87698368412998 25.65960632174178 0
    endloop
  endfacet
  facet normal -0.4275550934302826 -0.903989293123443 0
    outer loop
      vertex 75.87698368412998 25.65960632174178 0
      vertex 75.87698368412998 25.65960632174178 2.8
      vertex 75.43341716182545 25.869397662556437 0
    endloop
  endfacet
  facet normal -0.595699304492439 -0.8032075314806406 0
    outer loop
      vertex 76.69196642081822 25.115052266813688 0
      vertex 76.69196642081822 25.115052266813688 2.8
      vertex 76.29785116509801 25.407348061512728 0
    endloop
  endfacet
  facet normal -0.6715589548470124 -0.7409511253549645 0
    outer loop
      vertex 77.05553390593273 24.78553390593274 0
      vertex 77.05553390593273 24.78553390593274 2.8
      vertex 76.69196642081822 25.115052266813688 0
    endloop
  endfacet
  facet normal -0.740951125354954 -0.671558954847024 0
    outer loop
      vertex 77.05553390593273 24.78553390593274 0
      vertex 77.38505226681369 24.42196642081823 0
      vertex 77.38505226681369 24.42196642081823 2.8
    endloop
  endfacet
  facet normal 0.9987954562051717 -0.049067674327431525 0
    outer loop
      vertex 68.52 21.250000000000004 0
      vertex 68.54407636663902 21.740085701647807 2.8
      vertex 68.52 21.250000000000004 2.8
    endloop
  endfacet
  facet normal 0.9891765099647833 -0.14673047445534568 0
    outer loop
      vertex 68.54407636663902 21.740085701647807 0
      vertex 68.61607359798384 22.225451610080643 2.8
      vertex 68.54407636663902 21.740085701647807 2.8
    endloop
  endfacet
  facet normal 0.9700312531945464 -0.24298017990325432 0
    outer loop
      vertex 68.61607359798384 22.225451610080643 0
      vertex 68.73529832133895 22.701423386272314 2.8
      vertex 68.61607359798384 22.225451610080643 2.8
    endloop
  endfacet
  facet normal 0.9415440651830195 -0.3368898533922238 0
    outer loop
      vertex 68.73529832133895 22.701423386272314 0
      vertex 68.90060233744356 23.163417161825453 2.8
      vertex 68.73529832133895 22.701423386272314 2.8
    endloop
  endfacet
  facet normal 0.9039892931234416 -0.42755509343028575 0
    outer loop
      vertex 68.90060233744356 23.163417161825453 0
      vertex 69.11039367825822 23.606983684129993 2.8
      vertex 68.90060233744356 23.163417161825453 2.8
    endloop
  endfacet
  facet normal 0.8577286100002649 -0.5141027441932339 0
    outer loop
      vertex 69.11039367825822 23.606983684129993 0
      vertex 69.36265193848728 24.027851165098014 2.8
      vertex 69.11039367825822 23.606983684129993 2.8
    endloop
  endfacet
  facet normal 0.8032075314806563 -0.5956993044924181 0
    outer loop
      vertex 69.36265193848728 24.027851165098014 0
      vertex 69.6549477331863 24.42196642081823 2.8
      vertex 69.36265193848728 24.027851165098014 2.8
    endloop
  endfacet
  facet normal 0.740951125354954 -0.671558954847024 0
    outer loop
      vertex 69.6549477331863 24.42196642081823 0
      vertex 69.98446609406726 24.78553390593274 2.8
      vertex 69.6549477331863 24.42196642081823 2.8
    endloop
  endfacet
  facet normal 0.6715589548470124 -0.7409511253549645 0
    outer loop
      vertex 69.98446609406726 24.78553390593274 0
      vertex 70.34803357918177 25.115052266813688 2.8
      vertex 69.98446609406726 24.78553390593274 2.8
    endloop
  endfacet
  facet normal 0.595699304492439 -0.8032075314806406 0
    outer loop
      vertex 70.34803357918177 25.115052266813688 0
      vertex 70.74214883490198 25.407348061512728 2.8
      vertex 70.34803357918177 25.115052266813688 2.8
    endloop
  endfacet
  facet normal 0.5141027441932221 -0.8577286100002719 0
    outer loop
      vertex 70.74214883490198 25.407348061512728 0
      vertex 71.16301631587001 25.65960632174178 2.8
      vertex 70.74214883490198 25.407348061512728 2.8
    endloop
  endfacet
  facet normal 0.4275550934302826 -0.903989293123443 0
    outer loop
      vertex 71.16301631587001 25.65960632174178 0
      vertex 71.60658283817455 25.869397662556437 2.8
      vertex 71.16301631587001 25.65960632174178 2.8
    endloop
  endfacet
  facet normal 0.3368898533922174 -0.9415440651830217 0
    outer loop
      vertex 71.60658283817455 25.869397662556437 0
      vertex 72.06857661372769 26.034701678661047 2.8
      vertex 71.60658283817455 25.869397662556437 2.8
    endloop
  endfacet
  facet normal -0.8032075314806563 -0.5956993044924181 0
    outer loop
      vertex 77.38505226681369 24.42196642081823 0
      vertex 77.67734806151272 24.027851165098014 2.8
      vertex 77.38505226681369 24.42196642081823 2.8
    endloop
  endfacet
  facet normal 0.24298017990326112 -0.9700312531945446 0
    outer loop
      vertex 72.06857661372769 26.034701678661047 0
      vertex 72.54454838991936 26.153926402016154 2.8
      vertex 72.06857661372769 26.034701678661047 2.8
    endloop
  endfacet
  facet normal 0.14673047445536588 -0.9891765099647803 0
    outer loop
      vertex 72.54454838991936 26.153926402016154 0
      vertex 73.0299142983522 26.22592363336099 2.8
      vertex 72.54454838991936 26.153926402016154 2.8
    endloop
  endfacet
  facet normal 0.04906767432741744 -0.9987954562051725 0
    outer loop
      vertex 73.0299142983522 26.22592363336099 0
      vertex 73.52 26.250000000000004 2.8
      vertex 73.0299142983522 26.22592363336099 2.8
    endloop
  endfacet
  facet normal -0.04906767432741744 -0.9987954562051725 0
    outer loop
      vertex 73.52 26.250000000000004 0
      vertex 74.0100857016478 26.22592363336099 2.8
      vertex 73.52 26.250000000000004 2.8
    endloop
  endfacet
  facet normal -0.14673047445536588 -0.9891765099647803 0
    outer loop
      vertex 74.0100857016478 26.22592363336099 0
      vertex 74.49545161008064 26.153926402016154 2.8
      vertex 74.0100857016478 26.22592363336099 2.8
    endloop
  endfacet
  facet normal -0.24298017990326112 -0.9700312531945446 0
    outer loop
      vertex 74.49545161008064 26.153926402016154 0
      vertex 74.9714233862723 26.034701678661047 2.8
      vertex 74.49545161008064 26.153926402016154 2.8
    endloop
  endfacet
  facet normal -0.3368898533922174 -0.9415440651830217 0
    outer loop
      vertex 74.9714233862723 26.034701678661047 0
      vertex 75.43341716182545 25.869397662556437 2.8
      vertex 74.9714233862723 26.034701678661047 2.8
    endloop
  endfacet
  facet normal -0.5141027441932221 -0.8577286100002719 0
    outer loop
      vertex 75.87698368412998 25.65960632174178 0
      vertex 76.29785116509801 25.407348061512728 2.8
      vertex 75.87698368412998 25.65960632174178 2.8
    endloop
  endfacet
  facet normal -0.4275550934302826 -0.903989293123443 0
    outer loop
      vertex 75.43341716182545 25.869397662556437 0
      vertex 75.87698368412998 25.65960632174178 2.8
      vertex 75.43341716182545 25.869397662556437 2.8
    endloop
  endfacet
  facet normal -0.6715589548470124 -0.7409511253549645 0
    outer loop
      vertex 76.69196642081822 25.115052266813688 0
      vertex 77.05553390593273 24.78553390593274 2.8
      vertex 76.69196642081822 25.115052266813688 2.8
    endloop
  endfacet
  facet normal -0.740951125354954 -0.671558954847024 0
    outer loop
      vertex 77.05553390593273 24.78553390593274 0
      vertex 77.38505226681369 24.42196642081823 2.8
      vertex 77.05553390593273 24.78553390593274 2.8
    endloop
  endfacet
  facet normal -0.595699304492439 -0.8032075314806406 0
    outer loop
      vertex 76.29785116509801 25.407348061512728 0
      vertex 76.69196642081822 25.115052266813688 2.8
      vertex 76.29785116509801 25.407348061512728 2.8
    endloop
  endfacet
  facet normal -0.9987954562051717 -0.049067674327431525 0
    outer loop
      vertex 78.52 21.250000000000004 0
      vertex 78.52 21.250000000000004 2.8
      vertex 78.49592363336097 21.740085701647807 0
    endloop
  endfacet
  facet normal -0.9891765099647833 -0.14673047445534568 0
    outer loop
      vertex 78.42392640201615 22.225451610080643 0
      vertex 78.49592363336097 21.740085701647807 0
      vertex 78.49592363336097 21.740085701647807 2.8
    endloop
  endfacet
  facet normal -0.9700312531945464 -0.24298017990325432 0
    outer loop
      vertex 78.30470167866105 22.701423386272314 0
      vertex 78.42392640201615 22.225451610080643 0
      vertex 78.42392640201615 22.225451610080643 2.8
    endloop
  endfacet
  facet normal -0.9415440651830195 -0.3368898533922238 0
    outer loop
      vertex 78.13939766255643 23.163417161825453 0
      vertex 78.30470167866105 22.701423386272314 0
      vertex 78.30470167866105 22.701423386272314 2.8
    endloop
  endfacet
  facet normal -0.9039892931234416 -0.42755509343028575 0
    outer loop
      vertex 77.92960632174177 23.606983684129993 0
      vertex 78.13939766255643 23.163417161825453 0
      vertex 78.13939766255643 23.163417161825453 2.8
    endloop
  endfacet
  facet normal -0.8577286100002649 -0.5141027441932339 0
    outer loop
      vertex 77.67734806151272 24.027851165098014 0
      vertex 77.92960632174177 23.606983684129993 0
      vertex 77.92960632174177 23.606983684129993 2.8
    endloop
  endfacet
  facet normal -0.9987954562051717 -0.049067674327431525 0
    outer loop
      vertex 78.49592363336097 21.740085701647807 0
      vertex 78.52 21.250000000000004 2.8
      vertex 78.49592363336097 21.740085701647807 2.8
    endloop
  endfacet
  facet normal -0.9700312531945464 -0.24298017990325432 0
    outer loop
      vertex 78.30470167866105 22.701423386272314 0
      vertex 78.42392640201615 22.225451610080643 2.8
      vertex 78.30470167866105 22.701423386272314 2.8
    endloop
  endfacet
  facet normal -0.9891765099647833 -0.14673047445534568 0
    outer loop
      vertex 78.42392640201615 22.225451610080643 0
      vertex 78.49592363336097 21.740085701647807 2.8
      vertex 78.42392640201615 22.225451610080643 2.8
    endloop
  endfacet
  facet normal -0.9415440651830195 -0.3368898533922238 0
    outer loop
      vertex 78.13939766255643 23.163417161825453 0
      vertex 78.30470167866105 22.701423386272314 2.8
      vertex 78.13939766255643 23.163417161825453 2.8
    endloop
  endfacet
  facet normal -0.9039892931234416 -0.42755509343028575 0
    outer loop
      vertex 77.92960632174177 23.606983684129993 0
      vertex 78.13939766255643 23.163417161825453 2.8
      vertex 77.92960632174177 23.606983684129993 2.8
    endloop
  endfacet
  facet normal -0.8577286100002649 -0.5141027441932339 0
    outer loop
      vertex 77.67734806151272 24.027851165098014 0
      vertex 77.92960632174177 23.606983684129993 2.8
      vertex 77.67734806151272 24.027851165098014 2.8
    endloop
  endfacet
  facet normal 0.4904566089214446 0.6613041834685665 -0.5675641740739541
    outer loop
      vertex -0.9455844122715709 -0.9455844122715709 3.25
      vertex -2.191782979435939 -2.8106523693152403 0
      vertex -2.3685908203840422 -2.6795227374909003 0
    endloop
  endfacet
  facet normal 0.4232757813424976 0.7061929773345588 -0.567564174073954
    outer loop
      vertex -0.9455844122715709 -0.9455844122715709 3.25
      vertex -2.0029735650446097 -2.9238203771633953 0
      vertex -2.191782979435939 -2.8106523693152403 0
    endloop
  endfacet
  facet normal 0.7752006857776037 0.27737124053817047 -0.5675641740739538
    outer loop
      vertex -0.9455844122715709 -0.9455844122715709 3.25
      vertex -3.0179368912558604 -1.8039809150843682 0
      vertex -3.092095518112607 -1.5967214375547782 0
    endloop
  endfacet
  facet normal 0.6100466688101344 0.5529140712456218 -0.5675641740739542
    outer loop
      vertex -0.9455844122715709 -0.9455844122715709 3.25
      vertex -2.5316943317275924 -2.5316943317275924 0
      vertex -2.6795227374909003 -2.3685908203840422 0
    endloop
  endfacet
  facet normal 0.6613041834685665 0.4904566089214446 -0.5675641740739541
    outer loop
      vertex -0.9455844122715709 -0.9455844122715709 3.25
      vertex -2.6795227374909003 -2.3685908203840422 0
      vertex -2.8106523693152403 -2.191782979435939 0
    endloop
  endfacet
  facet normal 0.5529140712456218 0.6100466688101344 -0.5675641740739542
    outer loop
      vertex -0.9455844122715709 -0.9455844122715709 3.25
      vertex -2.3685908203840422 -2.6795227374909003 0
      vertex -2.5316943317275924 -2.5316943317275924 0
    endloop
  endfacet
  facet normal 0.7061929773345588 0.4232757813424976 -0.567564174073954
    outer loop
      vertex -0.9455844122715709 -0.9455844122715709 3.25
      vertex -2.8106523693152403 -2.191782979435939 0
      vertex -2.9238203771633953 -2.0029735650446097 0
    endloop
  endfacet
  facet normal 0.7442807467844708 0.3520185766031404 -0.5675641740739539
    outer loop
      vertex -0.9455844122715709 -0.9455844122715709 3.25
      vertex -2.9238203771633953 -2.0029735650446097 0
      vertex -3.0179368912558604 -1.8039809150843682 0
    endloop
  endfacet
  facet normal 0.27737124053817047 0.7752006857776037 -0.5675641740739538
    outer loop
      vertex -0.9455844122715709 -0.9455844122715709 3.25
      vertex -1.5967214375547782 -3.092095518112607 0
      vertex -1.8039809150843682 -3.0179368912558604 0
    endloop
  endfacet
  facet normal 0.20005266780026892 0.7986550183988987 -0.5675641740739542
    outer loop
      vertex -0.9455844122715709 -0.9455844122715709 3.25
      vertex -1.3831911545240059 -3.145582069617774 0
      vertex -1.5967214375547782 -3.092095518112607 0
    endloop
  endfacet
  facet normal 0.3520185766031404 0.7442807467844708 -0.5675641740739539
    outer loop
      vertex -0.9455844122715709 -0.9455844122715709 3.25
      vertex -1.8039809150843682 -3.0179368912558604 0
      vertex -2.0029735650446097 -2.9238203771633953 0
    endloop
  endfacet
  facet normal 0.12080747851154469 0.8144178666037681 -0.567564174073954
    outer loop
      vertex -0.9455844122715709 -0.9455844122715709 3.25
      vertex -1.1654464793451633 -3.1778814410416443 0
      vertex -1.3831911545240059 -3.145582069617774 0
    endloop
  endfacet
  facet normal 0.0403988471646666 0.8223374255471512 -0.5675641740739541
    outer loop
      vertex -0.9455844122715709 -0.9455844122715709 3.25
      vertex -0.9455844122715709 -3.1886825717807734 0
      vertex -1.1654464793451633 -3.1778814410416443 0
    endloop
  endfacet
  facet normal -0.04039884716466658 0.8223374255471512 -0.5675641740739541
    outer loop
      vertex -0.9455844122715709 -0.9455844122715709 3.25
      vertex -0.7257223451979783 -3.1778814410416443 0
      vertex -0.9455844122715709 -3.1886825717807734 0
    endloop
  endfacet
  facet normal -0.12080747851154482 0.8144178666037681 -0.567564174073954
    outer loop
      vertex -0.9455844122715709 -0.9455844122715709 3.25
      vertex -0.507977670019136 -3.145582069617774 0
      vertex -0.7257223451979783 -3.1778814410416443 0
    endloop
  endfacet
  facet normal -0.2000526678002688 0.7986550183988989 -0.5675641740739542
    outer loop
      vertex -0.9455844122715709 -0.9455844122715709 3.25
      vertex -0.29444738698836354 -3.092095518112607 0
      vertex -0.507977670019136 -3.145582069617774 0
    endloop
  endfacet
  facet normal -0.2773712405381706 0.7752006857776036 -0.5675641740739539
    outer loop
      vertex -0.9455844122715709 -0.9455844122715709 3.25
      vertex -0.08718790945877365 -3.0179368912558604 0
      vertex -0.29444738698836354 -3.092095518112607 0
    endloop
  endfacet
  facet normal -0.3520185766031396 0.7442807467844712 -0.567564174073954
    outer loop
      vertex -0.9455844122715709 -0.9455844122715709 3.25
      vertex 0.11180474050146828 -2.9238203771633953 0
      vertex -0.08718790945877365 -3.0179368912558604 0
    endloop
  endfacet
  facet normal -0.42327578134249744 0.706192977334559 -0.5675641740739538
    outer loop
      vertex -0.9455844122715709 -0.9455844122715709 3.25
      vertex 0.3006141548927975 -2.8106523693152403 0
      vertex 0.11180474050146828 -2.9238203771633953 0
    endloop
  endfacet
  facet normal -0.490456608921445 0.6613041834685659 -0.5675641740739545
    outer loop
      vertex -0.9455844122715709 -0.9455844122715709 3.25
      vertex 0.47742199584090084 -2.6795227374909003 0
      vertex 0.3006141548927975 -2.8106523693152403 0
    endloop
  endfacet
  facet normal -0.5529140712456228 0.6100466688101335 -0.5675641740739542
    outer loop
      vertex -0.9455844122715709 -0.9455844122715709 3.25
      vertex 0.6405255071844504 -2.5316943317275924 0
      vertex 0.47742199584090084 -2.6795227374909003 0
    endloop
  endfacet
  facet normal -0.6100466688101338 0.5529140712456223 -0.5675641740739542
    outer loop
      vertex -0.9455844122715709 -0.9455844122715709 3.25
      vertex 0.7883539129477586 -2.3685908203840422 0
      vertex 0.6405255071844504 -2.5316943317275924 0
    endloop
  endfacet
  facet normal -0.661304183468567 0.490456608921444 -0.5675641740739541
    outer loop
      vertex -0.9455844122715709 -0.9455844122715709 3.25
      vertex 0.9194835447720984 -2.191782979435939 0
      vertex 0.7883539129477586 -2.3685908203840422 0
    endloop
  endfacet
  facet normal -0.7061929773345591 0.4232757813424968 -0.5675641740739541
    outer loop
      vertex -0.9455844122715709 -0.9455844122715709 3.25
      vertex 1.032651552620253 -2.0029735650446097 0
      vertex 0.9194835447720984 -2.191782979435939 0
    endloop
  endfacet
  facet normal -0.7442807467844701 0.3520185766031421 -0.5675641740739539
    outer loop
      vertex -0.9455844122715709 -0.9455844122715709 3.25
      vertex 1.1267680667127187 -1.8039809150843682 0
      vertex 1.032651552620253 -2.0029735650446097 0
    endloop
  endfacet
  facet normal -0.7752006857776043 0.27737124053816864 -0.567564174073954
    outer loop
      vertex -0.9455844122715709 -0.9455844122715709 3.25
      vertex 1.2009266935694651 -1.5967214375547782 0
      vertex 1.1267680667127187 -1.8039809150843682 0
    endloop
  endfacet
  facet normal 0.7986550183988984 0.20005266780027087 -0.5675641740739542
    outer loop
      vertex -0.9455844122715709 -0.9455844122715709 3.25
      vertex -3.092095518112607 -1.5967214375547782 0
      vertex -3.1455820696177743 -1.3831911545240059 0
    endloop
  endfacet
  facet normal 0.8144178666037685 0.1208074785115427 -0.5675641740739541
    outer loop
      vertex -0.9455844122715709 -0.9455844122715709 3.25
      vertex -3.1455820696177743 -1.3831911545240059 0
      vertex -3.1778814410416443 -1.1654464793451633 0
    endloop
  endfacet
  facet normal 0.8223374255471512 0.0403988471646666 -0.5675641740739541
    outer loop
      vertex -0.9455844122715709 -0.9455844122715709 3.25
      vertex -3.1778814410416443 -1.1654464793451633 0
      vertex -3.1886825717807734 -0.9455844122715709 0
    endloop
  endfacet
  facet normal 0.8223374255471512 -0.04039884716466658 -0.5675641740739541
    outer loop
      vertex -0.9455844122715709 -0.9455844122715709 3.25
      vertex -3.1886825717807734 -0.9455844122715709 0
      vertex -3.1778814410416443 -0.7257223451979783 0
    endloop
  endfacet
  facet normal 0.8144178666037684 -0.12080747851154282 -0.5675641740739541
    outer loop
      vertex -0.9455844122715709 -0.9455844122715709 3.25
      vertex -3.1778814410416443 -0.7257223451979783 0
      vertex -3.1455820696177743 -0.507977670019136 0
    endloop
  endfacet
  facet normal 0.7986550183988984 -0.20005266780027076 -0.5675641740739541
    outer loop
      vertex -0.9455844122715709 -0.9455844122715709 3.25
      vertex -3.1455820696177743 -0.507977670019136 0
      vertex -3.092095518112607 -0.29444738698836354 0
    endloop
  endfacet
  facet normal 0.7752006857776036 -0.2773712405381706 -0.5675641740739539
    outer loop
      vertex -0.9455844122715709 -0.9455844122715709 3.25
      vertex -3.092095518112607 -0.29444738698836354 0
      vertex -3.0179368912558604 -0.08718790945877365 0
    endloop
  endfacet
  facet normal 0.7442807467844712 -0.3520185766031396 -0.567564174073954
    outer loop
      vertex -0.9455844122715709 -0.9455844122715709 3.25
      vertex -3.0179368912558604 -0.08718790945877365 0
      vertex -2.9238203771633953 0.11180474050146828 0
    endloop
  endfacet
  facet normal 0.706192977334559 -0.42327578134249744 -0.5675641740739538
    outer loop
      vertex -0.9455844122715709 -0.9455844122715709 3.25
      vertex -2.9238203771633953 0.11180474050146828 0
      vertex -2.8106523693152403 0.3006141548927975 0
    endloop
  endfacet
  facet normal 0.6613041834685659 -0.490456608921445 -0.5675641740739545
    outer loop
      vertex -0.9455844122715709 -0.9455844122715709 3.25
      vertex -2.8106523693152403 0.3006141548927975 0
      vertex -2.6795227374909003 0.47742199584090084 0
    endloop
  endfacet
  facet normal 0.6100466688101335 -0.5529140712456228 -0.5675641740739542
    outer loop
      vertex -0.9455844122715709 -0.9455844122715709 3.25
      vertex -2.6795227374909003 0.47742199584090084 0
      vertex -2.5316943317275924 0.6405255071844504 0
    endloop
  endfacet
  facet normal 0.5529140712456223 -0.6100466688101338 -0.5675641740739542
    outer loop
      vertex -0.9455844122715709 -0.9455844122715709 3.25
      vertex -2.5316943317275924 0.6405255071844504 0
      vertex -2.3685908203840422 0.7883539129477587 0
    endloop
  endfacet
  facet normal 0.490456608921444 -0.661304183468567 -0.5675641740739541
    outer loop
      vertex -0.9455844122715709 -0.9455844122715709 3.25
      vertex -2.3685908203840422 0.7883539129477587 0
      vertex -2.191782979435939 0.9194835447720984 0
    endloop
  endfacet
  facet normal 0.4232757813424968 -0.7061929773345591 -0.5675641740739541
    outer loop
      vertex -0.9455844122715709 -0.9455844122715709 3.25
      vertex -2.191782979435939 0.9194835447720984 0
      vertex -2.0029735650446097 1.032651552620253 0
    endloop
  endfacet
  facet normal -0.7986550183988984 0.20005266780027087 -0.5675641740739542
    outer loop
      vertex -0.9455844122715709 -0.9455844122715709 3.25
      vertex 1.2544132450746324 -1.3831911545240059 0
      vertex 1.2009266935694651 -1.5967214375547782 0
    endloop
  endfacet
  facet normal -0.8144178666037681 0.12080747851154482 -0.567564174073954
    outer loop
      vertex -0.9455844122715709 -0.9455844122715709 3.25
      vertex 1.2867126164985025 -1.1654464793451635 0
      vertex 1.2544132450746324 -1.3831911545240059 0
    endloop
  endfacet
  facet normal -0.8223374255471512 0.04039884716466655 -0.567564174073954
    outer loop
      vertex -0.9455844122715709 -0.9455844122715709 3.25
      vertex 1.2975137472376317 -0.9455844122715709 0
      vertex 1.2867126164985025 -1.1654464793451635 0
    endloop
  endfacet
  facet normal -0.8223374255471512 -0.04039884716466658 -0.5675641740739541
    outer loop
      vertex -0.9455844122715709 -0.9455844122715709 3.25
      vertex 1.2867126164985025 -0.7257223451979783 0
      vertex 1.2975137472376317 -0.9455844122715709 0
    endloop
  endfacet
  facet normal -0.8144178666037681 -0.12080747851154482 -0.567564174073954
    outer loop
      vertex -0.9455844122715709 -0.9455844122715709 3.25
      vertex 1.2544132450746324 -0.507977670019136 0
      vertex 1.2867126164985025 -0.7257223451979783 0
    endloop
  endfacet
  facet normal -0.7986550183988984 -0.20005266780027076 -0.5675641740739541
    outer loop
      vertex -0.9455844122715709 -0.9455844122715709 3.25
      vertex 1.2009266935694651 -0.29444738698836354 0
      vertex 1.2544132450746324 -0.507977670019136 0
    endloop
  endfacet
  facet normal -0.7752006857776041 -0.27737124053816875 -0.567564174073954
    outer loop
      vertex -0.9455844122715709 -0.9455844122715709 3.25
      vertex 1.1267680667127187 -0.08718790945877365 0
      vertex 1.2009266935694651 -0.29444738698836354 0
    endloop
  endfacet
  facet normal -0.7442807467844704 -0.3520185766031413 -0.5675641740739539
    outer loop
      vertex -0.9455844122715709 -0.9455844122715709 3.25
      vertex 1.032651552620253 0.11180474050146828 0
      vertex 1.1267680667127187 -0.08718790945877365 0
    endloop
  endfacet
  facet normal -0.7061929773345593 -0.42327578134249666 -0.5675641740739539
    outer loop
      vertex -0.9455844122715709 -0.9455844122715709 3.25
      vertex 0.9194835447720984 0.3006141548927975 0
      vertex 1.032651552620253 0.11180474050146828 0
    endloop
  endfacet
  facet normal -0.6613041834685671 -0.49045660892144366 -0.567564174073954
    outer loop
      vertex 0.8330729481376234 0.41712535692564806 0
      vertex -0.9455844122715709 -0.9455844122715709 3.25
      vertex 0.7883539129477587 0.47742199584090084 0
    endloop
  endfacet
  facet normal -0.6100466688101329 -0.5529140712456233 -0.5675641740739542
    outer loop
      vertex -0.9455844122715709 -0.9455844122715709 3.25
      vertex 0.6405255071844504 0.6405255071844504 0
      vertex 0.7883539129477587 0.47742199584090084 0
    endloop
  endfacet
  facet normal -0.4904566089214443 -0.6613041834685665 -0.5675641740739544
    outer loop
      vertex -0.9455844122715709 -0.9455844122715709 3.25
      vertex 0.3006141548927975 0.9194835447720984 0
      vertex 0.47742199584090084 0.7883539129477586 0
    endloop
  endfacet
  facet normal -0.5529140712456233 -0.6100466688101329 -0.5675641740739542
    outer loop
      vertex -0.9455844122715709 -0.9455844122715709 3.25
      vertex 0.47742199584090084 0.7883539129477586 0
      vertex 0.6405255071844504 0.6405255071844504 0
    endloop
  endfacet
  facet normal -0.6613041834685667 -0.4904566089214443 -0.5675641740739541
    outer loop
      vertex -0.9455844122715709 -0.9455844122715709 3.25
      vertex 0.8330729481376234 0.41712535692564806 0
      vertex 0.9194835447720984 0.3006141548927975 0
    endloop
  endfacet
  facet normal 0.3520185766031421 -0.7442807467844701 -0.5675641740739539
    outer loop
      vertex -0.9455844122715709 -0.9455844122715709 3.25
      vertex -2.0029735650446097 1.032651552620253 0
      vertex -1.8039809150843682 1.1267680667127187 0
    endloop
  endfacet
  facet normal 0.27737124053816864 -0.7752006857776043 -0.567564174073954
    outer loop
      vertex -0.9455844122715709 -0.9455844122715709 3.25
      vertex -1.8039809150843682 1.1267680667127187 0
      vertex -1.5967214375547782 1.2009266935694651 0
    endloop
  endfacet
  facet normal 0.20005266780027087 -0.7986550183988984 -0.5675641740739542
    outer loop
      vertex -0.9455844122715709 -0.9455844122715709 3.25
      vertex -1.5967214375547782 1.2009266935694651 0
      vertex -1.3831911545240059 1.2544132450746324 0
    endloop
  endfacet
  facet normal 0.12080747851154469 -0.8144178666037681 -0.567564174073954
    outer loop
      vertex -0.9455844122715709 -0.9455844122715709 3.25
      vertex -1.3831911545240059 1.2544132450746324 0
      vertex -1.1654464793451633 1.2867126164985025 0
    endloop
  endfacet
  facet normal 0.0403988471646666 -0.8223374255471512 -0.5675641740739541
    outer loop
      vertex -0.9455844122715709 -0.9455844122715709 3.25
      vertex -1.1654464793451633 1.2867126164985025 0
      vertex -0.9455844122715709 1.2975137472376317 0
    endloop
  endfacet
  facet normal -0.04039884716466658 -0.8223374255471512 -0.5675641740739541
    outer loop
      vertex -0.9455844122715709 -0.9455844122715709 3.25
      vertex -0.9455844122715709 1.2975137472376317 0
      vertex -0.7257223451979783 1.2867126164985025 0
    endloop
  endfacet
  facet normal -0.12080747851154482 -0.8144178666037681 -0.567564174073954
    outer loop
      vertex -0.9455844122715709 -0.9455844122715709 3.25
      vertex -0.7257223451979783 1.2867126164985025 0
      vertex -0.507977670019136 1.2544132450746324 0
    endloop
  endfacet
  facet normal -0.20005266780027076 -0.7986550183988984 -0.5675641740739541
    outer loop
      vertex -0.9455844122715709 -0.9455844122715709 3.25
      vertex -0.507977670019136 1.2544132450746324 0
      vertex -0.29444738698836354 1.2009266935694651 0
    endloop
  endfacet
  facet normal -0.27737124053816875 -0.7752006857776041 -0.567564174073954
    outer loop
      vertex -0.9455844122715709 -0.9455844122715709 3.25
      vertex -0.29444738698836354 1.2009266935694651 0
      vertex -0.08718790945877365 1.1267680667127187 0
    endloop
  endfacet
  facet normal -0.35201857660314134 -0.7442807467844708 -0.5675641740739534
    outer loop
      vertex -0.9455844122715709 -0.9455844122715709 3.25
      vertex -0.08718790945877365 1.1267680667127187 0
      vertex 0 1.0855312566551172 0
    endloop
  endfacet
  facet normal -0.35201857660314134 -0.7442807467844703 -0.5675641740739539
    outer loop
      vertex -0.9455844122715709 -0.9455844122715709 3.25
      vertex 0 1.0855312566551172 0
      vertex 0.11180474050146828 1.032651552620253 0
    endloop
  endfacet
  facet normal -0.42327578134249666 -0.7061929773345593 -0.5675641740739539
    outer loop
      vertex -0.9455844122715709 -0.9455844122715709 3.25
      vertex 0.11180474050146828 1.032651552620253 0
      vertex 0.3006141548927975 0.9194835447720984 0
    endloop
  endfacet
  facet normal 0.49045660892144954 0.6613041834685629 -0.5675641740739542
    outer loop
      vertex 85.82558441227157 -0.9455844122715709 3.25
      vertex 84.5793858451072 -2.8106523693152403 0
      vertex 84.4025780041591 -2.6795227374909003 0
    endloop
  endfacet
  facet normal 0.6613041834685982 0.4904566089214017 -0.5675641740739542
    outer loop
      vertex 85.82558441227157 -0.9455844122715709 3.25
      vertex 84.09164608705223 -2.3685908203840422 0
      vertex 83.9605164552279 -2.191782979435939 0
    endloop
  endfacet
  facet normal 0.5529140712456218 0.6100466688101344 -0.5675641740739542
    outer loop
      vertex 85.82558441227157 -0.9455844122715709 3.25
      vertex 84.4025780041591 -2.6795227374909003 0
      vertex 84.23947449281555 -2.5316943317275924 0
    endloop
  endfacet
  facet normal 0.6100466688101107 0.5529140712456473 -0.5675641740739547
    outer loop
      vertex 85.82558441227157 -0.9455844122715709 3.25
      vertex 84.23947449281555 -2.5316943317275924 0
      vertex 84.09164608705223 -2.3685908203840422 0
    endloop
  endfacet
  facet normal 0.7061929773345519 0.42327578134250987 -0.5675641740739533
    outer loop
      vertex 85.82558441227157 -0.9455844122715709 3.25
      vertex 83.9605164552279 -2.191782979435939 0
      vertex 83.84734844737974 -2.0029735650446097 0
    endloop
  endfacet
  facet normal 0.7442807467844536 0.35201857660317515 -0.5675641740739549
    outer loop
      vertex 85.82558441227157 -0.9455844122715709 3.25
      vertex 83.84734844737974 -2.0029735650446097 0
      vertex 83.75323193328727 -1.8039809150843682 0
    endloop
  endfacet
  facet normal 0.7752006857776246 0.27737124053811146 -0.567564174073954
    outer loop
      vertex 85.82558441227157 -0.9455844122715709 3.25
      vertex 83.75323193328727 -1.8039809150843682 0
      vertex 83.67907330643054 -1.5967214375547782 0
    endloop
  endfacet
  facet normal 0.27737124053817075 0.7752006857776035 -0.5675641740739539
    outer loop
      vertex 85.82558441227157 -0.9455844122715709 3.25
      vertex 85.17444738698836 -3.092095518112607 0
      vertex 84.96718790945877 -3.0179368912558604 0
    endloop
  endfacet
  facet normal 0.35201857660313357 0.7442807467844738 -0.5675641740739542
    outer loop
      vertex 85.82558441227157 -0.9455844122715709 3.25
      vertex 84.96718790945877 -3.0179368912558604 0
      vertex 84.76819525949853 -2.9238203771633953 0
    endloop
  endfacet
  facet normal 0.42327578134249755 0.7061929773345587 -0.5675641740739542
    outer loop
      vertex 85.82558441227157 -0.9455844122715709 3.25
      vertex 84.76819525949853 -2.9238203771633953 0
      vertex 84.5793858451072 -2.8106523693152403 0
    endloop
  endfacet
  facet normal 0.2000526678002765 0.7986550183988969 -0.5675641740739543
    outer loop
      vertex 85.82558441227157 -0.9455844122715709 3.25
      vertex 85.38797767001913 -3.145582069617774 0
      vertex 85.17444738698836 -3.092095518112607 0
    endloop
  endfacet
  facet normal 0.040398847164666685 0.8223374255471512 -0.5675641740739541
    outer loop
      vertex 85.82558441227157 -0.9455844122715709 3.25
      vertex 85.82558441227157 -3.1886825717807734 0
      vertex 85.60572234519798 -3.1778814410416443 0
    endloop
  endfacet
  facet normal 0.12080747851154096 0.8144178666037687 -0.567564174073954
    outer loop
      vertex 85.82558441227157 -0.9455844122715709 3.25
      vertex 85.60572234519798 -3.1778814410416443 0
      vertex 85.38797767001913 -3.145582069617774 0
    endloop
  endfacet
  facet normal -0.040398847164666685 0.8223374255471512 -0.5675641740739541
    outer loop
      vertex 85.82558441227157 -0.9455844122715709 3.25
      vertex 86.04544647934516 -3.1778814410416443 0
      vertex 85.82558441227157 -3.1886825717807734 0
    endloop
  endfacet
  facet normal -0.12080747851153896 0.8144178666037689 -0.5675641740739541
    outer loop
      vertex 85.82558441227157 -0.9455844122715709 3.25
      vertex 86.26319115452401 -3.1455820696177743 0
      vertex 86.04544647934516 -3.1778814410416443 0
    endloop
  endfacet
  facet normal -0.20005266780027844 0.7986550183988965 -0.5675641740739542
    outer loop
      vertex 85.82558441227157 -0.9455844122715709 3.25
      vertex 86.47672143755477 -3.092095518112607 0
      vertex 86.26319115452401 -3.1455820696177743 0
    endloop
  endfacet
  facet normal -0.27737124053817075 0.7752006857776035 -0.5675641740739539
    outer loop
      vertex 85.82558441227157 -0.9455844122715709 3.25
      vertex 86.68398091508436 -3.0179368912558604 0
      vertex 86.47672143755477 -3.092095518112607 0
    endloop
  endfacet
  facet normal -0.35201857660313357 0.7442807467844738 -0.5675641740739542
    outer loop
      vertex 85.82558441227157 -0.9455844122715709 3.25
      vertex 86.88297356504461 -2.9238203771633953 0
      vertex 86.68398091508436 -3.0179368912558604 0
    endloop
  endfacet
  facet normal -0.42327578134249755 0.7061929773345587 -0.5675641740739542
    outer loop
      vertex 85.82558441227157 -0.9455844122715709 3.25
      vertex 87.07178297943594 -2.8106523693152403 0
      vertex 86.88297356504461 -2.9238203771633953 0
    endloop
  endfacet
  facet normal -0.49045660892144954 0.6613041834685629 -0.5675641740739542
    outer loop
      vertex 85.82558441227157 -0.9455844122715709 3.25
      vertex 87.24859082038404 -2.6795227374909003 0
      vertex 87.07178297943594 -2.8106523693152403 0
    endloop
  endfacet
  facet normal -0.5529140712456218 0.6100466688101344 -0.5675641740739542
    outer loop
      vertex 85.82558441227157 -0.9455844122715709 3.25
      vertex 87.41169433172759 -2.5316943317275924 0
      vertex 87.24859082038404 -2.6795227374909003 0
    endloop
  endfacet
  facet normal -0.6100466688101107 0.5529140712456473 -0.5675641740739547
    outer loop
      vertex 85.82558441227157 -0.9455844122715709 3.25
      vertex 87.55952273749091 -2.3685908203840422 0
      vertex 87.41169433172759 -2.5316943317275924 0
    endloop
  endfacet
  facet normal -0.6613041834685982 0.4904566089214017 -0.5675641740739542
    outer loop
      vertex 85.82558441227157 -0.9455844122715709 3.25
      vertex 87.69065236931523 -2.191782979435939 0
      vertex 87.55952273749091 -2.3685908203840422 0
    endloop
  endfacet
  facet normal -0.7061929773345519 0.42327578134250987 -0.5675641740739533
    outer loop
      vertex 85.82558441227157 -0.9455844122715709 3.25
      vertex 87.80382037716339 -2.0029735650446097 0
      vertex 87.69065236931523 -2.191782979435939 0
    endloop
  endfacet
  facet normal -0.7442807467844536 0.35201857660317515 -0.5675641740739549
    outer loop
      vertex 85.82558441227157 -0.9455844122715709 3.25
      vertex 87.89793689125587 -1.8039809150843682 0
      vertex 87.80382037716339 -2.0029735650446097 0
    endloop
  endfacet
  facet normal -0.7752006857776246 0.27737124053811146 -0.567564174073954
    outer loop
      vertex 85.82558441227157 -0.9455844122715709 3.25
      vertex 87.9720955181126 -1.5967214375547782 0
      vertex 87.89793689125587 -1.8039809150843682 0
    endloop
  endfacet
  facet normal 0.7986550183988934 0.2000526678002931 -0.5675641740739534
    outer loop
      vertex 85.82558441227157 -0.9455844122715709 3.25
      vertex 83.67907330643054 -1.5967214375547782 0
      vertex 83.62558675492537 -1.3831911545240059 0
    endloop
  endfacet
  facet normal 0.8144178666037657 0.12080747851156068 -0.5675641740739542
    outer loop
      vertex 85.82558441227157 -0.9455844122715709 3.25
      vertex 83.62558675492537 -1.3831911545240059 0
      vertex 83.59328738350149 -1.1654464793451633 0
    endloop
  endfacet
  facet normal 0.8223374255471517 0.040398847164651294 -0.5675641740739543
    outer loop
      vertex 85.82558441227157 -0.9455844122715709 3.25
      vertex 83.59328738350149 -1.1654464793451633 0
      vertex 83.58248625276237 -0.9455844122715709 0
    endloop
  endfacet
  facet normal 0.8223374255471517 -0.04039884716465127 -0.5675641740739543
    outer loop
      vertex 85.82558441227157 -0.9455844122715709 3.25
      vertex 83.58248625276237 -0.9455844122715709 0
      vertex 83.59328738350149 -0.7257223451979783 0
    endloop
  endfacet
  facet normal 0.8144178666037656 -0.1208074785115608 -0.5675641740739543
    outer loop
      vertex 85.82558441227157 -0.9455844122715709 3.25
      vertex 83.59328738350149 -0.7257223451979783 0
      vertex 83.62558675492537 -0.507977670019136 0
    endloop
  endfacet
  facet normal 0.7986550183988934 -0.200052667800293 -0.5675641740739533
    outer loop
      vertex 85.82558441227157 -0.9455844122715709 3.25
      vertex 83.62558675492537 -0.507977670019136 0
      vertex 83.67907330643054 -0.29444738698836354 0
    endloop
  endfacet
  facet normal 0.7752006857776246 -0.2773712405381117 -0.5675641740739541
    outer loop
      vertex 85.82558441227157 -0.9455844122715709 3.25
      vertex 83.67907330643054 -0.29444738698836354 0
      vertex 83.75323193328727 -0.08718790945877365 0
    endloop
  endfacet
  facet normal 0.7442807467844369 -0.35201857660321195 -0.5675641740739538
    outer loop
      vertex 83.79446874334488 0 0
      vertex 85.82558441227157 -0.9455844122715709 3.25
      vertex 83.75323193328727 -0.08718790945877365 0
    endloop
  endfacet
  facet normal 0.7442807467844682 -0.3520185766031457 -0.567564174073954
    outer loop
      vertex 85.82558441227157 -0.9455844122715709 3.25
      vertex 83.79446874334488 0 0
      vertex 83.84734844737974 0.11180474050146828 0
    endloop
  endfacet
  facet normal 0.7061929773345521 -0.4232757813425097 -0.5675641740739531
    outer loop
      vertex 85.82558441227157 -0.9455844122715709 3.25
      vertex 83.84734844737974 0.11180474050146828 0
      vertex 83.9605164552279 0.3006141548927975 0
    endloop
  endfacet
  facet normal 0.6613041834685977 -0.490456608921402 -0.5675641740739547
    outer loop
      vertex 85.82558441227157 -0.9455844122715709 3.25
      vertex 83.9605164552279 0.3006141548927975 0
      vertex 84.09164608705223 0.47742199584090084 0
    endloop
  endfacet
  facet normal 0.6100466688101097 -0.5529140712456483 -0.5675641740739547
    outer loop
      vertex 85.82558441227157 -0.9455844122715709 3.25
      vertex 84.09164608705223 0.47742199584090084 0
      vertex 84.23947449281555 0.6405255071844504 0
    endloop
  endfacet
  facet normal 0.5529140712456223 -0.6100466688101338 -0.5675641740739542
    outer loop
      vertex 85.82558441227157 -0.9455844122715709 3.25
      vertex 84.23947449281555 0.6405255071844504 0
      vertex 84.4025780041591 0.7883539129477586 0
    endloop
  endfacet
  facet normal 0.4904566089214488 -0.6613041834685633 -0.567564174073954
    outer loop
      vertex 85.82558441227157 -0.9455844122715709 3.25
      vertex 84.4025780041591 0.7883539129477586 0
      vertex 84.5793858451072 0.9194835447720984 0
    endloop
  endfacet
  facet normal 0.42327578134249677 -0.706192977334559 -0.5675641740739542
    outer loop
      vertex 85.82558441227157 -0.9455844122715709 3.25
      vertex 84.5793858451072 0.9194835447720984 0
      vertex 84.76819525949853 1.032651552620253 0
    endloop
  endfacet
  facet normal 0.3520185766031518 -0.7442807467844651 -0.5675641740739543
    outer loop
      vertex 85.82558441227157 -0.9455844122715709 3.25
      vertex 84.76819525949853 1.032651552620253 0
      vertex 84.82224599242275 1.0582156454045215 0
    endloop
  endfacet
  facet normal 0.3520185766031291 -0.7442807467844759 -0.567564174073954
    outer loop
      vertex 85.82558441227157 -0.9455844122715709 3.25
      vertex 84.82224599242275 1.0582156454045215 0
      vertex 84.96718790945877 1.1267680667127187 0
    endloop
  endfacet
  facet normal 0.2773712405381689 -0.7752006857776041 -0.5675641740739539
    outer loop
      vertex 85.82558441227157 -0.9455844122715709 3.25
      vertex 84.96718790945877 1.1267680667127187 0
      vertex 85.17444738698836 1.2009266935694651 0
    endloop
  endfacet
  facet normal 0.20005266780027844 -0.7986550183988965 -0.5675641740739541
    outer loop
      vertex 85.82558441227157 -0.9455844122715709 3.25
      vertex 85.17444738698836 1.2009266935694651 0
      vertex 85.38797767001913 1.2544132450746324 0
    endloop
  endfacet
  facet normal 0.12080747851154096 -0.8144178666037687 -0.567564174073954
    outer loop
      vertex 85.82558441227157 -0.9455844122715709 3.25
      vertex 85.38797767001913 1.2544132450746324 0
      vertex 85.60572234519798 1.2867126164985025 0
    endloop
  endfacet
  facet normal 0.040398847164666685 -0.8223374255471512 -0.5675641740739541
    outer loop
      vertex 85.82558441227157 -0.9455844122715709 3.25
      vertex 85.60572234519798 1.2867126164985025 0
      vertex 85.82558441227157 1.2975137472376317 0
    endloop
  endfacet
  facet normal -0.040398847164666685 -0.8223374255471512 -0.5675641740739541
    outer loop
      vertex 85.82558441227157 -0.9455844122715709 3.25
      vertex 85.82558441227157 1.2975137472376317 0
      vertex 86.04544647934516 1.2867126164985025 0
    endloop
  endfacet
  facet normal -0.12080747851154096 -0.8144178666037687 -0.567564174073954
    outer loop
      vertex 85.82558441227157 -0.9455844122715709 3.25
      vertex 86.04544647934516 1.2867126164985025 0
      vertex 86.26319115452401 1.2544132450746324 0
    endloop
  endfacet
  facet normal -0.2773712405381689 -0.7752006857776041 -0.5675641740739539
    outer loop
      vertex 85.82558441227157 -0.9455844122715709 3.25
      vertex 86.47672143755477 1.2009266935694651 0
      vertex 86.68398091508436 1.1267680667127187 0
    endloop
  endfacet
  facet normal -0.35201857660313535 -0.7442807467844732 -0.567564174073954
    outer loop
      vertex 85.82558441227157 -0.9455844122715709 3.25
      vertex 86.68398091508436 1.1267680667127187 0
      vertex 86.88297356504461 1.032651552620253 0
    endloop
  endfacet
  facet normal -0.20005266780027844 -0.7986550183988965 -0.5675641740739541
    outer loop
      vertex 85.82558441227157 -0.9455844122715709 3.25
      vertex 86.26319115452401 1.2544132450746324 0
      vertex 86.47672143755477 1.2009266935694651 0
    endloop
  endfacet
  facet normal -0.7986550183988934 0.2000526678002931 -0.5675641740739534
    outer loop
      vertex 85.82558441227157 -0.9455844122715709 3.25
      vertex 88.02558206961777 -1.3831911545240059 0
      vertex 87.9720955181126 -1.5967214375547782 0
    endloop
  endfacet
  facet normal -0.8144178666037656 0.1208074785115608 -0.5675641740739542
    outer loop
      vertex 85.82558441227157 -0.9455844122715709 3.25
      vertex 88.05788144104164 -1.1654464793451635 0
      vertex 88.02558206961777 -1.3831911545240059 0
    endloop
  endfacet
  facet normal -0.8223374255471517 0.04039884716465125 -0.5675641740739543
    outer loop
      vertex 85.82558441227157 -0.9455844122715709 3.25
      vertex 88.06868257178077 -0.9455844122715709 0
      vertex 88.05788144104164 -1.1654464793451635 0
    endloop
  endfacet
  facet normal -0.8223374255471517 -0.04039884716465127 -0.5675641740739543
    outer loop
      vertex 85.82558441227157 -0.9455844122715709 3.25
      vertex 88.05788144104164 -0.7257223451979783 0
      vertex 88.06868257178077 -0.9455844122715709 0
    endloop
  endfacet
  facet normal -0.8144178666037657 -0.12080747851156075 -0.5675641740739543
    outer loop
      vertex 85.82558441227157 -0.9455844122715709 3.25
      vertex 88.02558206961777 -0.5079776700191359 0
      vertex 88.05788144104164 -0.7257223451979783 0
    endloop
  endfacet
  facet normal -0.7986550183988934 -0.2000526678002931 -0.5675641740739534
    outer loop
      vertex 85.82558441227157 -0.9455844122715709 3.25
      vertex 87.9720955181126 -0.29444738698836354 0
      vertex 88.02558206961777 -0.5079776700191359 0
    endloop
  endfacet
  facet normal -0.744280746784454 -0.3520185766031744 -0.5675641740739549
    outer loop
      vertex 85.82558441227157 -0.9455844122715709 3.25
      vertex 87.80382037716339 0.11180474050146828 0
      vertex 87.89793689125587 -0.08718790945877365 0
    endloop
  endfacet
  facet normal -0.7061929773345521 -0.4232757813425097 -0.5675641740739531
    outer loop
      vertex 85.82558441227157 -0.9455844122715709 3.25
      vertex 87.69065236931523 0.3006141548927975 0
      vertex 87.80382037716339 0.11180474050146828 0
    endloop
  endfacet
  facet normal -0.5529140712456223 -0.6100466688101338 -0.5675641740739542
    outer loop
      vertex 85.82558441227157 -0.9455844122715709 3.25
      vertex 87.24859082038404 0.7883539129477587 0
      vertex 87.41169433172759 0.6405255071844504 0
    endloop
  endfacet
  facet normal -0.4904566089214488 -0.6613041834685633 -0.567564174073954
    outer loop
      vertex 85.82558441227157 -0.9455844122715709 3.25
      vertex 87.07178297943594 0.9194835447720984 0
      vertex 87.24859082038404 0.7883539129477587 0
    endloop
  endfacet
  facet normal -0.6613041834685977 -0.490456608921402 -0.5675641740739547
    outer loop
      vertex 85.82558441227157 -0.9455844122715709 3.25
      vertex 87.55952273749091 0.47742199584090084 0
      vertex 87.69065236931523 0.3006141548927975 0
    endloop
  endfacet
  facet normal -0.6100466688101097 -0.5529140712456483 -0.5675641740739547
    outer loop
      vertex 85.82558441227157 -0.9455844122715709 3.25
      vertex 87.41169433172759 0.6405255071844504 0
      vertex 87.55952273749091 0.47742199584090084 0
    endloop
  endfacet
  facet normal -0.7752006857776246 -0.2773712405381117 -0.5675641740739541
    outer loop
      vertex 85.82558441227157 -0.9455844122715709 3.25
      vertex 87.89793689125587 -0.08718790945877365 0
      vertex 87.9720955181126 -0.29444738698836354 0
    endloop
  endfacet
  facet normal -0.42327578134249677 -0.706192977334559 -0.5675641740739542
    outer loop
      vertex 85.82558441227157 -0.9455844122715709 3.25
      vertex 86.88297356504461 1.032651552620253 0
      vertex 87.07178297943594 0.9194835447720984 0
    endloop
  endfacet
  facet normal 0.4232757813424901 0.7061929773345633 -0.5675641740739538
    outer loop
      vertex -0.9455844122715709 43.44558441227158 3.25
      vertex -2.0029735650446097 41.467348447379756 0
      vertex -2.191782979435939 41.58051645522791 0
    endloop
  endfacet
  facet normal 0.7752006857776003 0.2773712405381791 -0.5675641740739541
    outer loop
      vertex -0.9455844122715709 43.44558441227158 3.25
      vertex -3.0179368912558604 42.587187909458784 0
      vertex -3.092095518112607 42.79444738698837 0
    endloop
  endfacet
  facet normal 0.6100466688101222 0.5529140712456347 -0.5675641740739548
    outer loop
      vertex -0.9455844122715709 43.44558441227158 3.25
      vertex -2.5316943317275924 41.85947449281556 0
      vertex -2.6795227374909003 42.0225780041591 0
    endloop
  endfacet
  facet normal 0.6613041834685721 0.4904566089214366 -0.5675641740739545
    outer loop
      vertex -0.9455844122715709 43.44558441227158 3.25
      vertex -2.6795227374909003 42.0225780041591 0
      vertex -2.8106523693152403 42.19938584510721 0
    endloop
  endfacet
  facet normal 0.4904566089214533 0.6613041834685603 -0.5675641740739539
    outer loop
      vertex -0.9455844122715709 43.44558441227158 3.25
      vertex -2.191782979435939 41.58051645522791 0
      vertex -2.3685908203840422 41.71164608705225 0
    endloop
  endfacet
  facet normal 0.5529140712456185 0.6100466688101375 -0.567564174073954
    outer loop
      vertex -0.9455844122715709 43.44558441227158 3.25
      vertex -2.3685908203840422 41.71164608705225 0
      vertex -2.5316943317275924 41.85947449281556 0
    endloop
  endfacet
  facet normal 0.7061929773345587 0.42327578134249755 -0.5675641740739542
    outer loop
      vertex -0.9455844122715709 43.44558441227158 3.25
      vertex -2.8106523693152403 42.19938584510721 0
      vertex -2.9238203771633953 42.38819525949854 0
    endloop
  endfacet
  facet normal 0.7442807467844738 0.35201857660313357 -0.5675641740739542
    outer loop
      vertex -0.9455844122715709 43.44558441227158 3.25
      vertex -2.9238203771633953 42.38819525949854 0
      vertex -3.0179368912558604 42.587187909458784 0
    endloop
  endfacet
  facet normal 0.7986550183989001 0.20005266780026398 -0.5675641740739541
    outer loop
      vertex -0.9455844122715709 43.44558441227158 3.25
      vertex -3.092095518112607 42.79444738698837 0
      vertex -3.145582069617774 43.007977670019145 0
    endloop
  endfacet
  facet normal 0.8144178666037681 0.12080747851154482 -0.5675641740739539
    outer loop
      vertex -0.9455844122715709 43.44558441227158 3.25
      vertex -3.145582069617774 43.007977670019145 0
      vertex -3.1778814410416443 43.22572234519799 0
    endloop
  endfacet
  facet normal 0.8223374255471512 0.040398847164666685 -0.5675641740739541
    outer loop
      vertex -0.9455844122715709 43.44558441227158 3.25
      vertex -3.1778814410416443 43.22572234519799 0
      vertex -3.1886825717807734 43.44558441227158 0
    endloop
  endfacet
  facet normal 0.8223374255471512 -0.040398847164666685 -0.5675641740739541
    outer loop
      vertex -0.9455844122715709 43.44558441227158 3.25
      vertex -3.1886825717807734 43.44558441227158 0
      vertex -3.1778814410416443 43.66544647934517 0
    endloop
  endfacet
  facet normal 0.8144178666037689 -0.12080747851153896 -0.5675641740739541
    outer loop
      vertex -0.9455844122715709 43.44558441227158 3.25
      vertex -3.1778814410416443 43.66544647934517 0
      vertex -3.1455820696177743 43.88319115452402 0
    endloop
  endfacet
  facet normal 0.7986550183988981 -0.20005266780027217 -0.5675641740739543
    outer loop
      vertex -0.9455844122715709 43.44558441227158 3.25
      vertex -3.1455820696177743 43.88319115452402 0
      vertex -3.092095518112607 44.09672143755479 0
    endloop
  endfacet
  facet normal 0.200052667800268 0.7986550183988993 -0.5675641740739541
    outer loop
      vertex -0.9455844122715709 43.44558441227158 3.25
      vertex -1.3831911545240059 41.24558675492538 0
      vertex -1.5967214375547782 41.29907330643054 0
    endloop
  endfacet
  facet normal 0.35201857660313207 0.7442807467844749 -0.5675641740739537
    outer loop
      vertex -0.9455844122715709 43.44558441227158 3.25
      vertex -1.8039809150843682 41.37323193328729 0
      vertex -2.0029735650446097 41.467348447379756 0
    endloop
  endfacet
  facet normal 0.27737124053818224 0.7752006857775995 -0.5675641740739535
    outer loop
      vertex -0.9455844122715709 43.44558441227158 3.25
      vertex -1.5967214375547782 41.29907330643054 0
      vertex -1.8039809150843682 41.37323193328729 0
    endloop
  endfacet
  facet normal 0.12080747851153473 0.8144178666037698 -0.5675641740739535
    outer loop
      vertex -0.9455844122715709 43.44558441227158 3.25
      vertex -1.1654464793451633 41.21328738350151 0
      vertex -1.3831911545240059 41.24558675492538 0
    endloop
  endfacet
  facet normal 0.04039884716467783 0.8223374255471508 -0.5675641740739538
    outer loop
      vertex -0.9455844122715709 43.44558441227158 3.25
      vertex -0.9455844122715709 41.20248625276238 0
      vertex -1.1654464793451633 41.21328738350151 0
    endloop
  endfacet
  facet normal -0.04039884716467781 0.8223374255471508 -0.5675641740739538
    outer loop
      vertex -0.9455844122715709 43.44558441227158 3.25
      vertex -0.7257223451979783 41.21328738350151 0
      vertex -0.9455844122715709 41.20248625276238 0
    endloop
  endfacet
  facet normal -0.12080747851153487 0.8144178666037699 -0.5675641740739537
    outer loop
      vertex -0.9455844122715709 43.44558441227158 3.25
      vertex -0.507977670019136 41.24558675492538 0
      vertex -0.7257223451979783 41.21328738350151 0
    endloop
  endfacet
  facet normal -0.2000526678002679 0.7986550183988993 -0.567564174073954
    outer loop
      vertex -0.9455844122715709 43.44558441227158 3.25
      vertex -0.29444738698836354 41.29907330643054 0
      vertex -0.507977670019136 41.24558675492538 0
    endloop
  endfacet
  facet normal -0.2773712405381824 0.7752006857775995 -0.5675641740739537
    outer loop
      vertex -0.9455844122715709 43.44558441227158 3.25
      vertex -0.08718790945877365 41.37323193328729 0
      vertex -0.29444738698836354 41.29907330643054 0
    endloop
  endfacet
  facet normal -0.3520185766031435 0.7442807467844698 -0.5675641740739532
    outer loop
      vertex -0.9455844122715709 43.44558441227158 3.25
      vertex 0.0577540075772413 41.44178435459549 0
      vertex -0.08718790945877365 41.37323193328729 0
    endloop
  endfacet
  facet normal -0.3520185766030991 0.744280746784491 -0.567564174073953
    outer loop
      vertex -0.9455844122715709 43.44558441227158 3.25
      vertex 0.11180474050146828 41.467348447379756 0
      vertex 0.0577540075772413 41.44178435459549 0
    endloop
  endfacet
  facet normal -0.42327578134248994 0.7061929773345635 -0.5675641740739539
    outer loop
      vertex -0.9455844122715709 43.44558441227158 3.25
      vertex 0.3006141548927975 41.58051645522791 0
      vertex 0.11180474050146828 41.467348447379756 0
    endloop
  endfacet
  facet normal -0.4904566089214536 0.6613041834685597 -0.5675641740739542
    outer loop
      vertex -0.9455844122715709 43.44558441227158 3.25
      vertex 0.47742199584090084 41.71164608705225 0
      vertex 0.3006141548927975 41.58051645522791 0
    endloop
  endfacet
  facet normal -0.5529140712456196 0.6100466688101367 -0.5675641740739537
    outer loop
      vertex -0.9455844122715709 43.44558441227158 3.25
      vertex 0.6405255071844504 41.85947449281556 0
      vertex 0.47742199584090084 41.71164608705225 0
    endloop
  endfacet
  facet normal -0.6100466688101217 0.5529140712456354 -0.5675641740739544
    outer loop
      vertex -0.9455844122715709 43.44558441227158 3.25
      vertex 0.7883539129477586 42.0225780041591 0
      vertex 0.6405255071844504 41.85947449281556 0
    endloop
  endfacet
  facet normal -0.6613041834685726 0.490456608921436 -0.5675641740739544
    outer loop
      vertex -0.9455844122715709 43.44558441227158 3.25
      vertex 0.9194835447720984 42.19938584510721 0
      vertex 0.7883539129477586 42.0225780041591 0
    endloop
  endfacet
  facet normal -0.706192977334559 0.42327578134249677 -0.5675641740739542
    outer loop
      vertex -0.9455844122715709 43.44558441227158 3.25
      vertex 1.032651552620253 42.38819525949854 0
      vertex 0.9194835447720984 42.19938584510721 0
    endloop
  endfacet
  facet normal -0.7442807467844739 0.3520185766031345 -0.5675641740739535
    outer loop
      vertex -0.9455844122715709 43.44558441227158 3.25
      vertex 1.085531256655116 42.50000000000001 0
      vertex 1.032651552620253 42.38819525949854 0
    endloop
  endfacet
  facet normal -0.744280746784472 0.35201857660313784 -0.567564174073954
    outer loop
      vertex 1.085531256655116 42.50000000000001 0
      vertex -0.9455844122715709 43.44558441227158 3.25
      vertex 1.1267680667127187 42.587187909458784 0
    endloop
  endfacet
  facet normal -0.7752006857776009 0.2773712405381773 -0.5675641740739541
    outer loop
      vertex -0.9455844122715709 43.44558441227158 3.25
      vertex 1.2009266935694651 42.79444738698837 0
      vertex 1.1267680667127187 42.587187909458784 0
    endloop
  endfacet
  facet normal -0.7986550183988997 0.20005266780026595 -0.5675641740739542
    outer loop
      vertex -0.9455844122715709 43.44558441227158 3.25
      vertex 1.2544132450746324 43.007977670019145 0
      vertex 1.2009266935694651 42.79444738698837 0
    endloop
  endfacet
  facet normal -0.8144178666037681 0.12080747851154482 -0.5675641740739539
    outer loop
      vertex -0.9455844122715709 43.44558441227158 3.25
      vertex 1.2867126164985025 43.22572234519799 0
      vertex 1.2544132450746324 43.007977670019145 0
    endloop
  endfacet
  facet normal -0.8223374255471512 0.040398847164666685 -0.5675641740739541
    outer loop
      vertex -0.9455844122715709 43.44558441227158 3.25
      vertex 1.2975137472376317 43.44558441227158 0
      vertex 1.2867126164985025 43.22572234519799 0
    endloop
  endfacet
  facet normal -0.8223374255471512 -0.040398847164666685 -0.5675641740739541
    outer loop
      vertex -0.9455844122715709 43.44558441227158 3.25
      vertex 1.2867126164985025 43.66544647934517 0
      vertex 1.2975137472376317 43.44558441227158 0
    endloop
  endfacet
  facet normal -0.8144178666037681 -0.12080747851154482 -0.5675641740739539
    outer loop
      vertex -0.9455844122715709 43.44558441227158 3.25
      vertex 1.2544132450746324 43.88319115452401 0
      vertex 1.2867126164985025 43.66544647934517 0
    endloop
  endfacet
  facet normal -0.7986550183988997 -0.20005266780026595 -0.5675641740739542
    outer loop
      vertex -0.9455844122715709 43.44558441227158 3.25
      vertex 1.2009266935694651 44.09672143755479 0
      vertex 1.2544132450746324 43.88319115452401 0
    endloop
  endfacet
  facet normal 0.7752006857776003 -0.2773712405381791 -0.5675641740739541
    outer loop
      vertex -0.9455844122715709 43.44558441227158 3.25
      vertex -3.092095518112607 44.09672143755479 0
      vertex -3.0179368912558604 44.303980915084374 0
    endloop
  endfacet
  facet normal 0.7442807467844738 -0.35201857660313357 -0.5675641740739542
    outer loop
      vertex -0.9455844122715709 43.44558441227158 3.25
      vertex -3.0179368912558604 44.303980915084374 0
      vertex -2.9238203771633953 44.50297356504462 0
    endloop
  endfacet
  facet normal 0.7061929773345587 -0.42327578134249755 -0.5675641740739542
    outer loop
      vertex -0.9455844122715709 43.44558441227158 3.25
      vertex -2.9238203771633953 44.50297356504462 0
      vertex -2.8106523693152403 44.69178297943595 0
    endloop
  endfacet
  facet normal 0.6613041834685721 -0.4904566089214366 -0.5675641740739545
    outer loop
      vertex -0.9455844122715709 43.44558441227158 3.25
      vertex -2.8106523693152403 44.69178297943595 0
      vertex -2.6795227374909003 44.86859082038406 0
    endloop
  endfacet
  facet normal 0.6100466688101222 -0.5529140712456347 -0.5675641740739548
    outer loop
      vertex -0.9455844122715709 43.44558441227158 3.25
      vertex -2.6795227374909003 44.86859082038406 0
      vertex -2.5316943317275924 45.0316943317276 0
    endloop
  endfacet
  facet normal 0.5529140712456185 -0.6100466688101375 -0.567564174073954
    outer loop
      vertex -0.9455844122715709 43.44558441227158 3.25
      vertex -2.5316943317275924 45.0316943317276 0
      vertex -2.3685908203840422 45.179522737490906 0
    endloop
  endfacet
  facet normal 0.4904566089214533 -0.6613041834685603 -0.5675641740739539
    outer loop
      vertex -0.9455844122715709 43.44558441227158 3.25
      vertex -2.3685908203840422 45.179522737490906 0
      vertex -2.191782979435939 45.31065236931525 0
    endloop
  endfacet
  facet normal 0.4232757813424901 -0.7061929773345633 -0.5675641740739538
    outer loop
      vertex -0.9455844122715709 43.44558441227158 3.25
      vertex -2.191782979435939 45.31065236931525 0
      vertex -2.0029735650446097 45.4238203771634 0
    endloop
  endfacet
  facet normal 0.35201857660313207 -0.7442807467844749 -0.5675641740739537
    outer loop
      vertex -0.9455844122715709 43.44558441227158 3.25
      vertex -2.0029735650446097 45.4238203771634 0
      vertex -1.8039809150843682 45.517936891255864 0
    endloop
  endfacet
  facet normal 0.27737124053818224 -0.7752006857775995 -0.5675641740739535
    outer loop
      vertex -0.9455844122715709 43.44558441227158 3.25
      vertex -1.8039809150843682 45.517936891255864 0
      vertex -1.5967214375547782 45.592095518112615 0
    endloop
  endfacet
  facet normal 0.200052667800268 -0.7986550183988993 -0.5675641740739541
    outer loop
      vertex -0.9455844122715709 43.44558441227158 3.25
      vertex -1.5967214375547782 45.592095518112615 0
      vertex -1.3831911545240059 45.64558206961778 0
    endloop
  endfacet
  facet normal 0.12080747851153473 -0.8144178666037698 -0.5675641740739535
    outer loop
      vertex -0.9455844122715709 43.44558441227158 3.25
      vertex -1.3831911545240059 45.64558206961778 0
      vertex -1.1654464793451633 45.67788144104165 0
    endloop
  endfacet
  facet normal 0.04039884716467783 -0.8223374255471508 -0.5675641740739538
    outer loop
      vertex -0.9455844122715709 43.44558441227158 3.25
      vertex -1.1654464793451633 45.67788144104165 0
      vertex -0.9455844122715709 45.68868257178078 0
    endloop
  endfacet
  facet normal -0.12080747851153487 -0.8144178666037699 -0.5675641740739537
    outer loop
      vertex -0.9455844122715709 43.44558441227158 3.25
      vertex -0.7257223451979783 45.67788144104165 0
      vertex -0.507977670019136 45.64558206961778 0
    endloop
  endfacet
  facet normal -0.04039884716467781 -0.8223374255471508 -0.5675641740739538
    outer loop
      vertex -0.9455844122715709 43.44558441227158 3.25
      vertex -0.9455844122715709 45.68868257178078 0
      vertex -0.7257223451979783 45.67788144104165 0
    endloop
  endfacet
  facet normal -0.2000526678002679 -0.7986550183988993 -0.567564174073954
    outer loop
      vertex -0.9455844122715709 43.44558441227158 3.25
      vertex -0.507977670019136 45.64558206961778 0
      vertex -0.29444738698836354 45.592095518112615 0
    endloop
  endfacet
  facet normal -0.42327578134248994 -0.7061929773345635 -0.5675641740739539
    outer loop
      vertex -0.9455844122715709 43.44558441227158 3.25
      vertex 0.11180474050146828 45.4238203771634 0
      vertex 0.3006141548927975 45.31065236931525 0
    endloop
  endfacet
  facet normal -0.3520185766031313 -0.7442807467844752 -0.5675641740739537
    outer loop
      vertex -0.9455844122715709 43.44558441227158 3.25
      vertex -0.08718790945877365 45.517936891255864 0
      vertex 0.11180474050146828 45.4238203771634 0
    endloop
  endfacet
  facet normal -0.2773712405381824 -0.7752006857775995 -0.5675641740739537
    outer loop
      vertex -0.9455844122715709 43.44558441227158 3.25
      vertex -0.29444738698836354 45.592095518112615 0
      vertex -0.08718790945877365 45.517936891255864 0
    endloop
  endfacet
  facet normal -0.7752006857776009 -0.2773712405381773 -0.5675641740739541
    outer loop
      vertex -0.9455844122715709 43.44558441227158 3.25
      vertex 1.1267680667127187 44.303980915084374 0
      vertex 1.2009266935694651 44.09672143755479 0
    endloop
  endfacet
  facet normal -0.7442807467844732 -0.35201857660313535 -0.567564174073954
    outer loop
      vertex -0.9455844122715709 43.44558441227158 3.25
      vertex 1.032651552620253 44.50297356504462 0
      vertex 1.1267680667127187 44.303980915084374 0
    endloop
  endfacet
  facet normal -0.706192977334559 -0.42327578134249677 -0.5675641740739542
    outer loop
      vertex -0.9455844122715709 43.44558441227158 3.25
      vertex 0.9194835447720984 44.69178297943595 0
      vertex 1.032651552620253 44.50297356504462 0
    endloop
  endfacet
  facet normal -0.6100466688101217 -0.5529140712456354 -0.5675641740739544
    outer loop
      vertex -0.9455844122715709 43.44558441227158 3.25
      vertex 0.6405255071844504 45.0316943317276 0
      vertex 0.7883539129477586 44.86859082038406 0
    endloop
  endfacet
  facet normal -0.5529140712456196 -0.6100466688101367 -0.5675641740739537
    outer loop
      vertex -0.9455844122715709 43.44558441227158 3.25
      vertex 0.47742199584090084 45.179522737490906 0
      vertex 0.6405255071844504 45.0316943317276 0
    endloop
  endfacet
  facet normal -0.6613041834685726 -0.490456608921436 -0.5675641740739544
    outer loop
      vertex -0.9455844122715709 43.44558441227158 3.25
      vertex 0.7883539129477586 44.86859082038406 0
      vertex 0.9194835447720984 44.69178297943595 0
    endloop
  endfacet
  facet normal -0.4904566089214536 -0.6613041834685597 -0.5675641740739542
    outer loop
      vertex -0.9455844122715709 43.44558441227158 3.25
      vertex 0.3006141548927975 45.31065236931525 0
      vertex 0.47742199584090084 45.179522737490906 0
    endloop
  endfacet
  facet normal 0.42327578134249005 0.7061929773345632 -0.5675641740739542
    outer loop
      vertex 85.82558441227157 43.44558441227158 3.25
      vertex 84.76819525949853 41.467348447379756 0
      vertex 84.5793858451072 41.58051645522791 0
    endloop
  endfacet
  facet normal 0.3520185766031432 0.7442807467844691 -0.5675641740739544
    outer loop
      vertex 85.82558441227157 43.44558441227158 3.25
      vertex 84.88 41.41446874334489 0
      vertex 84.76819525949853 41.467348447379756 0
    endloop
  endfacet
  facet normal 0.35201857660310215 0.7442807467844886 -0.5675641740739542
    outer loop
      vertex 85.82558441227157 43.44558441227158 3.25
      vertex 84.96718790945877 41.37323193328729 0
      vertex 84.88 41.41446874334489 0
    endloop
  endfacet
  facet normal 0.27737124053818263 0.7752006857775995 -0.5675641740739535
    outer loop
      vertex 85.82558441227157 43.44558441227158 3.25
      vertex 85.17444738698836 41.29907330643054 0
      vertex 84.96718790945877 41.37323193328729 0
    endloop
  endfacet
  facet normal 0.2000526678002756 0.7986550183988974 -0.567564174073954
    outer loop
      vertex 85.82558441227157 43.44558441227158 3.25
      vertex 85.38797767001913 41.24558675492538 0
      vertex 85.17444738698836 41.29907330643054 0
    endloop
  endfacet
  facet normal 0.12080747851153101 0.8144178666037705 -0.5675641740739538
    outer loop
      vertex 85.82558441227157 43.44558441227158 3.25
      vertex 85.60572234519798 41.21328738350151 0
      vertex 85.38797767001913 41.24558675492538 0
    endloop
  endfacet
  facet normal 0.040398847164677905 0.8223374255471508 -0.5675641740739538
    outer loop
      vertex 85.82558441227157 43.44558441227158 3.25
      vertex 85.82558441227157 41.20248625276238 0
      vertex 85.60572234519798 41.21328738350151 0
    endloop
  endfacet
  facet normal -0.040398847164677905 0.8223374255471508 -0.5675641740739538
    outer loop
      vertex 85.82558441227157 43.44558441227158 3.25
      vertex 86.04544647934516 41.21328738350151 0
      vertex 85.82558441227157 41.20248625276238 0
    endloop
  endfacet
  facet normal -0.12080747851153101 0.8144178666037705 -0.5675641740739538
    outer loop
      vertex 85.82558441227157 43.44558441227158 3.25
      vertex 86.26319115452401 41.24558675492538 0
      vertex 86.04544647934516 41.21328738350151 0
    endloop
  endfacet
  facet normal -0.2000526678002756 0.7986550183988974 -0.567564174073954
    outer loop
      vertex 85.82558441227157 43.44558441227158 3.25
      vertex 86.47672143755477 41.29907330643054 0
      vertex 86.26319115452401 41.24558675492538 0
    endloop
  endfacet
  facet normal -0.27737124053818263 0.7752006857775995 -0.5675641740739535
    outer loop
      vertex 85.82558441227157 43.44558441227158 3.25
      vertex 86.68398091508436 41.37323193328729 0
      vertex 86.47672143755477 41.29907330643054 0
    endloop
  endfacet
  facet normal -0.3520185766031254 0.7442807467844782 -0.5675641740739537
    outer loop
      vertex 85.82558441227157 43.44558441227158 3.25
      vertex 86.88297356504461 41.467348447379756 0
      vertex 86.68398091508436 41.37323193328729 0
    endloop
  endfacet
  facet normal 0.6613041834685989 0.49045660892140014 -0.5675641740739549
    outer loop
      vertex 85.82558441227157 43.44558441227158 3.25
      vertex 84.04692705186237 42.082874643074355 0
      vertex 83.9605164552279 42.19938584510721 0
    endloop
  endfacet
  facet normal 0.5529140712456185 0.6100466688101375 -0.567564174073954
    outer loop
      vertex 85.82558441227157 43.44558441227158 3.25
      vertex 84.4025780041591 41.71164608705225 0
      vertex 84.23947449281555 41.85947449281556 0
    endloop
  endfacet
  facet normal 0.49045660892145815 0.6613041834685566 -0.5675641740739539
    outer loop
      vertex 85.82558441227157 43.44558441227158 3.25
      vertex 84.5793858451072 41.58051645522791 0
      vertex 84.4025780041591 41.71164608705225 0
    endloop
  endfacet
  facet normal 0.6100466688100985 0.5529140712456604 -0.5675641740739552
    outer loop
      vertex 85.82558441227157 43.44558441227158 3.25
      vertex 84.23947449281555 41.85947449281556 0
      vertex 84.09164608705223 42.0225780041591 0
    endloop
  endfacet
  facet normal 0.6613041834686131 0.4904566089213812 -0.5675641740739545
    outer loop
      vertex 84.04692705186237 42.082874643074355 0
      vertex 85.82558441227157 43.44558441227158 3.25
      vertex 84.09164608705223 42.0225780041591 0
    endloop
  endfacet
  facet normal 0.7061929773345517 0.4232757813425097 -0.5675641740739537
    outer loop
      vertex 85.82558441227157 43.44558441227158 3.25
      vertex 83.9605164552279 42.19938584510721 0
      vertex 83.84734844737974 42.38819525949854 0
    endloop
  endfacet
  facet normal 0.7442807467844568 0.3520185766031685 -0.5675641740739548
    outer loop
      vertex 85.82558441227157 43.44558441227158 3.25
      vertex 83.84734844737974 42.38819525949854 0
      vertex 83.75323193328727 42.587187909458784 0
    endloop
  endfacet
  facet normal 0.7752006857776212 0.2773712405381202 -0.5675641740739544
    outer loop
      vertex 85.82558441227157 43.44558441227158 3.25
      vertex 83.75323193328727 42.587187909458784 0
      vertex 83.67907330643054 42.79444738698837 0
    endloop
  endfacet
  facet normal 0.7986550183988946 0.2000526678002882 -0.5675641740739533
    outer loop
      vertex 85.82558441227157 43.44558441227158 3.25
      vertex 83.67907330643054 42.79444738698837 0
      vertex 83.62558675492537 43.007977670019145 0
    endloop
  endfacet
  facet normal 0.8144178666037656 0.1208074785115608 -0.5675641740739542
    outer loop
      vertex 85.82558441227157 43.44558441227158 3.25
      vertex 83.62558675492537 43.007977670019145 0
      vertex 83.59328738350149 43.22572234519799 0
    endloop
  endfacet
  facet normal 0.8223374255471516 0.04039884716465137 -0.5675641740739543
    outer loop
      vertex 85.82558441227157 43.44558441227158 3.25
      vertex 83.59328738350149 43.22572234519799 0
      vertex 83.58248625276237 43.44558441227158 0
    endloop
  endfacet
  facet normal 0.8223374255471516 -0.04039884716465137 -0.5675641740739543
    outer loop
      vertex 85.82558441227157 43.44558441227158 3.25
      vertex 83.58248625276237 43.44558441227158 0
      vertex 83.59328738350149 43.66544647934517 0
    endloop
  endfacet
  facet normal 0.8144178666037656 -0.1208074785115608 -0.5675641740739542
    outer loop
      vertex 85.82558441227157 43.44558441227158 3.25
      vertex 83.59328738350149 43.66544647934517 0
      vertex 83.62558675492537 43.88319115452401 0
    endloop
  endfacet
  facet normal 0.7986550183988946 -0.2000526678002882 -0.5675641740739533
    outer loop
      vertex 85.82558441227157 43.44558441227158 3.25
      vertex 83.62558675492537 43.88319115452401 0
      vertex 83.67907330643054 44.09672143755479 0
    endloop
  endfacet
  facet normal -0.42327578134249005 0.7061929773345632 -0.5675641740739542
    outer loop
      vertex 85.82558441227157 43.44558441227158 3.25
      vertex 87.07178297943594 41.58051645522791 0
      vertex 86.88297356504461 41.467348447379756 0
    endloop
  endfacet
  facet normal -0.49045660892145815 0.6613041834685566 -0.5675641740739539
    outer loop
      vertex 85.82558441227157 43.44558441227158 3.25
      vertex 87.24859082038404 41.71164608705225 0
      vertex 87.07178297943594 41.58051645522791 0
    endloop
  endfacet
  facet normal -0.5529140712456185 0.6100466688101375 -0.567564174073954
    outer loop
      vertex 85.82558441227157 43.44558441227158 3.25
      vertex 87.41169433172759 41.85947449281556 0
      vertex 87.24859082038404 41.71164608705225 0
    endloop
  endfacet
  facet normal -0.6100466688100985 0.5529140712456604 -0.5675641740739552
    outer loop
      vertex 85.82558441227157 43.44558441227158 3.25
      vertex 87.55952273749091 42.0225780041591 0
      vertex 87.41169433172759 41.85947449281556 0
    endloop
  endfacet
  facet normal -0.6613041834686038 0.4904566089213937 -0.5675641740739547
    outer loop
      vertex 85.82558441227157 43.44558441227158 3.25
      vertex 87.69065236931523 42.19938584510721 0
      vertex 87.55952273749091 42.0225780041591 0
    endloop
  endfacet
  facet normal -0.7061929773345517 0.4232757813425097 -0.5675641740739537
    outer loop
      vertex 85.82558441227157 43.44558441227158 3.25
      vertex 87.80382037716339 42.38819525949854 0
      vertex 87.69065236931523 42.19938584510721 0
    endloop
  endfacet
  facet normal -0.7442807467844568 0.3520185766031685 -0.5675641740739548
    outer loop
      vertex 85.82558441227157 43.44558441227158 3.25
      vertex 87.89793689125587 42.587187909458784 0
      vertex 87.80382037716339 42.38819525949854 0
    endloop
  endfacet
  facet normal -0.7752006857776212 0.2773712405381202 -0.5675641740739544
    outer loop
      vertex 85.82558441227157 43.44558441227158 3.25
      vertex 87.9720955181126 42.79444738698837 0
      vertex 87.89793689125587 42.587187909458784 0
    endloop
  endfacet
  facet normal -0.7986550183988931 0.20005266780029443 -0.5675641740739535
    outer loop
      vertex 85.82558441227157 43.44558441227158 3.25
      vertex 88.02558206961777 43.00797767001914 0
      vertex 87.9720955181126 42.79444738698837 0
    endloop
  endfacet
  facet normal -0.8144178666037661 0.12080747851155695 -0.5675641740739543
    outer loop
      vertex 85.82558441227157 43.44558441227158 3.25
      vertex 88.05788144104164 43.22572234519799 0
      vertex 88.02558206961777 43.00797767001914 0
    endloop
  endfacet
  facet normal -0.8223374255471516 0.04039884716465137 -0.5675641740739543
    outer loop
      vertex 85.82558441227157 43.44558441227158 3.25
      vertex 88.06868257178077 43.44558441227158 0
      vertex 88.05788144104164 43.22572234519799 0
    endloop
  endfacet
  facet normal -0.8223374255471516 -0.04039884716465137 -0.5675641740739543
    outer loop
      vertex 85.82558441227157 43.44558441227158 3.25
      vertex 88.05788144104164 43.66544647934517 0
      vertex 88.06868257178077 43.44558441227158 0
    endloop
  endfacet
  facet normal -0.8144178666037656 -0.1208074785115608 -0.5675641740739542
    outer loop
      vertex 85.82558441227157 43.44558441227158 3.25
      vertex 88.02558206961777 43.88319115452401 0
      vertex 88.05788144104164 43.66544647934517 0
    endloop
  endfacet
  facet normal -0.7986550183988946 -0.2000526678002882 -0.5675641740739533
    outer loop
      vertex 85.82558441227157 43.44558441227158 3.25
      vertex 87.9720955181126 44.09672143755479 0
      vertex 88.02558206961777 43.88319115452401 0
    endloop
  endfacet
  facet normal 0.7752006857776212 -0.2773712405381202 -0.5675641740739544
    outer loop
      vertex 85.82558441227157 43.44558441227158 3.25
      vertex 83.67907330643054 44.09672143755479 0
      vertex 83.75323193328727 44.303980915084374 0
    endloop
  endfacet
  facet normal 0.7442807467844568 -0.3520185766031685 -0.5675641740739548
    outer loop
      vertex 85.82558441227157 43.44558441227158 3.25
      vertex 83.75323193328727 44.303980915084374 0
      vertex 83.84734844737974 44.50297356504462 0
    endloop
  endfacet
  facet normal 0.7061929773345517 -0.4232757813425097 -0.5675641740739537
    outer loop
      vertex 85.82558441227157 43.44558441227158 3.25
      vertex 83.84734844737974 44.50297356504462 0
      vertex 83.9605164552279 44.69178297943595 0
    endloop
  endfacet
  facet normal 0.6613041834686038 -0.4904566089213937 -0.5675641740739547
    outer loop
      vertex 85.82558441227157 43.44558441227158 3.25
      vertex 83.9605164552279 44.69178297943595 0
      vertex 84.09164608705223 44.86859082038406 0
    endloop
  endfacet
  facet normal 0.6100466688100985 -0.5529140712456604 -0.5675641740739552
    outer loop
      vertex 85.82558441227157 43.44558441227158 3.25
      vertex 84.09164608705223 44.86859082038406 0
      vertex 84.23947449281555 45.0316943317276 0
    endloop
  endfacet
  facet normal 0.5529140712456185 -0.6100466688101375 -0.567564174073954
    outer loop
      vertex 85.82558441227157 43.44558441227158 3.25
      vertex 84.23947449281555 45.0316943317276 0
      vertex 84.4025780041591 45.179522737490906 0
    endloop
  endfacet
  facet normal 0.49045660892145815 -0.6613041834685566 -0.5675641740739539
    outer loop
      vertex 85.82558441227157 43.44558441227158 3.25
      vertex 84.4025780041591 45.179522737490906 0
      vertex 84.5793858451072 45.31065236931525 0
    endloop
  endfacet
  facet normal 0.42327578134249005 -0.7061929773345632 -0.5675641740739542
    outer loop
      vertex 85.82558441227157 43.44558441227158 3.25
      vertex 84.5793858451072 45.31065236931525 0
      vertex 84.76819525949853 45.4238203771634 0
    endloop
  endfacet
  facet normal 0.3520185766031254 -0.7442807467844782 -0.5675641740739537
    outer loop
      vertex 85.82558441227157 43.44558441227158 3.25
      vertex 84.76819525949853 45.4238203771634 0
      vertex 84.96718790945877 45.517936891255864 0
    endloop
  endfacet
  facet normal 0.27737124053818263 -0.7752006857775995 -0.5675641740739535
    outer loop
      vertex 85.82558441227157 43.44558441227158 3.25
      vertex 84.96718790945877 45.517936891255864 0
      vertex 85.17444738698836 45.592095518112615 0
    endloop
  endfacet
  facet normal 0.2000526678002756 -0.7986550183988974 -0.567564174073954
    outer loop
      vertex 85.82558441227157 43.44558441227158 3.25
      vertex 85.17444738698836 45.592095518112615 0
      vertex 85.38797767001913 45.64558206961778 0
    endloop
  endfacet
  facet normal 0.12080747851153101 -0.8144178666037705 -0.5675641740739538
    outer loop
      vertex 85.82558441227157 43.44558441227158 3.25
      vertex 85.38797767001913 45.64558206961778 0
      vertex 85.60572234519798 45.67788144104165 0
    endloop
  endfacet
  facet normal 0.040398847164677905 -0.8223374255471508 -0.5675641740739538
    outer loop
      vertex 85.82558441227157 43.44558441227158 3.25
      vertex 85.60572234519798 45.67788144104165 0
      vertex 85.82558441227157 45.68868257178078 0
    endloop
  endfacet
  facet normal -0.040398847164677905 -0.8223374255471508 -0.5675641740739538
    outer loop
      vertex 85.82558441227157 43.44558441227158 3.25
      vertex 85.82558441227157 45.68868257178078 0
      vertex 86.04544647934516 45.67788144104165 0
    endloop
  endfacet
  facet normal -0.12080747851153101 -0.8144178666037705 -0.5675641740739538
    outer loop
      vertex 85.82558441227157 43.44558441227158 3.25
      vertex 86.04544647934516 45.67788144104165 0
      vertex 86.26319115452401 45.64558206961778 0
    endloop
  endfacet
  facet normal -0.3520185766031254 -0.7442807467844782 -0.5675641740739537
    outer loop
      vertex 85.82558441227157 43.44558441227158 3.25
      vertex 86.68398091508436 45.517936891255864 0
      vertex 86.88297356504461 45.4238203771634 0
    endloop
  endfacet
  facet normal -0.2000526678002756 -0.7986550183988974 -0.567564174073954
    outer loop
      vertex 85.82558441227157 43.44558441227158 3.25
      vertex 86.26319115452401 45.64558206961778 0
      vertex 86.47672143755477 45.592095518112615 0
    endloop
  endfacet
  facet normal -0.27737124053818263 -0.7752006857775995 -0.5675641740739535
    outer loop
      vertex 85.82558441227157 43.44558441227158 3.25
      vertex 86.47672143755477 45.592095518112615 0
      vertex 86.68398091508436 45.517936891255864 0
    endloop
  endfacet
  facet normal -0.7442807467844568 -0.3520185766031685 -0.5675641740739548
    outer loop
      vertex 85.82558441227157 43.44558441227158 3.25
      vertex 87.80382037716339 44.50297356504462 0
      vertex 87.89793689125587 44.303980915084374 0
    endloop
  endfacet
  facet normal -0.7061929773345517 -0.4232757813425097 -0.5675641740739537
    outer loop
      vertex 85.82558441227157 43.44558441227158 3.25
      vertex 87.69065236931523 44.69178297943595 0
      vertex 87.80382037716339 44.50297356504462 0
    endloop
  endfacet
  facet normal -0.5529140712456185 -0.6100466688101375 -0.567564174073954
    outer loop
      vertex 85.82558441227157 43.44558441227158 3.25
      vertex 87.24859082038404 45.179522737490906 0
      vertex 87.41169433172759 45.0316943317276 0
    endloop
  endfacet
  facet normal -0.6613041834686038 -0.4904566089213937 -0.5675641740739547
    outer loop
      vertex 85.82558441227157 43.44558441227158 3.25
      vertex 87.55952273749091 44.86859082038406 0
      vertex 87.69065236931523 44.69178297943595 0
    endloop
  endfacet
  facet normal -0.6100466688100985 -0.5529140712456604 -0.5675641740739552
    outer loop
      vertex 85.82558441227157 43.44558441227158 3.25
      vertex 87.41169433172759 45.0316943317276 0
      vertex 87.55952273749091 44.86859082038406 0
    endloop
  endfacet
  facet normal -0.7752006857776212 -0.2773712405381202 -0.5675641740739544
    outer loop
      vertex 85.82558441227157 43.44558441227158 3.25
      vertex 87.89793689125587 44.303980915084374 0
      vertex 87.9720955181126 44.09672143755479 0
    endloop
  endfacet
  facet normal -0.42327578134249005 -0.7061929773345632 -0.5675641740739542
    outer loop
      vertex 85.82558441227157 43.44558441227158 3.25
      vertex 86.88297356504461 45.4238203771634 0
      vertex 87.07178297943594 45.31065236931525 0
    endloop
  endfacet
  facet normal -0.49045660892145815 -0.6613041834685566 -0.5675641740739539
    outer loop
      vertex 85.82558441227157 43.44558441227158 3.25
      vertex 87.07178297943594 45.31065236931525 0
      vertex 87.24859082038404 45.179522737490906 0
    endloop
  endfacet
endsolid OpenSCAD_Model
